<doc><id>10</id><url>http://www.chinanews.com/cj/2020/03-03/9112710.shtml</url><title>贵州茅台换帅 推荐高卫东为董事长人选</title><datetime>2020-3-3 23:30:00</datetime><body>	中新网贵阳3月3日电(袁超)贵州茅台酒股份有限公司董事会3日晚发布公告称，根据贵州省人民政府相关文件，推荐高卫东为贵州茅台酒股份有限公司董事、董事长人选，建议李保芳不再担任公司董事长、董事职务。
	贵州茅台酒股份有限公司将按照法律、法规和《公司章程》的规定，尽快召开董事会会议、股东大会对上述职务调整进行审议，待董事会会议、股东大会审议通过后生效。
	公告中附带的高卫东简历显示，2020年3月，高卫东已接任贵州茅台母公司中国贵州茅台酒厂(集团)有限责任公司党委书记、董事长。
	高卫东简历
	高卫东，男，汉族，籍贯河南邓州，1972年11月出生，1993年7月参加工作，1997年12月加入中国共产党，研究生学历，项目管理硕士，现任中国贵州茅台酒厂(集团)有限责任公司党委书记、董事长；十二届省委委员。
	基本履历如下：
	1990.09--1993.07贵州工学院土建系工民建专业学习
	1993.07--1998.04贵州省贵阳经济技术开发区规划建设环保局干部、局长助理
	1998.04--1999.02贵州省贵阳经济技术开发区规划建设环保局副局长
	1999.02--2000.10贵州省贵阳经济技术开发区规划建设环保局局长2000.10--2003.10贵州省贵阳市小河区副区长(1999.09--2002.05在贵州省委党校法律专业学习)
	2003.10--2006.09贵州省贵阳市小河区副区长、贵阳经济技术开发区管委会副主任(其间：2004.04--2006.03在贵州工业大学与加拿大魁北克大学席库提米分校合作举办的项目管理硕士学位课程班学习)
	2006.09--2009.03贵州省贵阳市金阳新区开发建设有限公司党委书记、董事长，贵阳市金阳新区管理委员会副主任(兼)
	2009.03--2009.06贵州省贵阳市金阳建设投资(集团)有限公司董事长(2008.06--2009.06在清华大学总裁工商管理高级研修班第三期贵州班学习)
	2009.06--2010.01贵州省贵阳市金阳建设投资(集团)有限公司党委书记、董事长
	2010.01--2011.12贵州省贵阳市交通运输局局长
	2011.12--2012.02贵阳市人民政府党组成员(保留正县级)
	2012.02--2012.10贵州省贵阳市副市长
	2012.10--2014.10贵州省贵阳市副市长，贵州贵安新区管委会副主任(兼)(其间：2013.06--2013.07在全国市长研修学院提高城市规划与交通治理能力专题研究班学习)2014.10--2016.08贵州省贵阳市副市长，贵州贵安新区管委会副主任(兼)，贵州双龙临空经济区党工委副书记(分管常务工作)，管委会主任(法人代表)2016.08--2017.02贵州省贵阳市副市长，贵州双龙临空经济区党工委副书记(分管常务工作)，管委会主任(法人代表)(其间：
	2016.09--2016.09在交通运输部管理干部学院推进智慧交通发展专题研究班学习)
	2017.02--2018.01贵州省交通运输厅党委书记、副厅长
	2018.01--2018.10贵州省交通运输厅厅长、党委书记
	2018.10--2020.03贵州省交通运输厅(省交通战备办公室)厅长(主任)、省交通运输厅党委书记
	2020.03--中国贵州茅台酒厂(集团)有限责任公司党委书记、董事长。(完)
【编辑:于晓】
</body></doc>