<doc><id>10000</id><url>http://www.chinanews.com/tw/2020/03-24/9136064.shtml</url><title>台湾新增20例境外输入病例 滞湖北台胞返台须居家检疫</title><datetime>2020-3-24 17:07:00</datetime><body>	(抗击新冠肺炎)台湾新增20例境外输入病例滞湖北台胞返台须居家检疫
	中新社台北3月24日电台湾“流行疫情指挥中心”24日宣布，台湾新增20例新冠肺炎确诊病例，皆为境外输入。目前全台累计215人确诊。
	综合中央社、《联合报》等媒体报道，新增境外输入病例分别有英国、爱尔兰、意大利、土耳其、印尼、西班牙、法国、美国、泰国、德国、保加利亚、比利时等国活动史。
	近来，民进党当局对滞留湖北台胞采取“注记管制”，要求必须以专机方式入境，并集中检疫。在两批滞留湖北台胞返台后，目前仍有1300余位台胞滞留当地。湖北省24日宣布，25日零时起，武汉市以外地区解除离鄂通道管控，武汉市也将在4月8日解除封城。
	“流行疫情指挥中心”负责人指出，在湖北的台湾人都有“注记”，湖北解封后回台待遇跟其他地区来台者一样，须居家检疫14天。
	此外，第二批361名滞留湖北台胞乘坐两岸临时航班返台后，采检均为阴性，将于25日陆续解除隔离。“流行疫情指挥中心”负责人表示，大家状况稳定，隔离期满将直接放行，不再进行二次采检。
	另据报道，疫情延烧，为了减少民众聚集，台大医院24日宣布，自4月1日起，每日门诊的当日挂号名额，须于前一天晚上在网络挂号系统、APP或电话语音挂号系统挂号，不再开放现场排队挂号。(完)
【编辑:于晓】
</body></doc>