<doc><id>1001</id><url>http://www.chinanews.com/gn/2020/03-04/9112860.shtml</url><title>吉林无新增新冠肺炎确诊病例 现有疑似病例2例</title><datetime>2020-3-4 08:05:00</datetime><body>	中新网3月4日电据吉林省卫健委官方微博消息，3月3日0-24时，全省无新增确诊病例。新增治愈1例(长春市危重型)。
	截至3月3日24时，全省累计报告确诊病例93例，累计治愈出院84例(长春市41例，四平市14例，辽源市7例，公主岭市6例，吉林市5例，延边州5例，通化市3例，松原市2例，梅河口市1例)，死亡1例(四平市)。
	现在院隔离治疗确诊病例8例，其中长春市4例，通化市3例，白城市1例。
	在院治疗确诊病例中，6例为普通型病例，2例为危重型病例(白城市1例，通化市1例)。上述确诊病例的密切接触者3994人，已解除医学观察3828人，正在指定地点隔离或居家隔离医学观察166人。累计在密切接触者中主动开展核酸检测筛查出确诊患者15例。
	3月3日0-24时，全省原有4例疑似病例中，排除2例；无新增疑似病例；现有疑似病例2例，已全部隔离治疗，目前正在进一步明确诊断。
【编辑:吉翔】
</body></doc>