<doc><id>1005</id><url>http://www.chinanews.com/gn/2020/03-04/9112832.shtml</url><title>内蒙古无新增新冠肺炎确诊病例 现存确诊病例15例</title><datetime>2020-3-4 07:38:00</datetime><body>	中新网3月4日电据内蒙古自治区卫健委官网消息，2020年3月3日8时至4日7时，内蒙古自治区报告无新增新冠肺炎确诊病例，无新增疑似病例，确诊病例新增治愈出院5例，疑似病例新增治愈出院1例，1例危重病例转为重症病例，1例重症病例转为普通病例。
	确诊病例新增治愈出院5例为锡林郭勒盟多伦县4例、锡林浩特市1例；疑似病例新增治愈出院1例为包头市土右旗1例；包头市昆都仑区1例危重病例转为重症病例、呼伦贝尔莫力达瓦旗1例重症病例转为普通病例。
	截至3月4日7时，内蒙古自治区累计报告新冠肺炎确诊病例75例，现存确诊病例15例，确诊病例治愈出院59例，死亡病例1例，疑似病例治愈出院9例，重症病例1例，危重病例1例。
	其中，现存确诊病例15例为：
	1.包头市3例(土默特右旗2例、昆都仑区1例)
	2.呼和浩特市3例(玉泉区2例、赛罕区1例)
	3.通辽市的霍林郭勒市3例
	4.呼伦贝尔市莫力达瓦旗2例
	5.鄂尔多斯市达拉特旗1例
	6.乌兰察布市化德县1例
	7.锡林郭勒盟锡林浩特市1例
	8.赤峰市翁牛特旗1例
	确诊病例治愈出院59例为：
	1.鄂尔多斯市10例(东胜区1例、鄂托克前旗1例、达拉特旗8例)
	2.包头市8例(昆都仑区2例、东河区1例、土右旗5例)
	3.锡林郭勒盟8例(锡林浩特市3例、二连浩特市1例、多伦县4例)
	4.赤峰市8例(松山区2例、元宝山区2例、红山区1例、林西县1例、翁牛特旗2例)
	5.巴彦淖尔市7例(乌拉特中旗4例、五原县2例、临河区1例)
	6.呼伦贝尔市5例(满洲里市1例、牙克石市1例、莫力达瓦旗3例)
	7.呼和浩特市4例(新城区2例、玉泉区1例、回民区1例)
	8.通辽市4例(经济开发区1例、霍林郭勒市3例)
	9.乌海市海勃湾区2例
	10.乌兰察布市2例(四子王旗1例、化德县1例)
	11.兴安盟乌兰浩特市1例
	死亡病例1例(巴彦淖尔市临河区1例)。
	疑似病例治愈出院9例(包头市土右旗1例，呼和浩特市回民区1例，锡林郭勒盟多伦县1例，通辽市的霍林郭勒市1例、库伦旗1例，呼伦贝尔市莫力达瓦旗3例、海拉尔区1例)。
	重症病例1例(包头市昆都仑区1例)；危重病例1例(锡林郭勒盟锡林浩特市1例)。
	疑似病例1例(呼伦贝尔市莫力达瓦旗1例)，仍在定点医院接受隔离治疗。目前，尚在接受医学观察的密切接触者136人。当日解除医学观察14人。
【编辑:吉翔】
</body></doc>