<doc><id>1006</id><url>http://www.chinanews.com/gj/2020/03-04/9112824.shtml</url><title>欧盟向罗兴亚难民和缅甸若开邦等地提供逾三千万欧元援助</title><datetime>2020-3-4 07:17:00</datetime><body>	中新社布鲁塞尔3月3日电为应对罗兴亚人问题，欧盟3日宣布向孟加拉国境内的罗兴亚难民和缅甸若开邦等地提供总值3100万欧元的人道主义援助。
	据欧盟委员会当日发布的公告，孟加拉国境内的罗兴亚难民及当地收容罗兴亚难民的社区将获得2200万欧元援助，其中难民将获得1850万欧元的卫生、食品、教育援助，社区将获得350万欧元的防灾救灾援助。
	其余900万欧元将用于援助缅甸若开邦、克钦邦、掸邦等地，包括向当地社区提供650万欧元的卫生、营养、教育、庇护援助，向当地民防系统提供250万欧元援助，以更好地应对冲突或自然灾害。
	公告援引欧盟委员会负责危机管理的委员莱纳尔契奇的话说，欧盟致力于支持孟加拉国境内的罗兴亚难民及留在缅甸的罗兴亚人，将确保最脆弱的群体继续获得救命援助，免受洪灾或其它灾害的影响。
	2017年下半年罗兴亚人问题爆发后，缅甸70多万罗兴亚人逃往位于孟加拉国东南部的科克斯巴扎尔避难，至今近100万罗兴亚难民住在科克斯巴扎尔安置营，生活完全依赖外界的人道主义援助；据统计，另有约60万罗兴亚人留在了若开邦。
	欧盟委员会的公告称，2017年以来，欧盟已就罗兴亚人问题提供了逾1.5亿欧元援助，主要包括应急住所、卫生医疗、饮用水、食品、教育、庇护等援助；2019年一年，欧盟共向孟加拉国境内的罗兴亚难民提供了近2700万欧元援助，向若开邦等地无家可归民众或受暴力冲突影响的社区提供了900万欧元援助。(完)
【编辑:于晓】
</body></doc>