<doc><id>1008</id><url>http://www.chinanews.com/mil/2020/03-04/9112818.shtml</url><title>中国维和直升机分队圆满完成军事和民用运输任务</title><datetime>2020-3-4 06:23:00</datetime><body>	新华社喀土穆3月3日电(记者马意翀)中国第3批赴苏丹达尔富尔维和直升机分队3日圆满完成联合国和非洲联盟驻达尔富尔联合特派团(联非达团)军事和民用运输任务。
	近期联非达团雇佣的其他国家民用直升机因故停航。中国维和直升机分队作为联非达团唯一一支军事航空力量，在担负军事飞行的同时，逐步承担起包括民用运输在内的飞行任务。任务量陡增对飞行人员技术、装备及地面保障提出更高要求，加之新冠肺炎疫情防控形势严峻，分队面临巨大挑战。
	3日，中国维和直升机分队4个机组全部出动，2架直升机分别搭载10名联非达团国际雇员和15名来自苏丹首都喀土穆的联合国工作人员飞往尼亚拉和扎林盖，1架直升机保障16名约旦维和警察赴萨夫奥玛实施轮换，1架担负医疗后送备勤任务。
	中国第3批赴苏丹达尔富尔维和直升机分队指挥长褚志勤表示，海外连续多批次、多方向、高强度飞行以及严峻的疫情防控形势带来很大挑战，但也为检验能力、锤炼部队提供契机。“我们会严把标准作业程序，严守飞行安全底线，严格落实疫情防控要求，确保任务圆满完成。”

【编辑:于晓】
</body></doc>