<doc><id>1009</id><url>http://www.chinanews.com/gj/2020/03-04/9112817.shtml</url><title>德国军队加大打击军中极端分子力度</title><datetime>2020-3-4 06:22:00</datetime><body>	新华社柏林3月3日电(毛竞)德国国防部3日发布报告说，2019年德国国防军加大了对军中极端分子的打击力度，共开除49名有极端主义过失的现役军人。
	德国国防部当天在柏林发布军中极端主义情况年度报告。报告说，2019年德国军事反谍局从现役军人中查出了14名极端组织成员，高于2018年的8人；482名军人被认定有极端主义嫌疑，高于2018年的377人。现役军人若在网络社交媒体上发布仇外言论即可被认定有极端主义嫌疑。
	报告说，2019年德军查出的极端组织成员和极端主义嫌疑案例多于2018年，原因在于对极端主义言行的评判标准发生变化。报告表示，德国军队绝不姑息极端主义。
	近年来，德国国防部积极清理军中纳粹残余元素，以防极右思想在部队中传播。

【编辑:于晓】
</body></doc>