<doc><id>1014</id><url>http://www.chinanews.com/gj/2020/03-04/9112811.shtml</url><title>美华盛顿州回溯首例新冠死亡病例 全美确诊达108人</title><datetime>2020-3-4 06:04:00</datetime><body>	美国华盛顿州回溯找到首例新冠肺炎死者该州至少有9个死亡病例
	据美国NBC、ABC等媒体报道，上周在西雅图一家医院的一位死者曾患有新型冠状病毒。《纽约时报》称，这是美国已知的最早因新冠病毒死亡患者。华盛顿州卫生部门周二下午表示，该州最少已经有9人死于新冠病毒。
	据报道，这名有潜在健康问题的人于2月24日从基尔克兰生命护理中心长期护理机构(thelong-termcarefacility,LifeCareCenterinKirkland)被带到西雅图的Harborview医疗中心，并在2天后死亡，当时华盛顿州的新冠疫情危机还未显现，医院发言人苏珊·格雷格(SusanGregg)周二表示，来自该人的测试样本对新冠病毒呈阳性反应，这说明直到病人死后才发现冠状病毒感染。该州另外4名死者也来自这家护理机构。
	这位女发言人说，一些医院工作人员可能在治疗病人时没有防护，这些医院工作人员每天都在接受监测。
	美国疾控中心说，目前全美有12个州出现新冠病毒病例，确诊感染人数达到108人。(央视记者张颖哲)
【编辑:于晓】
</body></doc>