<doc><id>1015</id><url>http://www.chinanews.com/gj/2020/03-04/9112809.shtml</url><title>美参议院举行新冠肺炎疫情听证会 议员质疑检测效率</title><datetime>2020-3-4 06:03:00</datetime><body>	(抗击新冠肺炎)美参议院举行新冠肺炎疫情听证会议员质疑检测效率
	中新社华盛顿3月3日电(记者沙晗汀)美国国会参议院卫生、教育、劳工和养老金委员会当地时间3日就新冠肺炎疫情举行听证会。多位议员对卫生部门检测该病毒效率问题提出质疑。
	来自华盛顿州的参议员帕蒂·默里认为就目前情况来看，各州在“检测方面存在严重不足”。她说，在华盛顿州，很多认为自己可能感染该病的民众想要进行检测，但不知道如何操作。“在华盛顿州和全国各州民众甚至没有办法确认自己是否感染，这完全不可接受。”
	据美国疾病控制和预防中心(CDC)当日最新消息，目前美国已有118例新冠肺炎确诊病例，其中9人死亡。全部死亡病例来自华盛顿州。默里认为是检测的缺乏是导致华盛顿州一护理机构在病毒大面积传播后才被发现的主要原因。
	近日来，多位医疗专家对CDC对新冠病毒的检测提出质疑，认为CDC进行的检测速度过慢、检测对象过少等。
	面对质疑，CDC首席副主任安妮·舒查特(AnneSchuchat)在当日听证会上表示，CDC已经在尽力与各州公立、私立、学术实验室合作，将在本周实现全部州都有实验室可对该病毒进行检测。她还表示，在本周末，全美各实验室将可以达到对100万样本进行检测的能力。
	舒查特还表示，目前CDC检测对象标准已经不限于有受疫情影响国家旅行历史或者与确诊感染该病例有密切接触的患者。随着新冠肺炎在美国出现社区传播，有相关症状的人即可接受检测。
	据悉，自新冠肺炎疫情暴发至今，CDC共对3000人进行了新冠病毒检测。
	对于新冠肺炎治疗及防护，美国国立卫生研究院过敏及传染性疾病研究所所长安东尼·福西(AnthonyFauci)表示，就目前掌握数据而言，80%的患者可以自愈，剩下15%至20%的患者需要接受治疗，其中多为老年人和患有其它疾病的人。他说，中国在分享新冠肺炎相关数据方面“非常合作”，使美方获得很多有用信息。
	本月2日，美国总统特朗普要求各方加速新冠肺炎疫苗研发工作。对此，福西表示，至少需要一年至一年半的时间，疫苗才可以投入使用。如果考虑生产能力，可能需要更多时间。
	在被问及美国相关医疗物资储备情况时，美国卫生与公众服务部部长助理罗伯特·卡德莱克(RobertKadlec)表示，相较于疫情大面积暴发所需物资，目前储备约10%。
	目前，国会参众两院正在起草针对新冠肺炎疫情的紧急预算案。据悉，该预算案将于本周在两院进行表决。(完)
【编辑:于晓】
</body></doc>