<doc><id>1016</id><url>http://www.chinanews.com/gj/2020/03-04/9112810.shtml</url><title>巴西圣保罗州遭受暴雨袭击 已致15人死亡33人失踪</title><datetime>2020-3-4 05:59:00</datetime><body>	中新社圣保罗3月3日电(记者莫成雄)巴西圣保罗州民防部门当地时间3日通报称，该州近两天遭受暴雨袭击，引发洪水泛滥及山体滑坡。截至3日17时，暴雨已导致15人死亡、33人失踪。
	圣保罗州民防部门称，从2日晚间至3日上午，圣保罗州普降暴雨和大暴雨。过去12小时内，该州瓜鲁雅(Guaruja)、拜萨达·桑蒂斯塔(BaixadaSantista)、桑托斯(Santos)和圣维森特(SaoVicente)等9个城市降雨量超过100毫米。其中，瓜鲁雅降雨量为300毫米，桑托斯降雨量为222毫米。
	暴雨造成圣保罗州多地发生洪水泛滥及山体滑坡，一些地方街道受淹，民房倒塌，交通瘫痪。截至3日17时，暴雨已导致15人死亡、33人失踪。其中，瓜鲁雅11人死亡，包括两名消防员，20多人失踪。桑托斯和圣维森特各1人死亡，多人失踪。此外，全州还有200多人无家可归。
	灾情发生后，当地民防和消防部门迅即组织人员前往灾区救助，搜寻失踪人员，给灾民发放食物及药品，妥善安置无家可归者。
	另据巴西媒体报道，巴西里约热内卢州近日也受到暴雨袭击，导致5人死亡。(完)
【编辑:郭炘蔚】
</body></doc>