<doc><id>1017</id><url>http://www.chinanews.com/gj/2020/03-04/9112799.shtml</url><title>乌克兰最高拉达宣布总理贡恰鲁克已经辞职</title><datetime>2020-3-4 05:15:00</datetime><body>	当地时间3日晚间乌克兰最高拉达(议会)议长拉祖姆科夫对外宣布，乌政府总理贡恰鲁克已经辞职。据了解，在当天最高拉达第一大党、人民公仆党召开的特别会议上，贡恰鲁克向总统泽连斯基递交了辞呈，并得到党内支持。在当天的会议上泽连斯基还提议副总理什梅格利亚出任总理。
	然而据乌克兰媒体报道，贡恰鲁克2日曾致信基辅地区行政法院，要求法院禁止最高拉达将其辞职列入议会会议议程。3日贡恰鲁克否认向法院提交过任何申请，但表示愿意同总统和议会就去留问题进行磋商。
	按照乌克兰法律规定，总理必须向最高拉达(议会)提交辞职信，以供审议。在投票数达到226票时决定才能得以通过。有报道称，最高拉达将于4日举行一次特别全体会议，讨论本届政府的未来。
	早在上月28日就有乌克兰媒体报道，贡恰鲁克已经递交了辞呈，当时未得到回应。今年1月，一段录音在网络上曝光，显示贡恰鲁克在会议上指责总统泽连斯基不懂经济。贡恰鲁克当月17日向泽连斯基请辞，后者予以回绝。(总台记者王斌顾鑫)
【编辑:于晓】
</body></doc>