<doc><id>1018</id><url>http://www.chinanews.com/gn/2020/03-04/9112795.shtml</url><title>王晓东在武汉调研时要求全力支持抗疫用药生产企业应开尽开</title><datetime>2020-3-4 04:58:00</datetime><body>	王晓东在武汉调研时要求
	特事特办加力提效
	全力支持抗疫用药生产企业应开尽开
	湖北日报讯(记者甘勇)3月3日，省委副书记、省长、省新冠肺炎疫情防控指挥部指挥长王晓东在武汉市调研并专题研究支持抗疫用药等重点药品产业链企业复工复产。他强调，要深入贯彻习近平总书记重要指示精神，落实中央指导组安排部署，按照省委“停不得”工作要求，坚持急事急办、特事特办，把各项扶持政策抓实抓细抓落地，全力支持抗疫用药生产企业应开尽开。
	支持抗疫用药生产企业复工复产，既是疫情防控的迫切需要，也是落实“六稳”部署的重要举措。王晓东说，要把抗疫用药生产企业全部纳入“停不得”企业目录，予以重点支持，确保应开尽开。坚持急事急办、特事特办，切实解决企业用工、运输、原材料供应等实际困难。强化政策扶持，抓好税费减免、贷款贴息等各项政策兑现，为企业复工复产营造良好“软环境”。各级指挥部要加强统筹协调，实行点对点调度，尽最大努力满足企业防疫物资需求。
	会前，王晓东来到武汉生物制品研究所和武汉绿色动力再生能源公司调研。当得知武汉生物员工返岗困难时，他立即要求开辟绿色通道，实行健康码管理，落实企业防控主体责任，切实加强企业防护措施，加快恢复生产经营，为疫情防控阻击战提供更多硬核产品。
	安全处置医疗废弃物，是防止二次污染的重要环节。武汉绿色动力承担着医疗废弃物处置任务。王晓东要求，进一步提升处置能力，加强一线人员防护，严格收集、运输、处置全流程全链条管理，做到“定车、定点、定线、定时”规范操作，确保日产日清、安全处置。
	省领导黄楚平、曹广晶、杨云彦，武汉市市长周先旺分别参加会议和调研。
【编辑:于晓】
</body></doc>