<doc><id>1019</id><url>http://www.chinanews.com/gj/2020/03-04/9112794.shtml</url><title>阿富汗内政部：和平协议签署后 塔利班发动了33起袭击</title><datetime>2020-3-4 04:54:00</datetime><body>	当地时间3日，阿富汗内政部表示，在过去一天时间，阿富汗塔利班与阿富汗安全部队在十余省发生了对抗，塔利班发动了33次袭击，至少有6名平民被杀。
	当地时间2月29日，美国同阿富汗塔利班在卡塔尔首都多哈正式签署了和平协议，同日在阿富汗首都喀布尔美国同阿富汗政府另发布了联合声明。按照计划，阿富汗政府将与阿富汗塔利班在3月10日展开阿富汗内部谈判。如果条件允许，和平协议签署后135天内，驻阿美军将削减到8600人，美国及其盟国将在14个月内从阿富汗撤出全部军队。
	然而在和平协议签署后，阿富汗政府与塔利班在释放在押人员上发生了分歧。阿富汗总统加尼公开表示，阿富汗政府并未承诺释放塔利班关押人员。而他与美国总统特朗普通电话时，特朗普也未对他提及此事。加尼总统表示，释放塔利班关押人员可以作为阿富汗内部谈判的一部分，但不是展开谈判的先决条件。是否释放塔利班关押人员是属于阿富汗政府而不是美国的权力。
	而塔利班首席谈判代表斯塔尼克扎伊在美国和塔利班签署协议后接受采访时却说：“如果被关押在阿富汗不同地区的5000名塔利班关押人员获释，阿富汗内部谈判将于3月10日开始。如果这些人不能按时获释，阿富汗内部谈判将会推迟。”他还补充称，“美国已承诺释放这些关押人员。”
	此后，网络上流传出了一封未经证实的塔利班内部文件，显示将部分终止与美国的和平协议内容。目前塔利班方面尚未对此发布官方声明。(总台记者李霜溪)
【编辑:于晓】
</body></doc>