<doc><id>102</id><url>http://www.chinanews.com/gn/2020/03-03/9112482.shtml</url><title>海南3名干部因严重违纪违法被“双开”或撤职</title><datetime>2020-3-3 20:57:00</datetime><body>	中新网海口3月3日电(记者洪坚鹏)海南省纪委监委3日通报，东方市政府党组成员、副市长杨剑锋，万宁市委常委、统战部部长纪一豪，东方市政府党组成员、东方工业园区管委会主任邢卫等3人日前因严重违纪违法问题分别遭到“双开”或撤销党内职务、政务撤职的处分。
	海南省纪委监委通报称，杨剑锋违反中央八项规定精神，违规收受礼品礼金，违规公款吃喝；违反组织纪律，变相保留违规设立的专项工作经费；违反廉洁纪律，利用职务便利和职权、地位形成的便利条件，在工程承揽和工程款拨付方面为他人谋取利益并收受财物，侵吞公共财物；违反群众纪律，在管理服务活动中违规收取费用。
	杨剑锋身为党员领导干部，毫无党性原则，理念信念崩塌，权力观扭曲，甘于被围猎，其行为严重违反党的纪律，并构成严重职务违法，且在党的十八大后不收敛、不收手，应予严肃处理。同时，鉴于杨剑锋能够主动交代违纪违法问题，主动上交违纪违法所得，认错悔错态度较好，按照“惩前毖后、治病救人”的原则，可予从轻处理。依据《中国共产党纪律处分条例》《中华人民共和国监察法》等有关规定，经海南省纪委常委会会议研究并报海南省委批准，决定给予杨剑锋开除党籍处分，由省监委给予其开除公职处分；终止其中共东方市第十三次代表大会代表资格；收缴其违纪违法所得。
	经查，纪一豪同志违反中央八项规定精神，违规收受礼品礼金，违规使用公务油卡，公车私用；违反组织纪律，在职工录用过程中，利用职务便利为亲属谋取利益；违反廉洁纪律，利用职务便利和职权、地位形成的便利条件，在工程承揽方面为他人谋取利益并收受财物；违反工作纪律，违规插手干预工程建设项目招投标。
	海南省纪委监委通报，纪一豪同志身为党员领导干部，党性原则缺失，廉政意识淡薄，公权私用，其行为严重违反党的纪律，且在党的十八大后不收敛、不收手，应予严肃处理。同时，鉴于纪一豪同志能够主动交代违纪违法问题，主动上交违纪违法所得，认错悔错态度较好，按照“惩前毖后、治病救人”的原则，可予从轻处理。依据《中国共产党纪律处分条例》《中华人民共和国监察法》等有关规定，经省纪委常委会会议研究并报省委批准，决定给予纪一豪同志撤销党内职务处分，由省监委给予其政务撤职处分，降为一级科员；终止其中共万宁市第十三次代表大会代表资格，依法罢免其万宁市第十五届人民代表大会代表职务、撤销其政协第七届海南省委员会委员资格；收缴其违纪违法所得。
	海南省纪委监委查明，邢卫民同志违反中央八项规定精神，违规收受礼品礼金；违反廉洁纪律，利用职务便利，在工程款拨付方面为他人谋取利益并收受财物。
	邢卫民同志身为党员领导干部，背离初心使命，纪法意识淡薄，将公权力作为谋取私利的工具，其行为严重违反党的纪律，且在党的十八大后不收敛、不收手，应予严肃处理。同时，鉴于邢卫民同志能够主动交代违纪违法问题，主动上交违纪违法所得，认错悔错态度较好，按照“惩前毖后、治病救人”的原则，可予从轻处理。依据《中国共产党纪律处分条例》《中华人民共和国监察法》等有关规定，经省纪委常委会会议研究并报省委批准，决定给予邢卫民同志撤销党内职务处分，由省监委给予其政务撤职处分，降为二级主任科员；收缴其违纪违法所得。(完)
【编辑:白嘉懿】
</body></doc>