<doc><id>1023</id><url>http://www.chinanews.com/gn/2020/03-04/9112785.shtml</url><title>北京去年月均降尘5.8吨/平方公里</title><datetime>2020-3-4 04:13:00</datetime><body>	北京去年月均降尘5.8吨/平方公里　　超额完成确定的目标任务实现同比下降22.7%
	本报讯（记者　王斌）北京1个月内落下多少尘土？2019年统计显示，1平方公里平均5.8吨。昨天，北京市生态环境局首次公布本市降尘量均值。2019年实现同比下降22.7%，超额完成年初确定的6.5吨/平方公里·月的目标任务。此外，2019年北京市降尘量在京津冀大气污染传输通道“2+26”城市中排名第三，比2018年提升了9名。
	降尘是一个城市清洁度的标志，它不仅影响老百姓的生活，还直接影响空气质量。最新一轮的细颗粒物（PM2.5）源解析结果表明，扬尘对北京市PM2.5排放贡献率达16%，超过燃煤和工业，是仅次于机动车的本地第二大排放源。2019年北京市降尘量均值为5.8吨/平方公里·月，同比下降22.7%。
	北京市生态环境局相关负责人表示，“量大面广”是北京市扬尘源的主要特征。北京市建筑开发面积多年维持在2亿平方米左右，市政、交通、水务、园林等工程广泛分布，各类道路里程接近3万公里，裸地面积总体维持在200至600平方公里之间。施工扬尘、道路扬尘、裸地扬尘影响相互叠加，扬尘污染防治工作压力巨大。
	为推进扬尘污染防治工作，北京市坚持问题导向和目标导向，探索创新，持续发力，多措并举打组合拳。包括高位统筹推进、完善顶层设计、加强部门联动、属地创新履职、创新监管手段、强化监管执法、开展专项督查、加强信息公开等具体措施，实现扬尘污染治理效果与精细化管理水平同步提升。
	例如，在区委书记月度点评会上，本市对各区降尘量进行排名、点评。去年1月和2月，大兴区降尘量在全市排名倒数第二。为扭转排名靠后局面，大兴区下大力气出真招，成立了主管区长牵头的扬尘专项治理领导小组办公室和七个行业扬尘治理专班。主管区长每周对工地、料堆、裸地等扬尘多发区域开展拉练检查，区生态环境局成立专项督查小组，定期对镇街扬尘治理工作开展督查检查。2019年3月以来，大兴区降尘量排名情况明显改善，且3月至5月连续三个月排名全市第一。7月，大兴区所有的镇街粗颗粒物（TSP）浓度排名全部退出全市后30名。
	从全市层面看，本市印发了《北京市扬尘管控工作意见》，明确住房城乡建设、城市管理、交通、水务、农业农村、园林绿化等部门的扬尘污染防治工作职责以及相关行业工作方案。各区及时跟进，出台区级扬尘污染防治工作意见或方案，进一步细化工作职责及要求。同时，城管执法部门持续加大执法力度，2019年针对施工扬尘类违法行为累计立案3.2万余起，同比增长35.2%，罚款约1.5亿元。
【编辑:于晓】
</body></doc>