<doc><id>103</id><url>http://www.chinanews.com/cj/2020/03-03/9112508.shtml</url><title>1747份年报业绩快报近六成实现增长 </title><datetime>2020-3-3 20:53:00</datetime><body>	1747份年报业绩快报近六成实现增长154家上市公司净利润同比翻番
	进入3月份，上市公司年报以及业绩快报披露进入密集期，年报行情也随之受到市场广泛关注。
	《证券日报》研究部根据同花顺统计发现，截至3月2日收盘，沪深两市共有1747家上市公司发布了2019年年报业绩快报，占A股全部上市公司总数的46%。值得关注的是，其中有995家公司2019年净利润实现同比增长，占比56.95%，净利润实现同比翻番的公司达154家。
	记者进一步统计发现，在已公布业绩快报的公司中，有1551家公司实现盈利，其中，2019年净利润在百亿元以上的有16家，净利润最高的是招商银行，去年实现净利润928.67亿元，同比增长15.28%。其次是兴业银行和浦发银行，2019年净利润均超过500亿元，分别为658.68亿元、589.11亿元。
	从净利润同比增幅来看，在2019年净利润实现同比增长的995家公司中，有154家净利润实现同比翻番，其中，包括万集科技、星徽精密、融捷股份、星期六等在内的14家公司，2019年净利润同比增长超10倍。
	从行业方面看，在已披露业绩快报的1747家公司中，银行(4171.45亿元)、电子(620.17亿元)、房地产(545.89亿元)、非银金融(469.25亿元)、公用事业(462.3亿元)、医药生物(359.8亿元)等六类申万一级行业净利润总额居前。
	记者统计发现，在上述995家去年净利润实现同比增长的公司中，2月份股价累计实现上涨的个股仅有448只，占比45%。其中，道恩股份、会畅通讯、博杰股份和玉禾田等4只业绩增长股，2月份累计涨幅均超100%。
	对此，分析人士表示，本轮行情远远落后的龙头白马股，未来跑赢大盘将成为大概率事件。
	亦如俗语，“股市的价值只会迟到，不会缺席”。3月2日，大盘蓝筹股纷纷崛起，年报行情也随之上演，当日，上述995只业绩增长股表现抢眼，其中，有70只个股报收于涨停板。
	对此，中信证券预计，3月份A股将进入平和期，是全年绝佳的配置时机。科技股将进入业绩和估值的校准期，个股将走向分化，优质科技白马股将最终胜出。
	“坚持价值投资理念，要抓住未来可持续增长的机会。”前海开源基金首席经济学家杨德龙告诉《证券日报》记者，长期来看，绩差股、题材股都会继续被边缘化。后市可以重点关注消费白马股、券商股以及新兴科技股的投资机会。
【编辑:田博群】
</body></doc>