<doc><id>1030</id><url>http://www.chinanews.com/cj/2020/03-04/9112774.shtml</url><title>伦敦股市3日上涨</title><datetime>2020-3-4 03:45:00</datetime><body>	新华社伦敦3月3日电(记者王慧慧)伦敦股市《金融时报》100种股票平均价格指数3日报收于6718.20点，比前一交易日上涨63.31点，涨幅为0.95%。欧洲三大股指当天全线上涨。
	个股方面，当天伦敦股市成分股中资源类个股领涨，位于涨幅前五位的个股分别为：国际联合航空集团股价上涨7.23%，M&amp;G公司股价上涨4.65%，在线餐饮外卖公司JustEatTakeaway股价上涨4.50%，英国法通保险股价上涨4.17%，俄罗斯钢铁生产商EVRAZ股价上涨4.09%。
	当天伦敦股市成分股中金融类个股领跌，位于跌幅前五位的个股分别为：巴克莱银行股价下跌2.61%，金融服务商哈格里夫斯-兰斯当股价下跌2.28%，威廉莫里森超市连锁公司股价下跌2.22%，渣打银行股价下跌2.22%，汇丰银行股价下跌1.98%。
	欧洲其他两大主要股指方面，法国巴黎股市CAC40指数报收于5393.17点，比前一交易日上涨59.65点，涨幅为1.12%；德国法兰克福股市DAX指数报收于11985.39点，比前一交易日上涨127.52点，涨幅为1.08%。

【编辑:于晓】
</body></doc>