<doc><id>1031</id><url>http://www.chinanews.com/gj/2020/03-04/9112773.shtml</url><title>初步计票结果显示利库德集团领跑以色列议会选举</title><datetime>2020-3-4 03:43:00</datetime><body>	新华社耶路撒冷3月3日电（记者尚昊　陈文仙）以色列中央选举委员会3日说，根据对97%选票的统计结果，以色列总理内塔尼亚胡领导的右翼政党利库德集团在2日举行的以色列第23届议会选举中领先。
	据以色列中央选举委员会消息，按各党派目前得票比例计算，利库德集团获得议会120个席位中的36席，国防军前总参谋长本尼·甘茨领导的中间党派蓝白党获得32席。位列其后的是获得15席的阿拉伯政党联盟“联合名单”党和获得10席的宗教政党沙斯党。犹太圣经联盟、前国防部长阿维格多·利伯曼领导的“以色列是我们的家园”党和左翼政党联盟工党—桥党—梅雷茨集团联盟各获得7席。
	初步计票结果显示，以利库德集团为首的右翼阵营获得59席，以蓝白党为首的中左翼阵营获得54席，两大阵营均未能获得组阁所需的半数以上议席。
	内塔尼亚胡3日凌晨在特拉维夫对支持者说，他将着手与右翼阵营协商，组建一个“强大和稳定的民族政府”。
	甘茨对支持者表示，他将“忠诚于我们的道路”，蓝白党可能是联合政府的一部分。
	以色列2日举行第23届议会选举，这是以色列近一年内举行的第三次大选。共有29个政党或党派联盟角逐议会120个席位，全国有投票资格的选民约645万，投票率达71%。最终结果预计9日公布。
	去年4月，利库德集团赢得以色列第21届议会选举，但内塔尼亚胡组阁失败，议会随后解散。当年9月举行第22届议会选举后，总统里夫林先后授权内塔尼亚胡和甘茨组阁，但两人组阁均以失败告终，议会再次被解散。
【编辑:于晓】
</body></doc>