<doc><id>1034</id><url>http://www.chinanews.com/sh/2020/03-04/9112769.shtml</url><title>武汉铁路部门为湖北产汽车开辟汽车运输专列</title><datetime>2020-3-4 03:38:00</datetime><body>	新华社武汉3月3日电(记者王贤)原来通过公路运送的45台东风牌卡车3日上午开进十堰站货场，随后“一站直达”发往福建龙岩。这是疫情防控期间中国铁路武汉局集团有限公司首次从湖北十堰开出的“公转铁”汽车运输专列。第二趟专列也将于4日开行，累计运送90台汽车满足福建当地城市防疫消杀作业需要。
	3日15时许，武汉市汉阳站铁路专用线内，160辆崭新的东风本田汽车缓缓驶入分两层设计的汽车专用车厢，装车完毕后将发往广州。车站副主任胡凤荣说，2月28日至3月3日，汉阳站已装运汽车1781辆，陆续发送到广东、甘肃、福建、四川、广西、河南等地。
	3月4日，东风汽车公司襄阳基地出产的44辆东风御风校车也将乘坐铁路专列，远赴上海和杭州中小学校，满足当地学生出行需求。
	东风汽车公司相关负责人说，由于疫情防控期间公路运输受限，给订单交付带来了困难，采取“公转铁”运输方式，解决了不能及时供货这一难题。中国铁路武汉局集团公司、中铁快运武汉分公司、中铁特货武汉分公司等开出的汽车运输专列，解了厂家和用车单位的“燃眉之急”。
	为快速完成汽车运输各项任务，武铁统筹管内各站运输资源，迅速向汉阳、十堰等站调运集结N17型平板车和专用车辆，专门制定装车加载方案，成立装运突击队，做到优先承运、优先配空、优先装车、优先挂运，并采取“点对点”一站直达的方式提高运输时效。
【编辑:于晓】
</body></doc>