<doc><id>1035</id><url>http://www.chinanews.com/gj/2020/03-04/9112768.shtml</url><title>土耳其与英国讨论伊德利卜军事行动及难民问题</title><datetime>2020-3-4 03:36:00</datetime><body>	新华社安卡拉3月3日电(记者郑思远施洋)据土耳其阿纳多卢通讯社报道，土耳其外长恰武什奥卢3日在安卡拉会见了来访的英国外交大臣拉布，双方讨论了土耳其在叙利亚伊德利卜省的军事行动以及难民潮等问题。
	恰武什奥卢和拉布当天还举行联合新闻发布会。恰武什奥卢说，伊德利卜的最新事态发展进一步加剧了土耳其的压力，土耳其无力承担更多难民，也没有义务强行将难民留在土耳其。
	恰武什奥卢还说，希腊和其他欧盟国家应该在对待难民方面尊重国际法，欧盟国家应向符合资格的难民提供庇护，但目前的情况是，希腊已关闭其边境。
	拉布表示，英国对伊德利卜军事行动升级表示严重关切，叙利亚政府和俄罗斯是应对人道主义危机的首要责任方。
	2月27日，土耳其军队在叙利亚伊德利卜省遭叙政府军空袭，人员伤亡严重。土耳其随后展开报复，双方冲突不断升级。据报道，战火导致大批叙利亚难民涌向土耳其，土耳其随即放松了与欧盟成员国希腊和保加利亚边界的管控，不少难民试图从土耳其闯关进入欧盟国家。
	2016年，欧盟与土耳其就合作解决难民危机达成协议。土耳其官员称，土方目前已收容大约370万叙利亚难民。土总统埃尔多安最近多次表示，土耳其不会再独自面对叙利亚难民问题。
	希腊政府2月28日宣布暂时关闭希土陆地边境，3月1日将边防防御等级提升至最高级。
【编辑:于晓】
</body></doc>