<doc><id>1036</id><url>http://www.chinanews.com/sh/2020/03-04/9112767.shtml</url><title>北京：返京外籍人士进小区需登记并报告健康状况</title><datetime>2020-3-4 03:34:00</datetime><body>	新华社北京3月3日电(记者盖博铭)记者3日从北京市新冠肺炎疫情防控工作新闻发布会上了解到，北京对外籍人士居住密集的社区(村)加强疫情防控工作，返京外籍人士进小区需登记并报告健康状况。
	北京新冠肺炎疫情防控工作领导小组社区防控组办公室副主任、北京市委组织部副部长张强介绍，北京将外籍人士纳入社区健康管理体系。返京外籍人士进入小区时，需进行登记，填写基本信息、报告健康状况、了解防控政策。居家观察的外籍人士每天通过微信、电话或短信等方式报告体温检测情况。如有发热和呼吸道症状，要及时前往发热门诊进行诊疗排查。如出现确诊、疑似或密切接触者，将按既有医学程序处置。外籍人士在小区内有聚集性行为的，社区(村)工作人员要予以提醒和劝导，告知疫情传播风险。
	同时，北京将做好外籍人士疫情防控的宣传引导。张强说，结合小区外籍人士情况，要制作相应语种版本的疫情预防和就诊手册、宣传海报、公开信等，通过上门发放、网络推送等方式，使外籍人士能够及时知晓。在外籍人士人数较多且居住相对密集的地区，开通外语热线服务电话，受理外籍人士咨询，做好政策解答和心理疏导。本着自愿原则，社区可招募具备条件的外籍人士做志愿者，加强外籍人士与社区、物业、居民的沟通，共同做好疫情防控。
	此外，北京还将加强对外籍人士疫情防控的服务保障。张强要求，要充分尊重外籍人士的文化习俗、生活习惯、宗教信仰等，社区(村)工作人员等在开展工作时要注意方式方法。房屋租赁中介企业和房东也要提醒租住的外籍人士做好个人防护，支持配合防控工作。

【编辑:于晓】
</body></doc>