<doc><id>1037</id><url>http://www.chinanews.com/gj/2020/03-04/9112766.shtml</url><title>巴西东南部暴雨成灾造成至少15人死亡</title><datetime>2020-3-4 03:32:00</datetime><body>	新华社里约热内卢3月3日电(记者陈威华)巴西民事部门3日通报说，上周末以来在巴西东南部出现的暴雨天气造成至少15人死亡，逾5000人无家可归。当地政府已经开展灾民安置、捐赠物资分发等工作。
	据圣保罗州和里约热内卢州民事办公室当天公布的数字，两州境内近期连降大雨，部分城市12小时内最高降雨量达到282毫米。暴雨造成多处滑坡和房屋坍塌，在圣保罗州、里约热内卢州和圣埃斯皮里图州等地累计造成15人死亡，多人失踪。
	从当地电视台播出的画面可以看到，里约州部分城镇宛若泽国，不少汽车被淹没，救援人员只能乘冲锋舟施救。部分受灾城镇已宣布进入紧急状态，并将流离失所人员集中到学校等地安置。
	巴西气象部门指出，全球气候变暖等是造成巴西东南部地区暴雨成灾的主要因素。

【编辑:于晓】
</body></doc>