<doc><id>1038</id><url>http://www.chinanews.com/sh/2020/03-04/9112765.shtml</url><title>深圳地铁上线“一键上报”疫情防控系统</title><datetime>2020-3-4 03:30:00</datetime><body>	新华社深圳3月3日电(记者孙飞)记者3日从深圳地铁集团获悉，深圳地铁利用智能化等科技手段，上线疫情防控系统，打好疫情防控阻击战。
	当前，全国各地企业陆续复工复产，返城潮、复工潮对城市的疫情防控与正常运转带来考验。在早晚高峰时期，部分客流量较高的地铁站已经出现排队候车场景。2日，深圳地铁集团下辖的7条线路客流为173.4万人次。
	深圳地铁相关负责人表示，智能化的疫情防控系统上线，为复工复产后的疫情防控工作提供保障与支撑。
	“举个例子，安检员等一线工作人员每天需要面对大批流动人群，出现问题必须快速反应及时处置。系统为安检人员提供了‘安检信息上报’功能，能做到对体温异常等特殊情况一键上报，以最快的速度将疫情信息提供给地铁指挥中心，为联防联控、精准施策提供‘靶向’。”深圳地铁相关负责人介绍。
	目前，这一通过移动端入口登录的系统，为深圳地铁及下属企业2.4万人，外部关联单位约8万人提供防疫服务。通过疫情防控系统，使用者还可以及时上报自身疫情接触情况、防疫物资消耗及库存、本单位员工复工复产情况等，为疫情应急资源调配和决策指挥提供服务。
【编辑:于晓】
</body></doc>