<doc><id>1039</id><url>http://www.chinanews.com/gj/2020/03-04/9112761.shtml</url><title>载1200人德国游轮2名密切接触者检测呈阴性 该船将离岸</title><datetime>2020-3-4 03:13:00</datetime><body>	北京时间3月3日23时45分更新
	据挪威《晚邮报》报道，该邮轮上的2名乘客检测呈阴性，该船将离开海于格松。(总台记者郝晓丽)
	北京时间3月3日23时24分发布
	当地时间3日，一艘载有1200名乘客的德国邮轮停泊在挪威南部，等待两名在陆地上接受新的冠状病毒检测的乘客的检测结果。该邮轮位于挪威第二大城市卑尔根以南110公里，据了解，船上有两名乘客一周前与已确诊患者有过接触，不过已确诊的人并不在船上。
	据登船医生介绍，船上目前还没有人出现疑似症状，下船接受检测的两个人的检测结果将于当地时间晚间公布。(总台记者李长皓)
【编辑:于晓】
</body></doc>