<doc><id>104</id><url>http://www.chinanews.com/sh/2020/03-03/9112504.shtml</url><title>浙江绍兴向韩国友好交流关系城市捐赠防疫物资</title><datetime>2020-3-3 20:52:00</datetime><body>	(抗击新冠肺炎)浙江绍兴向韩国友好交流关系城市捐赠防疫物资
	中新网绍兴3月3日电(记者项菁)据浙江省绍兴市人民政府外事办公室、中华人民共和国绍兴海关3日消息，绍兴市人民政府近日向该市友好交流关系城市韩国大邱市，捐赠了价值23万元人民币的医用防护口罩、防护服、护目镜等防疫物资，在72小时内从绍兴抵达韩国仁川国际机场，当地时间3日上午到达大韩红十字会大邱市分会。
	当前，新冠肺炎疫情正在多国蔓延，疫情防控形势严峻。据了解，绍兴市2015年与韩国大邱市正式建立友好交流关系，近年来两地在经济、环保、文化、旅游等领域交流频繁。
	“绍兴此前疫情形势严峻时候，大邱市市长2月13日专门发来慰问信，信中提及‘我与250万大邱市民一起祈祷，希望绍兴早日战胜疫情’。”绍兴市人民政府外事办公室国际交流处处长朱宏亮受访时表示，近期韩方暴发疫情，绍兴根据自身防疫现状，紧急调配部分防疫物资，捐赠给友好交流关系城市大邱市。
	据了解，该批防疫物资包括61200只医用防护口罩、1000件防护服、5000个护目镜、19200片医用纱布，价值23万元人民币。
	防疫期间，如何快速出关？绍兴海关相关负责人表示，2月26日8时，绍兴海关接到关于协助办理防疫物资捐赠出口通关事务的需求后，立即抽调该关“疫情防控物资快速通关专窗”关员，并第一时间联系货物代理等组成微信群，对通关流程、报关单填制等事宜给予线上指导。
	27日20时，绍兴海关关员指导报关员完成了报关单提前申报流程。据悉，这是新冠肺炎疫情发生以来，浙江省首票对境外国家防疫物资捐赠出口报关单。
	28日17时17分，该批捐赠物资运抵上海浦东国际机场后“即到即放”，实现通关“零延时”；29日8时，该批物资顺利运抵韩国仁川国际机场。从绍兴海关了解通关需求到物资抵达韩国，总用时72小时。
	朱宏亮表示，该批货物当地时间3日上午已由大韩红十字会大邱市分会接收，将用于当地新冠肺炎疫情防控。(完)
【编辑:郭泽华】
</body></doc>