<doc><id>1040</id><url>http://www.chinanews.com/gj/2020/03-04/9112754.shtml</url><title>意大利新冠肺炎确诊病例升至2502例 死亡79例</title><datetime>2020-3-4 02:46:00</datetime><body>	海外网3月4日电据路透社4日消息，意大利官方资料显示，意大利新型冠状病毒肺炎确诊病例由2036例上升到2502例，其中死亡病例上升至79人。
	据报道，意大利现已对多个出现疫情的城镇采取封闭措施。意大利国家卫生研究所传染病部门负责人乔瓦尼·雷扎说，预计未来几天确诊病例数还会以较高速度增长。
	意大利的疫情在2月下旬爆发，主要集中在北部的伦巴第和威尼托区。受疫情影响，美国、法国、西班牙、希腊、俄罗斯等国提高了对前往意大利的旅行警告，土耳其决定停飞往返意大利航线。
	对于意大利的疫情发展，外交部发言人赵立坚2日表示，中方愿根据意方需要，在疫情防控、医疗救治等方面提供力所能及的帮助，愿同意大利方面加强专业领域沟通，交流疫情防控经验和技术。(海外网汪梦唐)

【编辑:于晓】
</body></doc>