<doc><id>1042</id><url>http://www.chinanews.com/sh/2020/03-04/9112747.shtml</url><title>云南无新增新冠肺炎确诊病例 连续12天新增病例为0</title><datetime>2020-3-4 02:10:00</datetime><body>	中新网3月4日电据云南卫健委网站消息，3月3日12时至24时，云南无新增确诊病例。截至3月3日24时，已连续12天新增病例为0，全省累计确诊病例174例，治愈出院169例，死亡2例，现有确诊病例3例，无重症、危重症病例。现有疑似病例5例。密切接触者当日解除医学观察12人，正在观察81人。
	各州市累计确诊病例：昆明市53例(治愈出院52例)，昭通市25例(治愈出院25例)，西双版纳州15例(治愈出院14例、死亡1例)，玉溪市14例(治愈出院13例、死亡1例)，曲靖市13例(治愈出院12例)，大理州13例(治愈出院13例)，保山市9例(治愈出院9例)，红河州9例(治愈出院9例)，丽江市7例(治愈出院7例)，德宏州5例(治愈出院4例)，普洱市4例(治愈出院4例)，楚雄州4例(治愈出院4例)，文山州2例(治愈出院2例)，临沧市1例(治愈出院1例)。
	全省129个县市区均为低风险。
【编辑:于晓】
</body></doc>