<doc><id>1043</id><url>http://www.chinanews.com/gj/2020/03-04/9112746.shtml</url><title>七国集团承诺使用“所有合适政策工具”应对新冠肺炎疫情</title><datetime>2020-3-4 02:06:00</datetime><body>	新华社华盛顿3月3日电(记者高攀熊茂伶)出财长和央行行长3日发表联合声明说，考虑到新冠肺炎疫情对全球经济的潜在影响，他们将使用“所有合适政策工具”来实现强劲、可持续的增长并防范经济下行风险。
	美国财政部长姆努钦和美联储主席鲍威尔当天上午牵头组织七国集团财长和央行行长电话会议，讨论新冠肺炎疫情对世界经济的影响。
	他们在会后发表联合声明说，在努力扩大卫生服务的同时，七国集团财长已准备好采取行动，包括采取适当的财政措施，帮助应对疫情和支持经济增长。七国集团央行行长将继续履行职责，支持物价稳定和经济增长，同时保持金融体系的韧性。
	声明还说，欢迎国际货币基金组织、世界银行和其他国际金融机构尽最大可能利用现有工具，随时准备帮助成员应对疫情带来的人员灾难和经济挑战。七国集团财长和央行行长随时准备进一步合作采取“及时和有效”的措施。
	七国集团成员包括美国、英国、加拿大、法国、德国、意大利、日本。
【编辑:于晓】
</body></doc>