<doc><id>1044</id><url>http://www.chinanews.com/sh/2020/03-04/9112745.shtml</url><title>武汉故事：0.053平方公里上发生的“大事情”</title><datetime>2020-3-4 01:52:00</datetime><body>	新华社武汉3月3日电(记者王作葵、王贤、佘勇刚)“你们先把白菜送回克(当地方言去读克)，我们克买莴苣和萝卜。”武汉市江汉区民意街友谊社区副主任彭晓莉对同行的志愿者说。
	“我们小区的面积是0.053平方公里，有居民2169户，5219人。”友谊社区主任金义兰谈起这些数据来可说是如数家珍。
	武汉市新冠肺炎疫情防控指挥部2月10日发布第12号通告，决定自即日起在全市范围内所有住宅小区实行封闭管理，以最大限度减少人员流动、阻断疫情扩散。同时，小区封闭后居民生活如何保障、柴米油盐如何供应成为广为关注的话题。
	上午8:30，彭晓莉与同事及志愿者前往白沙洲批发市场，那里是武汉市蔬菜供应的主要平台之一。
	“今天我们的任务是替社区居民购买300份蔬菜，每份包括一棵大白菜、2个白萝卜和2根莴苣，每份的总价不能超过8元钱。”彭晓莉说。
	“我开了十几年出租车，从来没见武汉的大街上这么空过。”司机蔡青春对记者说。后备箱和后排座都塞满白菜的出租车在他的驾驶下从批发市场开出，出口有工作人员把守，免收停车费，但要对车上人员检测体温。
	大年初二一点多，蔡青春接到电话通知，征召出租车作为社区保障车辆。“我本来不想来，因为风险蛮大，但爱人和孩子都觉得应该承担这个工作。”从那一天起，蔡青春没有休息过一天。
	“到社区后，工作时间比平时长了一倍，有时还要送物品去医院。我打算和家里人隔离开来，但爱人不同意，她说‘一家人就是死也要在一起’。”蔡青春说。
	为了解决社区居民的购物难题，友谊社区的工作人员和志愿者组织了线上和线下两个团队。
	“我们会提前跟超市等销售平台联系，把第二天到货的名称、数量、价格发布在微信群里，并把居民的订货汇总统计后报给商家。货运到社区后，我们再通过群通知大家分批来取。”负责线上团队的社区工作人员周学颖说。
	“几多号？”每来一位取货的居民，周学颖都会这样问。核对订单序列号、姓名、手机号码并签字后，周学颖把货物发放给居民。
	“今天下雨，只有138个订单，多的时候有400-500个。所有订单，社区不会加价一分钱。”她说。
	友谊小区是一个典型的老旧小区，居民中80岁以上的老人多达247位。老年人、不会使用手机和微信的居民，可以把自己的购物需求告诉出入口的执勤人员，通过他们在线上下单。
	在公司担任投标专员的闵茜就是一位这样的执勤人员。“其实，我住在街对面的另一个小区，但是那个小区的志愿者名额满了，所以我来到这里。”闵茜说。
	13:30许，莴苣和萝卜也运回来了。社区工作人员和志愿者立刻开始分装，所有人都动员起来。
	彭晓莉泡了一碗方便面作为今天的午饭。冒雨在批发市场的各个摊位之间跑来跑去，她的裤腿上满是泥点。
	“有时候，真不知道哪里来的那么多力气。不过，自己的城市发生了这样的事情，自己不出力难道还要等别人出力吗？”彭晓莉说。
	对账之后，发现比预计的2400元多花了40元。“这个就算给大家捐款了吧，好在超得不多。”彭晓莉说。
	又有一些志愿者赶来帮忙。分菜过程中，大家合作非常默契，但也发生了一点小小的意见分歧，因为蔬菜有大有小，想均匀分配并不容易。
	14:45，第一份爱心菜发到居民手中。“蛮新鲜！划得来！”两鬓斑白的王先生对邻里说。收到通知分批来取菜的居民在社区工作人员组织下排起队，大家自觉保持着一米以上的间距。
	雨停了，天还阴着，但居民们的脸上有了期待和笑容。
【编辑:于晓】
</body></doc>