<doc><id>1048</id><url>http://www.chinanews.com/gn/2020/03-04/9112740.shtml</url><title>湖北将根据实际缩减新冠肺炎定点医院 逐步恢复正常医疗秩序</title><datetime>2020-3-4 01:40:00</datetime><body>	新华社武汉3月3日电(记者王贤、乐文婉)湖北省将有序推进医疗秩序分区、分级管理，分类、分步实施，逐步恢复正常的医疗秩序和服务。将根据疫情防控的实际，逐步缩减新冠肺炎收治的定点医院，有序关停方舱医院，分批、分步，逐步恢复正常的医疗秩序。
	这是湖北省卫生健康委员会副主任涂远超在3日下午召开的湖北省新冠肺炎疫情防控工作指挥部第38场新闻发布会上透露的。
	涂远超解释，分区管理就是根据高中低风险区进行管理。湖北省有越来越多的市州出现新增病例零增长，对此一方面仍然不能放松，要采取最严格的措施进行防控，抓紧、抓细、抓实各项防控工作；另一方面，也应该统筹考虑，解决好人民群众正常的就医问题。
	涂远超介绍，对高风险区的武汉非新冠肺炎患者就医需求，我们指定一批医院继续重点保障急危重症、血液透析、肿瘤、孕产妇和儿童等患者急需的医疗需求，同时也指定了首批重点医院，全面转为提供综合性的医疗服务。其他的高风险地区也将参照武汉市的做法因地制宜，科学合理地制定具体的实施方案。
	对中、低风险区域，涂远超称，要继续巩固各项防控措施，在控制增量、消化存量，加强新冠肺炎救治的同时，坚决防止疫情的反弹，统筹各种资源，留足提前量，确保能够有能力应对聚集性的疫情暴发。同时，对其他医疗资源合理设置清洁医院、清洁病区，根据风险等级逐步恢复正常的医疗服务秩序。
	此外，湖北省卫健委积极鼓励开展互联网诊疗服务，发挥好互联网医院的作用，为慢性病患者特别是复诊患者提供线上服务。要求各级各类医疗机构实行预约分诊，推行慢病的长处方，尽最大努力减少患者在医院聚集，降低交叉感染风险。
【编辑:于晓】
</body></doc>