<doc><id>1049</id><url>http://www.chinanews.com/sh/2020/03-04/9112739.shtml</url><title>北京调整境外人员入境隔离政策</title><datetime>2020-3-4 01:39:00</datetime><body>	新华社北京3月3日电(记者盖博铭)北京市人民政府副秘书长陈蓓3日在北京市新冠肺炎疫情防控工作新闻发布会上说，根据境外疫情变化，北京调整境外人员入境隔离政策，凡从韩国、意大利、伊朗、日本等疫情严重国家经北京口岸入境的，若目的地是北京，不论是中国人还是外国人，均实行14天隔离观察。
	陈蓓表示，近期，新冠肺炎疫情在海外呈扩散态势，部分国家疫情发展很快，形势很严峻。一些海外留学生、务工人员回国意愿比较强烈。近几天，仅在伊朗的中国留学生从北京口岸回国的就有20余人。北京作为全国最重要的入境口岸之一，防范疫情输入风险压力很大。
	陈蓓介绍，近期，首都严格进京管理联防联控协调机制紧锣密鼓地研究应对方案，加强力量统筹，开展工作调度，应对境外疫情风险输入的工作全面有序铺开，重点做好五方面工作：
	第一，建立口岸联防联控机制，组织民航局、海关、公安、卫健、外事、边检、机场等部门联勤联动，统筹做好信息通报、身份登记、健康监测、应急处理等工作。
	第二，加强信息获知，通过驻外使领馆，提前了解伊朗等疫情严重国家留学生、务工人员的回国意愿，以便有针对性地提前做好工作预案。
	第三，依据《中华人民共和国国境卫生检疫法》等法律法规，全面加强入境检验检疫工作。严格落实入境人员健康申报卡填报，实现全员、全项、电子化、可共享。
	第四，严格落实隔离观察措施。此前，对于过去14天内未在中华人民共和国境内停留，经北京口岸入境的人员，免除居家观察14天的要求。现在，根据境外疫情变化对前期政策做出调整，凡从韩国、意大利、伊朗、日本等疫情严重国家经北京口岸入境的，如果是中转去外地的，严格按当地规定做好防疫工作；如果目的地是北京的，不论是中国人还是外国人，都要实行隔离观察。在北京有固定居所的，纳入社区防控体系，居家隔离观察14天；在京无固定居所的，安排在指定宾馆集中医学观察14天。
	第五，对到达北京的航班加强始发地健康安全提示，提醒乘机人员、乘务人员，全程戴口罩，加大途中体温检测频次。如果在途中出现体温异常情况的，开启相对独立空间，保证相对隔离。
【编辑:于晓】
</body></doc>