<doc><id>105</id><url>http://www.chinanews.com/sh/2020/03-03/9112503.shtml</url><title>山西推进“互联网＋”医保服务 助力新冠肺炎疫情防控</title><datetime>2020-3-3 20:50:00</datetime><body>	中新网太原3月3日电(高瑞峰)记者3日从山西省医疗保障局获悉，在新冠肺炎疫情防控期间，为进一步方便群众就医购药，减少人群聚集和交叉感染风险，该省部署推进“互联网＋”医保服务，为参保人员提供常见病、慢性病“互联网＋”复诊服务，参保人员线上支付需个人自付药费，医保报销部分由医保经办机构与配送的定点药店按期结算。
	山西省医疗保障局、山西省卫生健康委员会日前联合下发通知，明确疫情防控期间开展“互联网＋”医保服务有关事项。经卫生健康行政部门批准设置的互联网医院或批准开展互联网诊疗活动的医保定点医疗机构，按照自愿原则，与统筹地区医保经办机构签订补充协议后，医师可在线上开具处方，为参保人员提供常见病、慢性病“互联网＋”复诊服务，并纳入医保基金支付范围。
	山西省医疗保障局表示，下一步，将会同有关部门在具备互联网诊疗资质的定点医院加快推进互联网诊疗落地。具备资质和条件的定点药店可根据医疗机构处方信息“点对点”为患者上门配送药品。(完)
【编辑:郭泽华】
</body></doc>