<doc><id>1051</id><url>http://www.chinanews.com/cj/2020/03-04/9112730.shtml</url><title>美联储宣布降息50个基点 市场短期受提振</title><datetime>2020-3-4 01:02:00</datetime><body>	中新经纬客户端3月4日电(宋亚芬)北京时间3月3日晚间，继澳联储宣布降息25个基点，美联储宣布将联邦基准利率下调50个基点。
	美联储称，美国经济基本面依然强劲。然而，新型冠状病毒给经济活动带来了不断演变的风险。美联储正在密切监测事态发展及其对经济前景的影响，并将利用其工具，酌情采取行动支持经济。受此影响，美股短线飙升，道指、标普500指数涨近1%，纳指涨0.6%。
	美联储降息，在宏观方面和市场层面会对美国及中国市场有哪些影响？
	对此，中信证券研究所副所长明明在接受中新经纬客户端采访时表示：“从宏观经济的角度来说，肯定是一个利多。降低利率可以降低融资成本，有助于实体经济的投资和消费。但是到底利好的幅度有多大，还存在比较大的不确定性，可能还需要其他政策的配合。比如在货币宽松的背景之下，能不能推出更大规模的财政政策。”
	据明明介绍，这些年全球货币政策一直维持宽松，但货币宽松的效果在逐步下降，包括日本和欧洲长期实行负利率也并没有带来经济的复苏。
	中国外汇投资研究院独立经济学家谭雅玲则认为，美联储降息对中国的宏观政策上会带来一些压力。“中美之间本身有利差存在，可能一些人会觉得我们应该降息，但中国跟随的可能性很小。”
	“美联储降息是降的基准利率，而中国不存在基准利率。只有贷款市场利率和存款基准利率，但这两个利率动的可能性非常小。存款利率的力度是有限的，而贷款利率正在进行LPR的摸索，如果利率动的太大了，对机制的形成是有影响的。”
	而从资本市场的角度来说，前海开源基金董事总经理杨德龙认为，美联储降息，美股有望短期反弹，但是创新高就比较困难了，美股见顶的风险依然很大。
	明明则表示，美国降息、美元走弱，对全球流动性是一个改善，对于资本市场肯定是个利好，特别是对于中国的资本市场。“这些年外资流入的规模还是比较大的，包括股市和债券市场，如果美联储进一步降息的话，全球流动性进一步宽松，对于国内的资本市场应该是一个比较明确的利好。”(中新经纬APP)
	中新经纬版权所有，未经书面授权，任何单位及个人不得转载、摘编以其它方式使用。
【编辑:于晓】
</body></doc>