<doc><id>1052</id><url>http://www.chinanews.com/sh/2020/03-04/9112733.shtml</url><title>3月1日由韩至渝CA440航班所有乘机人员二次核酸检测均仍为阴性</title><datetime>2020-3-4 00:51:00</datetime><body>	(抗击新冠肺炎)3月1日由韩至渝CA440航班所有乘机人员二次核酸检测均仍为阴性
	中新网重庆3月4日电(记者刘贤)重庆市渝北区新冠肺炎疫情防控指挥部3日23时许，通过“渝北卫生健康”微信公众号发布消息称，经对3月1日晚由韩国首尔至重庆CA440航班上79名乘客(包括4名有发热症状的重庆居民)及10名机组人员第二次采样核酸检测，结果均仍为阴性。根据检测结果，按相关防疫规定，4名有发热症状的旅客于指定地点继续接受集中医学观察，机上其余人员实行14天居家或集中医学观察。
	3月1日18时50分，由韩国首尔至重庆的CA440航班抵达江北国际机场指定机位。机上共载有79名旅客，其中韩国籍22名，和10名机组人员。经入境检疫，发现4名旅客(均为重庆居民)有发热症状，随即送至重庆市渝北区定点医院进一步诊断治疗。同机人员被送到指定地点集中进行观察。重庆市卫生健康委党委副书记夏沛2日对媒体发布消息称，经对机上所有人员第一次采样核酸检测，结果均为阴性。
	夏沛还在2月28日举行的重庆市新冠肺炎疫情防控工作新闻发布会上介绍，重庆市对所有入境人员的管理无论国籍，都坚持一视同仁。疫情发生以来，重庆进一步加强卫生检疫工作，严格落地管理，对所有入境人员进行体温检测，填报相关个人信息，对出现发热等症状的人员按照规范送定点医疗机构排查诊断治疗；落实社区网格化管理，对所有外来人员，包括入境人员所在企业、居住社区、住宿酒店等开展健康监测等管理和服务。

【编辑:于晓】
</body></doc>