<doc><id>1053</id><url>http://www.chinanews.com/gj/2020/03-04/9112728.shtml</url><title>乌克兰确认首例新冠肺炎病例 曾到意大利旅游</title><datetime>2020-3-4 00:49:00</datetime><body>	(抗击新冠肺炎)乌克兰确认首例新冠肺炎病例曾到意大利旅游
	中新社努尔苏丹3月3日电基辅消息：乌克兰官方当地时间3日发布消息称，该国确诊首例新冠肺炎病例。
	据乌克兰国家通讯社报道，乌克兰卫生部副部长维克托·利亚什科3日证实，该国西部切尔诺夫策州确认首例新冠病毒检测呈阳性的感染者。患者是一名男性，近期与妻子从意大利返回乌克兰，在经过两天自我隔离后出现发烧、干咳等症状，于2月29日被送至切尔诺夫策州立医院。
	据切尔诺夫策州政府透露，该男子从2月21日至26日曾到意大利旅游，2月26日乘机从意大利到达罗马尼亚，然后其自驾回到乌克兰。目前该男子症状较轻，其妻子仍在居家隔离。
	切尔诺夫策州位于乌克兰西部偏南，与罗马尼亚和摩尔多瓦接壤，面积8097平方公里。(完)
【编辑:于晓】
</body></doc>