<doc><id>1054</id><url>http://www.chinanews.com/gj/2020/03-04/9112727.shtml</url><title>纽约州确诊第二例新冠肺炎病例 或为社区传播</title><datetime>2020-3-4 00:47:00</datetime><body>	(抗击新冠肺炎)纽约州确诊第二例新冠肺炎病例或为社区传播
	中新社纽约3月3日电据美国媒体报道，纽约州3日现第二例新冠肺炎确诊患者。由于该患者没有中国或其他已暴发疫情国家的旅行史，当局认为这有可能是社区传播。
	《纽约每日新闻》报道，纽约州州长科莫当天证实，这名50多岁的男性患者居住在纽约州威彻斯特县，并在曼哈顿工作，于周一晚间被确诊。纽约市长白思豪说，患者在出现呼吸道症状后到曼哈顿一家医院就诊，并被诊断感染新冠病毒。
	美国全国广播公司(NBC)报道，卫生部门正在检测患者亲属的情况，并追踪其他有风险的接触者，包括排查患者孩子所在的学校。患者当前的病情较为严重，已在医院隔离并接受治疗。当局也在追查患者是如何从威彻斯特县到曼哈顿的，包括他是否曾搭乘公共交通工具。
	《纽约邮报》报道，白思豪称，纽约市公共卫生实验室得到检测新冠病毒许可后第一天就发现了这位病人。实验室只用几个小时就得出检测结果，当局得以迅速采取措施控制病毒传播。他说纽约市正同纽约州及联邦机构密切合作，以最高等级的预防措施确保市民安全。
	CNBC称，为应对潜在社区传播的风险，纽约市周边有至少两所学校3日开始暂时停课，一所位于纽约市布朗克斯区，另一所在患者居住的威彻斯特县。
	纽约州于3月1日晚间确诊首例新冠肺炎患者，是一名39岁的女性医护人员，于2月25日从伊朗返回纽约。卫生部门认为她是在伊朗旅行期间感染病毒。
	美国疾控中心的数据显示，截至3月2日，全美共有91人确诊感染新冠病毒，其中包括48名撤侨行动中的确诊者。目前美国已有6人死于新冠肺炎。(完)
【编辑:于晓】
</body></doc>