<doc><id>1058</id><url>http://www.chinanews.com/cj/2020/03-04/9112682.shtml</url><title>湖南衡阳百余产业项目集中开工 总投资超500亿元</title><datetime>2020-3-4 00:41:00</datetime><body>	中新网衡阳3月3日电(王昊昊陈润)2020年湖南省衡阳市第一批共112个产业项目3日集中开工，总投资521.1亿元人民币，今年计划投资250.8亿元。项目分布在衡阳市直两区一园一城及12个县市区，涵盖高端制造、5G技术、商贸物流、现代农业等多个领域，是衡阳有史以来集中开工项目最多的一次。
	这批投资项目中，超10亿元的18个；涉及先进制造业项目达76个，占比67.9%；多个项目科技含量高、创新引领效应突出，实现了产、学、研一体化；项目今年投资安排的占总投资比重达48.1%，有24个项目可以实现当年开工、当年建设、当年投产。
	开工仪式分为主会场与分会场。主会场(含衡阳市直两区一园一城和五个城区)的开工项目达41个，总投资283.2亿元，今年计划投资144.5亿元，主要有南华智能制造科技园、金化科技年产20万只车载天然气瓶及新能源车用压缩碳纤维氢气瓶、湖南矽茂5G半导体产业园、5G材料与装备联合研究创新中心、博岳信息服务中心、衡岳食用菌生产示范园、中小学营养餐配服务中心等。
	分会场(衡阳的七个县市)开工项目达71个，总投资237.9亿元，今年计划投资106.3亿元，主要有振洋铁路机车配件生产线、深圳百汇国际博览城、圆通速递湘南智慧物流园、越特锂电池与镍钴废渣利用及环保新材料、广东韶能蔡伦纸业抄纸项目等。
	当天，衡阳市的16个县市区及园区利用天翼云技术同步举行开工仪式。(完)
【编辑:于晓】
</body></doc>