<doc><id>1059</id><url>http://www.chinanews.com/cj/2020/03-04/9112679.shtml</url><title>粤餐饮业加快“触网” 半个月2.4万家入驻网上平台</title><datetime>2020-3-4 00:39:00</datetime><body>	(抗击新冠肺炎)粤餐饮业加快“触网”半个月2.4万家入驻网上平台
	中新网广州3月3日电(蔡敏婕)疫情以来，餐饮业受到较大冲击。广东省市场监管局食品经营处处长林淑英3日在该省人民政府新闻办公室举办的发布会上表示，推动网络订餐平台实施优惠政策，助力餐饮行业发展网上经营模式，据了解，2月中旬至今，“美团”“饿了么”平台的在线商家数量从9万家上升至11.4万家。
	当下随着广东企业复工复产，对餐饮业的需求也日益增长，在此情况下如何保障民众饮食安全成为社会关注点。
	林淑英表示，广东要求网络订餐平台实行线上排查风险线索和线下排查配送人员健康状况每日一报，确保全省8.3万外卖员的健康监测到位、防护到位，截至3月2日，全省共检查93.4万家餐饮服务单位；考虑到疫情对餐饮业的影响，延长从业人员健康证有效期，同时鼓励网上许可申报，开通绿色通道，压缩审批时限。
	此外，因疫情防控需要，部分地区通过禁止餐饮堂食管控人群聚集，对此广东省市场监管局指导行业协会引导企业开展“预约式订餐”和“无接触式配餐”。推动网络订餐平台实施优惠政策助力餐饮行业发展网上经营模式。
	林淑英称，下一步，将做好对餐饮服务提供者的防控指导，还将加强和行业主管部门沟通帮助申请调配，保障餐饮服务行业在复工复产后有足够的防护用品。
	当前复工复产，各方对口罩等防护用品的需求还在持续攀升。广东省市场监管局局长麦教猛表示，截至3月2日，该省口罩生产企业达339家，比广东启动重大突发公共卫生事件一级响应前的66家增加273家；口罩日产量达2080.9万个；其中医用口罩日产量达1505.2万个。(完)
【编辑:于晓】
</body></doc>