<doc><id>1060</id><url>http://www.chinanews.com/cj/2020/03-04/9112674.shtml</url><title>阿里达摩院全球总部开工 将承载阿里巴巴科技研发任务</title><datetime>2020-3-4 00:36:00</datetime><body>	中新网杭州3月3日电(记者胡亦心)3月3日，浙江省扩大有效投资重大项目集中开工仪式杭州分会场在杭州市余杭区阿里巴巴达摩院南湖项目现场举行。据悉，本次集中开工，杭州市共组织安排48个重大项目参加，其中，余杭区共有10个项目，总投资178.74亿元，投资额在杭州市位列第一。
	据介绍，位于余杭区南湖科学中心片区的阿里巴巴达摩院南湖项目，规划面积约3887亩，总投资约200亿元，将建设阿里巴巴达摩院全球总部基地，计划分三期实施。据悉，本次启动区块项目占地面积342亩，建筑面积48万平方米，主要建设研发办公用房、科学实验室等，项目总投资21亿元，建设工期2020至2023年。
	阿里方面介绍，该项目建成后，预计年产值24.7亿元，年利税3.4亿元。该项目计划承载阿里巴巴科技研发、战略性创新产业培育、未来城市的科技试验场、浙江科技研发人才集聚地等内容，主要致力于大数据计算、AI算法、芯片算力、无人驾驶、量子计算等领域研发，积极支撑“数字浙江”建设。(完)
【编辑:于晓】
</body></doc>