<doc><id>1064</id><url>http://www.chinanews.com/sh/2020/03-04/9112722.shtml</url><title>中铁二十四局承建福平铁路事故原因初步查明</title><datetime>2020-3-4 00:08:00</datetime><body>	中新网福州3月3日电(记者龙敏)3月3日晚，记者从中铁二十四局集团福平铁路二标项目部获悉，该项目部承建的福平铁路站前二标段事故原因已初步查明。
	3月2日16:30左右，站前二标段(位于仓山区樟岚村)在施工过程中发生高架桥轨道梁坠落事故，造成2人死亡4人受伤，伤者第一时间送往医院救治。
	经现场勘查和技术分析，初步查明事故原因是：运梁车司机未严格执行长下坡运梁制动作业要求，制动不及导致轨道梁等建筑用材坠落，架梁施工作业现场也存在监管不到位问题。
	目前，伤者均无生命危险。项目公司将全力配合有关部门做好善后工作。(完)

【编辑:于晓】
</body></doc>