<doc><id>1066</id><url>http://www.chinanews.com/tw/2020/03-05/9115378.shtml</url><title>台湾新增2例新冠肺炎确诊病例</title><datetime>2020-3-5 23:36:00</datetime><body>	台湾流行疫情指挥中心今日(5日)晚间公布岛内第43、44例新冠肺炎确诊病例。
	指挥中心介绍，第43例患者是台湾北部50多岁女性，也是第39例患者(60多岁女性，曾旅游埃及、迪拜而在境外感染)确诊前的接触者，近期无岛外旅游史，2月24日、25日曾与第39例患者一同在插花班上课，且坐正对面，故列为接触者。
	第43例患者在3月3日因发烧及喉咙痛症状，由卫生单位安排就医并住院隔离，昨天采检通报，于今日确诊，研判为群聚事件。
	第44例患者是台湾北部一名30多岁男性，曾于2月28日至3月3日与友人至菲律宾旅游，3月2日于菲律宾当地出现胃胀及腹泻症状。
	3月3日返台后至诊所就医，4日至医院就医时，院方发现第44例患者有境外旅游史且出现症状故采检通报，于今日检验确诊，目前已收治负压隔离病房。(总台央视记者孙雨彤)
【编辑:于晓】
</body></doc>