<doc><id>1067</id><url>http://www.chinanews.com/gj/2020/03-05/9115373.shtml</url><title>四名疑似新冠肺炎患者 巴勒斯坦宣布紧急状态</title><datetime>2020-3-5 22:36:00</datetime><body>	当地时间3月5日，由于伯利恒天使酒店有四名酒店工作人员疑似新冠肺炎患者，巴勒斯坦权力机构宣布实施紧急状态，这家酒店的其他工作人员已被隔离。巴勒斯坦卫生部发布公告：禁止游客进入其在约旦河西岸的领土，并将伯利恒市部分封城，伯利恒地区的所有学校、清真寺和教堂关闭14天，所有会议、文化和体育赛事推迟至少两个星期。巴勒斯坦卫生部在声明中说，人们正在等待测试结果，测试结果将很快向公众提供，呼吁巴勒斯坦民众遵守指示并克制行事，不遵守隔离令或试图隐瞒信息的企业主将面临处罚。
	同一天，以色列国防部长贝内特在与以色列卫生部长等人举行的特别会议上表示，如果由于疫情而宣布国家进入紧急状态，以色列国防部将采取行动。
	(总台记者唐湘伟)
【编辑:于晓】
</body></doc>