<doc><id>1070</id><url>http://www.chinanews.com/sh/2020/03-05/9115342.shtml</url><title>粤减半征收职工医保单位缴费部分 料可为企业减负248亿元</title><datetime>2020-3-5 22:09:00</datetime><body>	中新网广州3月5日电(蔡敏婕)广东省医疗保障局5日晚发布消息称，通过减征、降费、延缴“组合拳”，减轻企业在新冠疫情之下的缴费负担，支持企业复工复产。
	广东省医疗保障局称，首先，对职工医保单位缴费部分减半征收。2020年2月至6月，职工医保统筹基金累计结余可支付月数大于6个月的统筹地区，职工医保单位缴费部分可减半征收。减半征收政策执行期间，职工医保统筹基金累计结余可支付月数小于6个月的统筹地区，停止执行该政策。此项举措，预计可为企业减负248亿元，促进企业减负、稳岗、扩就业。
	其次是继续实施职工医保阶段性降费政策。2020年1月，2020年7月至2021年4月，职工医保统筹基金累计结余可支付月数大于6个月的统筹地区，可继续执行阶段性降费政策，职工医保单位缴费费率降低0.5个百分点。此项举措，预计可为企业减负174亿元，持续减轻企业负担，帮助企业渡过难关。
	此外，职工医保(含生育保险)费可缓期缴纳，缓缴期限原则上不超过6个月，缓缴期间，免收滞纳金；保障参保人待遇正常享受；协同税务部门，推动各地利用网站、微信公众号、小程序等线上渠道，开展医疗保险参保登记、缴费等日常经办业务，实现“不见面”办理。凡可通过网上办理的事项，一律不要求到现场办理，减少疫情期间人员流动风险。(完)

【编辑:郭泽华】
</body></doc>