<doc><id>1071</id><url>http://www.chinanews.com/sh/2020/03-05/9115349.shtml</url><title>云南曲靖一男子因划伤疫情防控工作人员获刑一年</title><datetime>2020-3-5 22:08:00</datetime><body>	(抗击新冠肺炎)云南曲靖一男子因划伤疫情防控工作人员获刑一年
	中新网昆明3月5日电(陈静)记者5日从云南省曲靖市检察院宣教处获悉，宣威市一男子因未戴口罩进入集市与疫情防控工作人员发生争执，后用裁纸刀划伤两名工作人员，获刑一年。
	3月2日下午，曲靖市宣威市人民法院利用远程视频审判系统，适用简易程序公开开庭审理了由宣威市人民检察院提起公诉的被告人崔某某涉嫌妨害公务案。
	经审理查明：2020年2月6日，宣威市宝山镇新型冠状病毒感染肺炎疫情防控指挥部成立集镇市场管理及人员劝返组，对集镇的来往民众开展疫情防控宣传及对未佩戴口罩人员进行劝返。
	2月8日15时许，被告人崔某某未佩戴口罩进入宝山镇富民街集市，宝山镇疫情防控集镇市场管理及人员劝返组执勤人员柴某某、周某某、解某某等人对崔某某进行劝返时，崔某某不予配合并与执勤人员发生争执。在争执过程中，崔某某用随身携带的裁纸刀将周某某的头部和解某某的面部划伤。
	2月9日，经宣威市公安司法鉴定中心鉴定，周某某和解某某身体所受损伤程度均为轻微伤。庭审中，被告人崔某某对公诉机关指控的事实、罪名及量刑建议均无异议，并自愿认罪认罚。
	法院审理认为：被告人崔某某在疫情防控期间不遵守疫情防控的相关要求，在疫情防控工作人员劝返过程中使用暴力阻碍并致伤疫情防控工作人员，其行为已构成妨害公务罪。
	鉴于被告人崔某某归案后如实供述犯罪事实，认罪认罚，依法可从轻处罚。根据其犯罪性质、犯罪情节、社会危害程度及认罪悔罪表现，依照《中华人民共和国刑法》第二百七十七条，第六十七条第三款，第六十四条之规定，当庭宣判被告人崔某某犯妨害公务罪，判处其有期徒刑一年。该量刑采纳了宣威市人民检察院对被告人崔某某判处有期徒刑一年的量刑建议，被告人崔某某当庭表示不上诉。
	据悉，该案系曲靖市检察机关起诉的首例妨害疫情防控违法犯罪案件。从受理审查起诉到庭审宣判仅用时12天，从严从快惩处了妨害疫情防控的犯罪行为，为打赢疫情防控阻击战提供了有力法治保障。(完)
【编辑:郭泽华】
</body></doc>