<doc><id>1072</id><url>http://www.chinanews.com/gj/2020/03-05/9115362.shtml</url><title>南非出现首例新冠肺炎确诊病例</title><datetime>2020-3-5 22:07:00</datetime><body>	(抗击新冠肺炎)南非出现首例新冠肺炎确诊病例
	中新社约翰内斯堡3月5日电(记者王曦)南非卫生部长穆凯兹5日召开紧急记者会对外证实，南非出现首例新型冠状病毒肺炎确诊病例。
	当日，穆凯兹对外发表声明，确认一名南非男性经检测呈阳性反应。据他介绍，该患者是一名38岁男性，居住在南非的夸祖鲁·纳塔尔省，此前与妻子等共计10人一同前往意大利旅行，3月1日回到南非。随后，该名患者于3月3日向医生报告，称其出现发烧、头痛、全身不适、喉咙痛和咳嗽等症状，医生随即在第一时间为其进行化验。
	自3月3日以来，这名患者一直处于自我隔离状态，直至被确诊感染。随即，这名医生也被隔离。
	穆凯兹称，目前相关医疗小组和流行病学专家已经前往患者所在的夸祖鲁·纳塔尔省，南非卫生部将密切关注疫情发展。(完)
【编辑:何路曼】
</body></doc>