<doc><id>1073</id><url>http://www.chinanews.com/gn/2020/03-05/9115360.shtml</url><title>东北三省联动“防输入”</title><datetime>2020-3-5 22:06:00</datetime><body>	(抗击新冠肺炎)中国东北三省联动“防输入”
	中新社哈尔滨3月5日电(记者史轶夫)黑龙江省疫情防控工作新闻发布会5日晚在哈尔滨市举行，黑龙江省与辽宁省、吉林省会商，已经启动东北三省互动合作机制，推动实施“防输入”三省联动，实现从韩国、日本入境人员信息互通互享，形成联防联控工作格局。
	韩国、日本是中国东北三省传统的、重要的贸易伙伴，人员往来密切。从黑龙江省来看，2月15日至2月29日，从韩国、日本乘坐飞机入境人员较多，经由外省口岸入境转乘其他交通工具进入黑龙江省人员也比较多，防输入的压力非常大。
	根据当前疫情防控需要，同时考虑疫情形势的发展，黑龙江省对来自韩国、日本等疫情严重国家经哈尔滨和牡丹江机场入境人员(含辽宁籍、吉林籍人员，外交人员除外)，入境后采取有关的检验检疫和防控措施，在哈尔滨市和牡丹江市分别设立集中隔离点，根据入境人员实际情况就近一律采取集中隔离医学观察14天。
	目前，中国东北三省都采取了比较具体的措施。当前，联防联控，共同做好境外输入性疫情防控工作，已经成为东北三省需要共同面对的问题。
	黑龙江省与辽宁省、吉林省会商，已经启动东北三省互动合作机制，建立省际之间信息共享、协商研判、疫情处理、应急响应、集中转运、及时救治等会商协作机制，推动实施“防输入”三省联动，实现从韩国、日本入境人员信息互通互享，充分掌握入境旅客经由公路、铁路进入跨省界信息，形成联防联控工作格局。(完)
【编辑:郭泽华】
</body></doc>