<doc><id>1074</id><url>http://www.chinanews.com/gj/2020/03-05/9115361.shtml</url><title>外媒：美国新冠肺炎疫情数据有误 确诊流程存在纰漏</title><datetime>2020-3-5 22:05:00</datetime><body>	新华社北京3月5日电根据世界卫生组织发布的统计数据，截至4日，美国共报告108例新冠肺炎确诊病例。《大西洋月刊》等媒体报道指出，美国新冠肺炎疫情数据有误，确诊流程存有纰漏，检测措施不力，核酸检测试剂盒也一度存在质量问题。
	美国《大西洋月刊》网站3日的一篇报道认为，由于美国疾病控制和预防中心只关注入境旅客、筛查输入型病例，没有扩大检测范围，可能遗漏大量感染病例。
	文章说，美国目前已出现非输入型病例，证明疫情进入“社区传播”阶段。位于华盛顿州西雅图的弗雷德·哈钦森癌症研究中心计算生物学家特雷弗·贝德福德称，“有力证据”表明，新冠病毒至少已在华盛顿州传播数周。然而，全美已接受检测的人数非常有限。
	文章指出，当其他国家采取大规模措施防控疫情时，美国公共卫生部门一边盯着表面数据说疫情极可能在美国传播，一边在原地踏步。
	美国《科学》杂志官网近日刊文说，美国疾控中心等机构有关新冠肺炎的确诊方式一度限制了全国新冠病毒的检测能力。截至2月底，美国只完成459次检测。
	文章还说，美国的新冠病毒核酸检测试剂盒也一度存在质量问题。早在2月初，美国就开发出新冠病毒的核酸检测试剂盒，可试用几天后就发现试剂盒存在质量问题。
	法国《回声报》日前在报道中提到，美国现阶段新冠病毒检测措施不力。美国疾控中心大规模检测行动的开展滞后于疫情发展。美国疾控中心使用的试剂盒还被证实有缺陷，需要紧急生产新产品。
	报道指出，美国的检测效率也令人不满，目前韩国日均检测1万人次，而美国日均检测数量仅为数百人次。美国官方至今未公布可供民众前往并进行检测的医疗机构名单。此外，美国高昂的医疗费用可能成为新冠病毒防控的一大障碍。不少民众可能会因为担心高昂的检测和治疗费用而选择延后报告或隐瞒症状。
【编辑:田博群】
</body></doc>