<doc><id>1077</id><url>http://www.chinanews.com/cj/2020/03-05/9115339.shtml</url><title>安徽省家政服务机构新冠肺炎疫情防控指南发布实施</title><datetime>2020-3-5 22:04:00</datetime><body>	(抗击新冠肺炎)安徽省家政服务机构新冠肺炎疫情防控指南发布实施
	中新网合肥3月5日电(记者赵强)安徽省家政服务团体标准——《家政服务机构新冠肺炎疫情防控指南》5日发布实施，这标志着该省家政服务企业疫情防控工作有了科学、专业、规范、权威的标准和依据。
	该团体标准由安徽省家庭服务业协会提出，合肥安心家政服务有限公司等7家单位共同研究起草，共5章9节33条。该团体标准积极回应了安徽省家政服务企业、从业人员和客户各方需求，规定了家政服务机构新冠肺炎疫情防控的组织保障、疫情防控和疫情处置等主要内容。
	在组织保障方面，明确应成立新冠肺炎疫情防控领导小组，制定机构复工复产、人员管控、场所清洁消毒工作方案和突发疫情应急处置预案，根据需要配备至少满足7天使用数量、符合相关标准、包括但不限于防护口罩、体温测量用具、消毒剂等防疫物资。
	此外，在疫情防控方面，就防控宣传、人员防控、外来人员、场所防控、服务过程防控等提出了具体明确的要求，要求采取微信、QQ等视频会议手段向工作人员和客户宣传口罩佩戴方法、七步洗手法；家政服务人员应全程佩戴口罩，并提醒客户全程佩戴口罩；杜绝随意涨价，稳定服务价格，保障服务供应，提高服务质量。在疫情处置方面，明确了发现、报告和处置等程序规定和工作要求。
	据了解，新冠肺炎疫情发生以来，安徽省家政服务行业基本处于停工状态。该团体标准的发布，为家政服务企业和从业人员安全有序复工提供了技术支撑。相关行业协会也将以该团体标准为契机和抓手，引导安徽省家政行业按照政府相关部门要求，扎实做好疫情防控和安全复工，助力家政服务企业尽快恢复正常运营和良性发展。(完)
【编辑:郭泽华】
</body></doc>