<doc><id>1079</id><url>http://www.chinanews.com/cj/2020/03-05/9115357.shtml</url><title>优惠政策“靶向发力” 深圳前三月预计企业减税15亿元</title><datetime>2020-3-5 22:03:00</datetime><body>	新华社深圳3月5日电(记者印朋)今年1月份至3月份，深圳全市企业免征的房产税、城镇土地使用税，预计减税规模达15亿元。这是记者5日从深圳市税务局了解到的。
	深圳税务局通过税收大数据为企业复工复产提供帮扶措施。“税收优惠政策靶向发力，政策落地让企业应享尽享。”深圳市税务局总审计师李显著说，深圳税务以“延期缴纳和减免税款”为企业复工复产送上一份“政策福利”。
	截至目前，深圳市税务局累计办理纳税人延期缴纳税款申请2761户，涉及税款16.62亿元。深圳市企业免征2020年1至3月的房产税、城镇土地使用税，预计减税规模达15亿元，惠及纳税人户数4.53万户(次)。
	此外，深圳税务极速退税业务在今年以来累计办理出口退税154亿元，其中疫情期间通过“非接触式”办税累计办结13000笔出口退税业务，涉及退税款70.62亿元。

【编辑:田博群】
</body></doc>