<doc><id>108</id><url>http://www.chinanews.com/ga/2020/03-03/9112433.shtml</url><title>澳门青年联合会捐赠4000只口罩驰援广州南站</title><datetime>2020-3-3 20:44:00</datetime><body>	中新网广州3月3日电(郭军杨高峰)“感谢广东团省委！感谢澳门青年联合会！4000个口罩收到了！”2020年3月3日，在广东团省委的牵线搭桥下，广州南站收到了一批来自澳门青年联合会捐赠的抗疫爱心物资——4000只口罩，广州南站团委负责人激动地说。
	据了解，广州南站管辖的珠海站紧邻拱北口岸，2012年底广珠城际开通运营后，迅速成为了澳门特别行政区与内地往来的重要通道。
	为了给往返澳门与内地的旅客提供更优质、更精准的服务。广州南站对广珠城际候车区进行优化调整，满足旅客候乘需求，并增加了安检仪、验证闸机、卫生间、饮水机等服务设备设施。直接对接澳门旅客的珠海站，更是不断优化服务措施，优化列车开行线路，增加开行珠海到北京、上海、郑州、昆明等城市的11对跨线列车；在售票窗口开启“三语”(普通话、粤语、英语)服务窗；开通自动售(取)票机对港澳通行证的识别功能……让旅客乘车出行更便捷、更舒心。
	今年疫情暴发后，广珠城际沿线客流有所减少，但随着越来越多的企业开始复工复产，旅客到发量逐步增长。为了确保旅客平安出行，车站全体工作人员始终坚守在疫情防控的第一线，口罩等防疫物资的消耗量和需求量比较大。澳门青年联合会了解到车站疫情防控物资的需求后，立即通过广东团省委向车站捐赠了4000只口罩。(完)
【编辑:何路曼】
</body></doc>