<doc><id>1081</id><url>http://www.chinanews.com/sh/2020/03-05/9115338.shtml</url><title>深圳疫情防控志愿服务超12万人次</title><datetime>2020-3-5 22:03:00</datetime><body>	(抗击新冠肺炎)深圳疫情防控志愿服务超12万人次
	中新网深圳3月5日电(郑小红朱族英)3月5日是“3·5学雷锋纪念日”，同时也是第15个“深圳义工节”。记者从共青团深圳市委员会(下称“团市委”)获悉，在疫情防控期间，668个社区联防联控志愿服务小队开展了社区、小区服务，总计超12万人次。
	深圳市委书记王伟中、市长陈如桂致信感谢奋斗在新冠肺炎疫情防控一线的志愿者。他们说，自新冠肺炎疫情发生以来，深圳这座爱心城市的志愿者们投身疫情防控一线，奋战在在大街小巷、社区门口、商场超市等地落实防疫措施，包括测温、询问复工企业情况、配送防疫物资等。
	在志愿者中，有支598人参加的深圳市防疫外语志愿服务队伍。这是深圳团市委依托市、区各级志愿者组织招募掌握英语、韩语、日语等语种志愿者组成外语志愿服务队伍。志愿者们根据社区国际化的志愿服务需求，参与防疫期间的外语翻译、登记协助、情绪疏解等工作。
	深圳南山区外籍居民自发为疫情募集善款，发动国际志愿者力量录制疫情防控音频，主动策划开展心理咨询、英语角等免费的线上交流活动。
	此外，深圳各社区志愿服务小队在“志愿深圳”信息平台发布了15577项防疫志愿服务活动；国家级心理咨询师、心理医生、专业社工等群体共1231名心理服务志愿者，累计开通18条热线，服务一线战“疫”人员、普通市民群众11039人次。截至目前，深圳市共组织12122人次志愿者协助10217个企业开展复工复产志愿服务。(完)
【编辑:郭泽华】
</body></doc>