<doc><id>1083</id><url>http://www.chinanews.com/ty/2020/03-05/9115344.shtml</url><title>杭州体育部门为支援湖北医务人员免费开放体育场馆</title><datetime>2020-3-5 22:02:00</datetime><body>	中新网杭州3月5日电(记者沈琍蓝)5日，在杭州市召开的第三十一次新型冠状病毒肺炎疫情防控工作网络新闻发布会上，该市体育局党组成员、二级巡视员漆宪忠就对支援湖北医务人员的关怀举措问题进行回答，鼓励该市体育场馆自愿向在杭支援湖北医务人员免费开放。
	为打赢疫情防控阻击战，杭州支援湖北医务人员不惧风险逆行而上，舍小家为大家英勇奋战在抗击疫情最前线，为维护人民群众生命健康安全发挥了重要作用。截至目前，杭州市属医院支援湖北医务人员共有122名，区属支援武汉医护人员192名，合计314名。
	漆宪忠表示，杭州市体育部门为贯彻落实杭州市委市政府关于进一步做好支援湖北医务人员及其家属保障工作的通知精神，激励关爱在杭支援湖北医务人员向全市体育场馆发出倡导，鼓励体育场馆自愿向在杭支援湖北医务人员免费开放。
	目前，已确定了杭州市体育发展集团、游泳健身中心、大关游泳健身中心、江干区体育中心、室外网球场等全市42个体育场馆自复工开放之日起至今年12月31日，向在杭支援湖北医务人员免费开放。
	届时，在杭支援湖北医务人员可凭杭州市体育局统一制作的出入场馆健身卡免费健身，具体场馆名单和免费开放项目可关注杭州发布、杭州市体育局官网、杭州体育微信公众号平台。(完)
【编辑:郭泽华】
</body></doc>