<doc><id>1086</id><url>http://www.chinanews.com/gn/2020/03-05/9115295.shtml</url><title>财政部：按周调度资金保证湖北周转需要</title><datetime>2020-3-5 22:00:00</datetime><body>	(抗击新冠肺炎)中国财政部：按周调度资金保证湖北周转需要
	中新社北京3月5日电(记者赵建华)中国财政部副部长许宏才5日在北京介绍，疫情发生以来，财政部和湖北省保持密切联系，加大对湖北应对疫情和做好“三保”(保基本民生、保工资、保运转)的支持。
	当天国务院联防联控机制举办的新闻发布会上，许宏才介绍说，疫情发生以来，中央财政安排湖北防控经费62亿元(人民币，下同)。这些资金开通了绿色通道，很快就能到达湖北。财政部还密切关注湖北的财政运行情况，保证正常运转。
	他表示，因为主要根据上月的情况缴纳税款，1月份湖北的收入平稳增长。2月份的情况发生较大变化，只有零星收入入库。但2月末，湖北省国库库款的情况较好。
	除了疫情防控和基本支出安排之外，很多支出实际上没有开支，湖北省国库库款余额1306亿元。许宏才说，总体而言，“跟正常的需要相比是够的”。我们判断，进入3月份以后，湖北省的国库收入仍会保持零星入库。
	但随着疫情防控和复产复工，财政支出会相应增加。从3月份开始，财政部对湖北省建立国库库款周调度制度，保障国库的资金需求，确保防控疫情和“三保”支出需要。
	许宏才介绍说，周调度机制从3月份开始实施。第一周已经给湖北省提前拨付资金350亿元。下一周，继续跟湖北保持密切联系，综合考虑湖北的财政收支状况、库款运行、债务发行和兑付等情况，及时按周调度资金，保证湖北省库款资金周转需要。同时，督促湖北省财政厅，加强对县区财政库款保障的支持。(完)
【编辑:张楷欣】
</body></doc>