<doc><id>1087</id><url>http://www.chinanews.com/cj/2020/03-05/9115352.shtml</url><title>南方网评：落细落实“三个着力” 精准推动复工复产</title><datetime>2020-3-5 21:58:00</datetime><body>	中共中央政治局常务委员会3月4日召开会议，研究当前新冠肺炎疫情防控和稳定经济社会运行重点工作。习近平总书记主持会议并发表重要讲话。他强调，必须深入贯彻落实统筹推进疫情防控和经济社会发展工作部署会议精神，加快建立同疫情防控相适应的经济社会运行秩序，完善相关举措，巩固和拓展这一来之不易的良好势头，力争全国经济社会发展早日全面步入正常轨道，为实现决胜全面建成小康社会、决战脱贫攻坚目标任务创造条件。
	经济社会是一个动态循环系统，不能长时间停摆。新冠肺炎疫情发生后，如何在较短时间内整合力量、全力抗击疫情，这是很大的挑战；在疫情形势趋缓后，如何统筹好疫情防控和复工复产，这也是很大的挑战。此次会议指出，要根据疫情分区分级推进复工复产，要把复工复产与扩大内需结合起来，要在扩大对外开放中推动复工复产，就为各地加快建立同疫情防控相适应的经济社会运行秩序，抓紧推进经济社会发展各项工作，精准有序扎实推动复工复产指明了正确方向，提供了基本遵循。
	着力落实分区分级推进复工复产。应该看到，经过全国上下艰苦努力，当前已初步呈现疫情防控形势持续向好、生产生活秩序加快恢复的态势。但与之同时，湖北和武汉疫情防控任务依然艰巨繁重，其他地区人员流动和聚集增加带来的疫情传播风险在加大，加强疫情防控不容放松懈怠，必须在落实分区分级精准防控策略的基础上推进复工复产。复工复产是个系统工程，涉及到劳动力要素、生产资料要素等的供应，需要多方协作。一方面，要着力加大疫情防控重点物资的生产供应，采取“点对点”等多种交通运输方式让员工尽快返岗复工，严格做好员工吃、住、行、车间管理等环节防疫工作，保证员工安全健康的生产生活环境。另一方面，要坚持全国一盘棋，维护统一大市场，促进上下游、产供销、大中小企业整体配套、协同复工，切实提高复工复产的整体效益和水平。
	着力满足扩大内需加快复工复产。市场的需求就是最好的生产和市场。就当前我国经济发展阶段来看，消费对经济增长的基础作用、对创新创业的牵引作用、对产业转型升级的引领作用不断凸显。受疫情影响，由于诸多市场需求被按“暂停键”，导致整个经济运行特别是消费受到一定影响，此种情形下满足扩大内需无疑是推进复工复产、推动经济发展的“牛鼻子”。具体来说，就要把复工复产与扩大内需结合起来，围绕扩大需求特别是新消费存在的短板，加大公共卫生服务、应急物资保障领域投入，加快5G网络、数据中心等新型基础设施建设进度，把被抑制、被冻结的消费释放出来，把在疫情防控中催生的新型消费、升级消费培育壮大起来，使实物消费和服务消费得到回补，切实将我国发展的巨大潜力和强大动能充分释放出来。
	着力扩大对外开放推动复工复产。受新冠肺炎疫情影响，外贸企业除面临国内企业共性问题外，还面临接单难、履约难、国际物流不畅、贸易壁垒增多等诸多外部因素，稳定外贸外资基本盘仍需围绕优化营商环境，扩大对外开放，长短相济，多措并举。既要努力做好稳外贸、稳外资工作，开拓多元化国际市场，优先保障在全球供应链中有重要影响的外资龙头企业和配套企业复产复工，保障全球供应链稳定性，也要落实好外商投资法，推出更多实质性开放措施，扩大金融等服务业对外开放，积极帮助外资企业解决复工复产中的困难，抓好标志性重大外资项目落地，为外资企业健康可持续发展营造良好政策环境。
	疫情既是一次危机，也是一次大考。一手抓疫情防控，一手抓复工复产，贵在精准，要在落实。在确保疫情防控到位的前提下，推动非疫情防控重点地区企事业单位复工复产，恢复生产生活秩序，就能实现人财物有序流动、产供销有机衔接、内外贸有效贯通，把疫情造成的损失降到最低限度，实现全年经济社会发展目标任务。(南方网罗建华)
【编辑:郭泽华】
</body></doc>