<doc><id>1088</id><url>http://www.chinanews.com/ga/2020/03-05/9115327.shtml</url><title>香港医管局推算本地新冠病毒传播率降至“一传一”</title><datetime>2020-3-5 21:58:00</datetime><body>	(抗击新冠肺炎)香港医管局推算本地新冠病毒传播率降至“一传一”
	中新社香港3月5日电(记者卓隆)香港医院管理局(医管局)此间以数学模型推算本地新型冠状病毒的传播率，已由“一病人约传染二人”下降至“一传一”。5日，有香港医生对中新社记者分析，病毒传播率下跌，反映新冠肺炎疫情在香港处于可控状态。
	近日，医管局通过香港在1月30日至2月26日的确诊病例，运用数学模型作出推算，在2月13日前的病毒传播率为“一病人传2.3至2.68人”；在2月13日至26日，传播率已下降至“一病人传一人”。
	医管局表示，根据目前的传播情况推算，香港本地确诊病例本月底或增至140宗。
	香港特区政府行政会议成员、儿科及社区医学医生林正财表示，病毒传播率下跌，显示新冠肺炎疫情在香港处于可控状态，也代表早前学校停课、压缩香港与内地的跨境人流等疫情防控措施在短时间内发挥作用，但全港市民不能掉以轻心。
	“‘一传一’并不代表安全，要远低于‘一传一’才算是安全。”林正财分析，若病毒传播率进一步下降至“一病人传零点几个人”，这就是反映疫情将会慢慢消退。(完)
【编辑:朱延静】
</body></doc>