<doc><id>1089</id><url>http://www.chinanews.com/sh/2020/03-05/9115293.shtml</url><title>广东警方查处涉疫情案件5738起 6165人落网</title><datetime>2020-3-5 21:57:00</datetime><body>	(抗击新冠肺炎)广东警方查处涉疫情案件5738起6165人落网
	中新社广州3月5日电(索有为梁振林)记者5日从广东省公安厅获悉，1月25日至3月4日，广东警方打击查处涉新冠肺炎疫情违法犯罪案件5738起，抓获涉案人员6165人。
	据了解，1月25日至3月4日，广东警方共破获涉疫情电信网络诈骗案件2727起，抓获犯罪嫌疑人1857名，涉案总金额1.08亿元(人民币，下同)，累计清理整治市场、酒楼饭店等经营场所4.9万个(次)；破获哄抬物价、侵犯知识产权、合同诈骗、虚假广告案件222起；立案查处制售假劣药品、医疗器械、医用卫生材料案件70起；立案查处以危险方法危害公共安全案件23起，妨害传染病防治案件81起，妨害公务案件136起。
	广东警方披露的案例显示，2月17日，深圳市公安局光明分局接事主吴某报案称，其于2月8日与朋友陆续多次通过网络社交平台向黄某泽转账共310万元用于购买口罩，黄某泽承诺2月13日能到货。后多次催货，黄某泽均未发货。2月16日和17日，经事主要求，黄某泽陆续退还了108万余元后，以限额为由不再退款。
	深圳市公安局光明分局以诈骗案立案展开侦查，迫于警方压力，2月21日，黄某泽从杭州来到深圳自首，如实供认其在没有货源情况下诈骗款项的犯罪事实，并供述剩余资金全部用于赌博输完。2月22日，黄某泽被依法采取取保候审措施。(完)
【编辑:白嘉懿】
</body></doc>