<doc><id>109</id><url>http://www.chinanews.com/sh/2020/03-03/9112479.shtml</url><title>战“疫”前线的消杀卫士：做好扫除病毒的“清道夫”</title><datetime>2020-3-3 20:41:00</datetime><body>	(抗击新冠肺炎)战“疫”前线的消杀卫士：做好扫除病毒的“清道夫”
	中新网太原3月3日电题：战“疫”前线的消杀卫士：做好扫除病毒的“清道夫”
	作者杨杰英陈艳迪
	“家里没什么事吧？我今天一切都好，你和孩子在家也要注意勤通风、勤洗手，不敢大意。”挂断手机视频，张鹏翔这才带着一身疲惫沉沉睡去。
	作为一名消杀员，他已经在疫情一线连续奋战了一个月。这一个月，他每天早出晚归，吃住都在单位，没有回过家，但不管多忙多累，他都没有半句抱怨。
	新冠肺炎疫情来势汹汹，这是一场突如其来的挑战，也是一场没有硝烟的战争。危难时刻，作为山西沁水县疾控中心病媒生物控制科职工的张鹏翔，全身心投入到疫情防控阻击战中。
	控制传染病最重要的手段就是流调和消杀，如果说流调队员是排查病毒的“侦查兵”，消杀队员就是扫除病毒的“清道夫”。
	作为从事专业消毒工作17年，累计处置大小疫情十几起的老消杀员，张鹏翔每次接到消杀任务，总是第一个穿好防护服，带齐装备，赶赴消杀点；第一个进入“疫”点，测量“疫点”面积，计算消毒药量，配置消毒液浓度；对疫源地的每件物品、墙面、地面、开关、门把手等物体表面，病人的分泌物、呕吐物、污染物、排泄物，病人乘坐的交通工具等进行严格的终末消毒，确保消毒效果。
	沁水县城三个集中隔离场所的消毒、发热病人及重点观察对象的采样、流调人员使用的医疗废弃物跟踪消毒……都能看到他的身影，只要有消杀需要，他便会自告奋勇，奔赴一线。
	消杀过程中，由于每次消毒作业都需要2-3个小时，张鹏翔和同事们需要背着笨重的消杀工具保持着一种姿势，闻着刺鼻的消毒药水味进行作业。
	每次消杀任务结束，他们全身都会被汗水浸透，身上脸上满是勒痕，嗓子都发干发痒。
	“这是我的本职工作，我只是尽了自己的一点微薄之力，希望疫情能够早点过去，一切可以恢复往日的热闹和美丽。”据统计，新冠肺炎疫情发生以来，张鹏翔和同事们累计出入消杀现场40余次，消杀面积达10余万平方米。
	除了对物面进行消杀，张鹏翔经常会在隔离点与隔离人员对话谈心，帮助疏导他们紧张焦虑的情绪。他表示，“这是精神上的杀毒，也是至关重要的。我们与隔离人员都在与疫情作斗争，来自家人朋友和外界的关心都是我们战斗的动力。”
	“疫情就是命令，防控就是责任。”张鹏翔和同事们穿梭于没有硝烟的战场，冒着被感染的风险，勇往直前与病毒作斗争，以实实在在的行动，全力以赴筑牢疫情防线。(完)
【编辑:郭泽华】
</body></doc>