<doc><id>1091</id><url>http://www.chinanews.com/tw/2020/03-05/9115328.shtml</url><title>台湾新增2例新冠肺炎确诊病例 累计44例</title><datetime>2020-3-5 21:57:00</datetime><body>	(抗击新冠肺炎)台湾新增2例新冠肺炎确诊病例累计44例
	中新社台北3月5日电台湾“流行疫情指挥中心”5日晚间宣布，台湾新增2例新冠肺炎确诊病例，1例曾与第39例确诊患者接触，另1例为由菲律宾移入。至此，台湾累计确诊病例44例，其中死亡1例。
	据中央社、《联合报》等台湾媒体报道，第43例确诊患者为50多岁女性，近期无出境旅游史，曾与第39例患者一同在插花班上课，且坐正对面，故列为接触者。该患者3月3日因发烧及喉咙痛症状就医并住院隔离，4日采检通报，5日确诊，研判为群聚案例。
	第44例确诊患者为30多岁男性，曾与友人到菲律宾旅游，3月2日于菲律宾当地出现胃胀及腹泻症状，3日返台后因喉咙干、疲倦而去诊所就医，5日检验确诊，目前已被收治负压隔离病房。
	据统计，台湾累计通报2791个案，含44例确诊。确诊个案中，1人死亡、12人已出院，其余患者住院隔离，状况稳定。(完)
【编辑:何路曼】
</body></doc>