<doc><id>1092</id><url>http://www.chinanews.com/gn/2020/03-05/9115346.shtml</url><title>香山评论：自带正能量的“战‘疫’医护表情包”，你get到了吗？</title><datetime>2020-3-5 21:57:00</datetime><body>	近日，由武汉江汉开发区方舱医院所拥有的战‘疫’医护表情包悄然吸睛。方舱医院的医护工作者们把生动形象的表情包贴在身上，希望能够把“真棒”“奥利给”“OK”等正能量，以及“早点休息”“适度锻炼”“戴口罩”的健康提醒传递给舱内病人，给病友加油打气，缓解他们紧张、焦虑的情绪，从而有利于身体的恢复。
	“真棒”“奥利给”“OK”，既是给病友加油打气，也是给医护人员坚守的鼓励。前不久我们看到过方舱医院中出现过“写满感恩话”的心愿墙，出现过“斗诗会”，出现过“与病患共舞”，出现过防护服上写的“吸睛字画”，而今在医护人员防护服上贴上生动形象的“医护表情包”，处处体现着医护人员对患者的关怀。曾经寂静，只能听见医生奔跑、喊话的声音，而今又出现吸睛的表情包，通过患者的眼睛直达他们的心灵，让患者能够心领神会。曾经看着医护人员穿着“一层不染”的防护服来回奔走，在“狭窄”的舱内铿锵步履，成了患者眼里最美丽的一道风景线，而今贴上医护表情包的防护服，仿佛每时每刻都在为患者加油，同时对医护人员自己来讲，好像再说“疫情还没有结束，同志仍需努力。”
	“早点休息”“适度锻炼”“戴口罩”，既是关心舱内病友，也是彰显医护人员“救死扶伤”的责任担当。从驰援医护人员的精心呵护、良好的医护环境，到医护人员防护服上的医护表情包，无一不在彰显着医护人员用行动为患者构筑起温馨的居所，只为患者能够安心调养。从刚开始的不间断的来回奔走，到医护人员与患者共跳欢快的广场舞和健美操，再到无声关心的“适度锻炼”“戴口罩”医护表情包，无一不在彰显医护人员“救死扶伤”的责任担当。正因有医护人员变着花样的关心舱内病友，才坚定了患者与病毒抗争到底的信心，才有了患者对医护人员的“言听计从”。
	“杀死病毒”“早日康复”“必胜”，既是期待患者早日战胜疫情，也是医护人员的“初心不忘”。面对险重的疫情任务，医护人员冒着被感染的巨大风险，把救治病人作为第一己任，竭尽全力地救治、无微不至地照顾，让患者感受到了亲人的温暖。在防护服上贴上“早日康复”“必胜”的医护表情包，是医护人员的“不忘初心”，是医护人员的职业素养和责任。穿着厚厚的防护服，尽量少说话，用医护表情包来精准表达自己的情绪，把心中“只可意会，不可言传”的感受生动形象地表达出来，向患者传达亲情和愿望，期待患者早日战胜疫情。
	医护人员能够不说话的尽量不说话，飞沫传播的后果是很严重的；能用表情包解决的事情，尽量不要用说话去解决；能用表情包解决的事情，绝不要用敲字去解决！战‘疫’医护表情包让患者与医务工作者之间不在有“距离”。医务工作者在想方设法地为患者来回奔走，即使双眼长期“藏”在护目镜下已是疲惫不堪，即使脸颊长期被口罩“欺负”已是“伤痕累累”，但是他们依然坚守岗位，花样百出地让患者安心、顺心、舒心。(文/大扑云)
【编辑:郭泽华】
</body></doc>