<doc><id>1093</id><url>http://www.chinanews.com/tw/2020/03-05/9115330.shtml</url><title>台湾餐饮零售受疫情重创 业者担忧当局纾困措施成效</title><datetime>2020-3-5 21:56:00</datetime><body>	(抗击新冠肺炎)台湾餐饮零售受疫情重创业者担忧当局纾困措施成效
	中新社台北3月5日电新冠肺炎疫情持续，台湾餐饮、零售等行业受到重创。台当局近期拟推出措施振兴消费，但有业者担忧相关纾困措施的成效。
	据中央社、中时电子报等台湾媒体报道，当局经济主管部门统计处近期调查显示，有高达六成零售业者认为业绩将受疫情影响，餐饮业更不乐观，有79.2%的业者认为会受到影响。
	该处副处长王淑娟称，以SARS经验来看，受疫情影响，民众会减少消费需求，但需求不会消失，而是延后。
	台湾商业总会理事长赖正镒则认为，调查显示，商业、服务业等的业者对2月业绩不乐观，可能较1月大减五成。
	与此同时，台湾旅游业受到的冲击更给消费领域带来负面影响。台湾旅行业品质保障协会秘书长吴美惠3月2日表示，疫情导致旅行社业者资金缺口扩大，上半年恐有逾500家旅行社面临停业，1500家被迫放无薪假。若疫情未改善，停业风波恐将进一步扩大，预估下半年恐有逾九成业者将失业。
	赖正镒指出，大陆、日本、韩国游客不来，加上民众宅在家里不出门，让旅游、餐饮等行业成为疫情重灾区，已有业者难以支撑，预计上半年业绩将大受影响。
	台湾政治大学经济学系教授林祖嘉称，台湾目前已有企业经营困难的情况，如果疫情持续至今年上半年，或出现严重裁员和企业倒闭潮。
	为应对疫情，台湾当局提出发放“振兴抵用券”措施，称将针对全台餐饮、商圈、夜市及艺文等4类范畴，补助约35万家业者，金额大概为每人600元到800元新台币，希望在疫情冲击期间起到纾困效果。
	有业者担忧相关措施的成效。中央社报道指，台湾连锁加盟促进协会副秘书长柯建斌称，大型餐饮业者有高房租、高成本等先天劣势，在疫情影响之下受创特别严重。当局提出的长期振兴方案远在半年到一年之后，对于连锁餐饮业者缓不济急。
	台北士林市场自治会会长林天来认为，抵用券无法实际带动消费，不如发现金，或提供摊商电费减免，对摊商才有实质帮助。
	表演艺术联盟理事长林佳锋表示，要先消费才能获得抵用券的做法，逻辑不通。艺文消费人口大都会在自己熟悉的区域看演出，要先到别处住宿再领券，并不是真正适用。(完)
【编辑:何路曼】
</body></doc>