<doc><id>1096</id><url>http://www.chinanews.com/tw/2020/03-05/9115326.shtml</url><title>两岸直航客滚船“中远之星”轮复航</title><datetime>2020-3-5 21:54:00</datetime><body>	(抗击新冠肺炎)两岸直航客滚船“中远之星”轮复航
	中新社厦门3月5日电(黄咏绸蔡修权刘晓菲)记者从厦门海事局获悉，5日，两岸直航客滚船“中远之星”轮恢复正常航班。
	“中远之星”轮是海峡两岸间唯一一条以厦门为母港，夕发朝至，每周三班常态化往返于海峡两岸之间的滚装班轮航线。该轮自今年1月29日开始暂停接载旅客。
	为保障“中远之星”轮顺利复航，厦门鹭江海事处工作人员来到国际邮轮中心码头，登轮开展开航前船舶现场监督检查，对船舶的消防、救生、助航导航设备进行了全面检查，落实船员上岗前体温检测和个人防护措施、船舶舱室消毒、通风等情况，督促企业确保船舶适航，船员适任。(完)

【编辑:何路曼】
</body></doc>