<doc><id>1097</id><url>http://www.chinanews.com/cj/2020/03-05/9115331.shtml</url><title>广州“稳经济”48条重新“上架” 降税、减租、购车补贴</title><datetime>2020-3-5 21:52:00</datetime><body>	(抗击新冠肺炎)广州“稳经济”48条重新“上架”降税、减租、购车补贴
	中新社广州3月5日电(记者王华)3月5日，广州市政府官网重新挂出《广州市人民政府关于印发广州市坚决打赢新冠肺炎疫情防控阻击战努力实现全年经济社会发展目标任务若干措施的通知》(以下简称《通知》)共48条“稳经济”措施，包括降税、减租、购车补贴等。但此前的“解禁类住宅”相关内容未再提及。
	《通知》要求努力把疫情影响降至最低，推动经济高质量发展。48条措施包括进一步减税降费、减轻企业和个人租金负担、优化“五险一金”政策、加大项目建设和投资力度、提振汽车消费、复苏文化旅游业、降低外贸企业经营风险等。
	值得注意的是，广州市政府官网3日已挂出该《通知》，其中第三十一条显示，优化商服类项目建设和销售管理，商服类项目未完成规划报建手续的不再限定最小分割单元；商服类项目不再限定销售对象，已确权登记的不再限定转让对象。该项措施被解读为广州将解禁“类住宅”(即松绑公寓)，该文件在发布不到一天即被从官网撤下。
	此次重新挂网，该《通知》第三十一条已无相关内容表述，仅为“促进房地产市场平稳健康发展，允许房地产开发经营企业凭商业银行现金保函，申请划拨商品房预售款专用账户资金。加大住房租赁市场扶持力度，加快拨付对住房租赁企业的奖补资金。”
	根据该《通知》，广州从2020年3月1日至5月31日，小规模纳税人增值税征收率由3%降至1%；对生产经营困难、符合条件的企业，可延期缴税期最长不超过3个月；对受疫情影响企业，可免征2020年1月至3月房产税、城镇土地使用税。承租市属、区属国有企业和行政事业单位物业用于线下实体经营的中小微企业，免收2月、3月份租金，视疫情情况可减半收取4月、5月份租金。
	《通知》还提出，加快落实新增10万个中小客车指标额度，并视情况研究推出新增指标。2020年3月至12月底，在使用环节对个人消费者购买新能源汽车给予每车1万元(人民币，下同)综合性补贴；对置换或报废二手车的消费者，在广州注册的汽车销售企业购买“国六”标准新车，每辆给予3000元补助。
	此外，《通知》提到全面落实粤港澳大湾区个人所得税优惠政策，支持在广州就业且符合条件的外籍高层次人才、外籍高级管理人员、创新创业团队的外籍成员、外籍技术人才办理2年至5年居留许可或永久居留许可，凭相关证明文件可申请2年至5年多次入境有效的工作签证。(完)
【编辑:陈海峰】
</body></doc>