<doc><id>1098</id><url>http://www.chinanews.com/gj/2020/03-05/9115324.shtml</url><title>因与日本确诊患者接触 柬埔寨暹粒40多人被隔离观察</title><datetime>2020-3-5 21:48:00</datetime><body>	(抗击新冠肺炎)因与日本确诊患者接触柬埔寨暹粒40多人被隔离观察
	中新社金边3月5日电(记者黄耀辉)柬埔寨卫生部疾病控制中心(CDC)5日表示，目前暹粒省共有超过40名人士因与感染新冠肺炎的日本确诊患者接触，被隔离观察。
	当日下午该疾病控制中心称，被隔离人士中有4人与日本患者有直接接触，其余40多人是间接接触。这些人将被隔离14天，由柬疾病控制中心和巴斯德研究院遵循世界卫生组织标准和透明化原则处理该事件。
	疾病控制中心介绍说，该日本患者是一名商人，近期曾前往越南、泰国、菲律宾、柬埔寨，最后从越南转机返回日本，并在日本机场被检查和证实感染新冠肺炎病毒。
	据日本媒体报道，本月3日，一名日本男子乘坐航班，从暹粒飞往越南胡志明市新山一机场转机前往日本，在回到日本的机场时，该乘客出现发烧症状，经新冠病毒检测呈阳性。
	当日上午，暹粒省长狄西哈说，被确诊感染新冠病毒的日本男子，是在暹粒经商的商人，而非一般来暹粒短暂旅游的游客。他表示，该日本男子在启程前往日本前，并未显露任何感染新冠病毒症状。
	5日，中国驻柬使馆驻暹粒办公室主任刘志杰向中新社记者表示，目前正与在暹粒省中资商会、华社组织联系，要求密切关注该事件，排查是否有与患者接触过的在暹粒的中方人员，包括当日乘坐航班、场所。要求驻暹粒的中方机构，保持高度警惕，切实做好防控疫情工作。(完)
【编辑:何路曼】
</body></doc>