<doc><id>110</id><url>http://www.chinanews.com/gj/2020/03-03/9112474.shtml</url><title>英公布新冠肺炎预防措施 考虑出动军队协助控制疫情</title><datetime>2020-3-3 20:40:00</datetime><body>	中新网3月3日电据路透社报道，英国首相鲍里斯•约翰逊当地时间3日表示，英国军队已准备好支持警方维持公共秩序，这是政府为预防新冠肺炎疫情扩散的最坏情况所做计划的一部分。
	报道称，英国政府3日发布为应对新冠肺炎疫情传播的“作战计划”，其中包括考虑关闭学校，鼓励公民在家工作，并减少大规模的聚集行动等。
	约翰逊强调说：“我完全理解公众对新冠病毒传播的担忧，英国很可能会出现更多确诊病例。保护国家安全是政府的首要任务，我们会确保为国民保健系统提供所需要的一切支持，政府的准备非常充足。”
	约翰逊还表示，必要情况下，国防部将向民政当局提供支持，最坏的情况下，将出动军队协助控制疫情。

【编辑:何路曼】
</body></doc>