<doc><id>1101</id><url>http://www.chinanews.com/gj/2020/03-05/9115323.shtml</url><title>日本感染确诊总数达1047例 中韩入境者将隔离两周</title><datetime>2020-3-5 21:44:00</datetime><body>	(抗击新冠肺炎)日本感染确诊总数达1047例中韩入境者将隔离两周
	中新社东京3月5日电(记者吕少威)截至当地时间5日18时30分，日本新型冠状病毒感染确诊总数达1047例，其中邮轮“钻石公主”号乘客706人。累计死亡人数为12人，其中邮轮“钻石公主”号乘客6人。
	日本首相安倍晋三5日在新型冠状病毒感染症对策总部会议上表示，从当地时间9日0时起直至3月底，将要求来自中国、韩国的入境者，在指定的场所隔离两周，也不要利用日本国内的公共交通系统。对于已向中国、韩国发放的签证，将考虑暂停其效力。
	此外，对于大量囤积并高价倒卖口罩等行为，日本政府称适用于《国民生活安定紧急措置法》，将依法给予打击和惩处。
	当天，滋贺县公布消息称该县发现首例感染者，据悉该感染者于2月24日感觉发冷，25日发烧去医院就诊，经长时间诊治症状不见好转遂怀疑感染了新冠病毒，检测后结果呈阳性。滋贺县正对其感染路径及接触人群进行调查。
	当天，日本多家大型物流公司表示，配送货物时，若收件方同意，可以不用当面签收，采取把货物放在其门口或储物箱等地的措施以减少接触。(完)
【编辑:何路曼】
</body></doc>