<doc><id>1102</id><url>http://www.chinanews.com/tw/2020/03-05/9115277.shtml</url><title>遭民进党当局阻挠返台 滞鄂台胞促准其子女先回台</title><datetime>2020-3-5 21:39:00</datetime><body>	(抗击新冠肺炎)遭民进党当局阻挠返台滞鄂台胞促准其子女先回台
	中新社台北3月5日电由于民进党当局一再阻挠，部分滞留在湖北急需返乡的台胞迄今无法回家。有滞鄂台胞近日提出诉求，希望让子女先回台上学，正等待台湾“流行疫情指挥中心”的决定。
	据《联合报》等台湾媒体报道，一名台胞5日透露，部分台胞上周已向台湾方面陆委会提出先让子女回台上学的诉求。目前相关诉求已被送至台湾“流行疫情指挥中心”。
	该台胞表示，由于各中小学已经开学，有的学校老师了解到小朋友困在湖北无法回台状况，特地把教材拍照，通过网络传到湖北，然后在下课后开直播，一对一教学帮助小朋友跟上开学进度。“我们对老师的用心相当感激，但孩子不能总靠直播上课，还是想回台跟同学一起上课。”
	据了解，有数十名台湾学童现在仍被困在武汉。
	另据中时电子报等3日报道，目前滞留湖北的台胞，正准备自费跨海请台湾律师帮忙与当局打官司，凸显他们被剥夺回家的权利问题。早前，民进党当局有关方面称已对过去一年间前往湖北未归的台湾民众1600余人进行“名单注记管制”，名单内人士如自行搭机返台须经允许。(完)
【编辑:何路曼】
</body></doc>