<doc><id>1105</id><url>http://www.chinanews.com/ga/2020/03-05/9115185.shtml</url><title>修例风波对港铁公司造成23亿港元影响</title><datetime>2020-3-5 21:38:00</datetime><body>	中新社香港3月5日电(记者阮微)“2019年是港铁通车40年来最具挑战性的一年。”港铁公司行政总裁金泽培5日表示。港铁公司方面称，2019年下半年的社会事件对公司造成23亿港元的影响。
	当日，港铁公司公布2019年度业绩，报告显示去年全年盈利119.3亿港元，按年跌25.5%。经常性业务利润下跌44.8%至49.8亿港元，主要受沙中线项目、英国西南铁路公司(SouthWesternRailway)专营权的拨备及公众活动影响。
	金泽培表示，2019年是港铁通车40年来最具挑战性的一年。受社会事件影响，香港铁路网络在去年下半年持续受到严重破坏，影响车务正常运作。截至2019年12月底，估计因公众活动引致车站设施损坏而需要进行复修和更换的费用超过6亿港元。
	港铁公司财务总监许亮华表示，个别车站或商场租户在社会事件中受到影响，公司已为生意受影响的商户提供租金减免。此外，港铁公司也在主动关闭车站或商场以致商户未能如常营业的日子，免却商户当日的租金、管理和杂项费用。他预计社会事件对公司已造成了23亿港元的影响。
	金泽培又指，今年公司仍将面对全球及本地经济前景不明朗、中美贸易关系前景难以估计及社会运动可能延续等许多挑战。新冠肺炎疫情在香港暴发，也令社会运作受严重影响，致本地乘客数量大减，再加上过境服务和高铁服务暂停，2020年首两个月香港铁路服务的总乘客量较去年同期下跌34%。
	他同时表示，尽管如此，公司已推出多项特别支援措施，并承诺2020年全年使用八达通的乘客实际车费将维持不变，更向车站及商场中小型租户提供租金减免支援，希望与大家共度时艰、与香港市民携手同行。(完)
【编辑:何路曼】
</body></doc>