<doc><id>1106</id><url>http://www.chinanews.com/cj/2020/03-05/9115290.shtml</url><title>北京阶段性减征职工医保单位缴费260余亿元支持复工复产</title><datetime>2020-3-5 21:37:00</datetime><body>	(抗击新冠肺炎)北京阶段性减征职工医保单位缴费260余亿元支持复工复产
	中新社北京3月5日电(记者杜燕)北京市医疗保障局5日表示，从2020年2月起，对北京市职工基本医疗保险单位缴费减半征收，减征期限5个月，预计可减轻单位负担260余亿元(人民币，下同)。
	新冠肺炎疫情发生以来，为最大程度减轻企业负担，支持企业复工复产，北京市按照国家规定的最长期限5个月对职工医保单位缴费实施阶段性减半征收。
	北京市医疗保障局表示，该局与北京市财政局、国家税务总局北京市税务局日前联合印发《关于阶段性减征职工基本医疗保险单位缴费的通知》(简称《通知》)。
	《通知》明确，参加北京市职工基本医疗保险的用人单位，自2020年2月至2020年6月，职工医保单位缴费部分实行减半征收，覆盖了63万余户参保单位，预计可减轻单位缴费负担260余亿元。
	《通知》指出，符合疫情期间延迟缴纳职工基本医疗保险费政策的用人单位，在延缴期满后缴纳2020年2月至2020年6月的职工基本医疗保险单位缴费同样实行减半征收。
	根据《通知》，实施职工医保单位缴费减半征收期间，职工医保个人账户划入标准不变，不影响参保人员享受当期医保待遇，不影响个人权益记录。同时，职工个人缴费政策不变，用人单位应依法履行单位缴费和代扣代缴个人缴费的义务。(完)
【编辑:白嘉懿】
</body></doc>