<doc><id>1107</id><url>http://www.chinanews.com/gj/2020/03-05/9115281.shtml</url><title>中美泰三方举行援建小学校舍竣工仪式</title><datetime>2020-3-5 21:36:00</datetime><body>	中新社泰国彭世洛府3月5日电(记者王国安)中、美、泰三国工兵共同建造的泰国彭世洛府瓦特东可伊小学校舍竣工仪式5日在当地举行，标志着三国工兵圆满完成了“金色眼镜蛇-2020”联合军演人道主义工程援建任务。
	工程援建于2月上旬展开。中国派出5名工兵，同泰国、美国工兵共同作业，为当地小学新建一座长20.32米、宽7.8米的砖混结构多功能校舍。
	中泰是友好邻邦，两国人民情同手足。竣工仪式后，中国参演官兵还向学校赠送了一批文体教学器材和生活用品，双方举行了简短而又热烈的物资捐赠仪式。
	物资捐赠仪式上，中方参演官兵与该校小学生们互动交流，现场气氛热烈。
	“金色眼镜蛇”联合军演由泰国和美国联合主办，自1982年以来每年举行一次，是东南亚地区规模最大的联合军事演习。中国今年派出25人的实兵分队，分别参加高级论坛、桌面推演、实兵演练、工程援建等活动。(完)
【编辑:卞磊】
</body></doc>