<doc><id>1108</id><url>http://www.chinanews.com/gj/2020/03-05/9115312.shtml</url><title>新加坡新增5例新冠肺炎确诊病例 多为聚集性感染</title><datetime>2020-3-5 21:36:00</datetime><body>	中新网3月5日电据新加坡《联合早报》报道，5日，新加坡新增5例新冠肺炎确诊病例，累计确诊117例。当天，有两人康复出院，累计81例出院。据悉，在新增的5例确诊病例中，4例为聚集性感染。
	据报道，在这一聚集性病例中，有8例确诊病例与一场私人晚宴有关，包括4例新增确诊病例，以及早前宣布的4例。
	据新加坡卫生部当地时间5日晚发出的公告，该聚集性病例的4名新确诊患者的年龄介于50岁到62岁之间。他们在2月15日曾到一个俱乐部用餐。
	此外，当地时间3日下午，土耳其航空公司的TK54航班降落于樟宜机场，其中一名乘客已经确诊患病。患者为42岁法国籍男子，他持有当地工作准证。

【编辑:何路曼】
</body></doc>