<doc><id>111</id><url>http://www.chinanews.com/sh/2020/03-03/9112476.shtml</url><title>甘肃累计67个贫困县脱贫 紧箍咒严防“刀枪入库、马放南山”</title><datetime>2020-3-3 20:37:00</datetime><body>	中新网兰州3月3日电(艾庆龙冯志军)“摘帽县仍存未脱贫的人口，部分脱贫户由于各种原因还可能返贫，同时‘两不愁三保障’仍处低标准低水平。”甘肃省扶贫开发办公室主任任燕顺3日在兰州说，摘帽县绝不能认为摘了帽就等于交了账，出现“刀枪入库、马放南山”情况，更不能以抓乡村振兴为由“换频道”，把脱贫攻坚必须完成的任务，甩给乡村振兴。
	当日，甘肃省政府新闻办举行新闻发布会通报，该省古浪县、靖远县、天祝县等31个县区，符合贫困县退出条件，正式脱贫摘帽。
	至此，甘肃累计摘帽退出67个贫困县，其中，17个省定插花型贫困县全部摘帽退出，纳入国家“三区三州”的该省9个藏区贫困县历史性地摘掉贫困“帽子”；除嘉峪关市以外的13个市州中，有9个市州贫困县全部摘帽退出。
	任燕顺介绍说，此次脱贫摘帽县区分布在甘肃革命老区、少数民族地区、干旱地区、高寒阴湿地区的9个市州，贫困人口和贫困村数量占该省的55%以上。
	“巩固提升脱贫成果的难度和任务不亚于脱贫攻坚，部分脱贫户稳定增收的难度大、任务重，存在潜在返贫风险。”任燕顺坦言，甘肃还有17.5万贫困人口未脱贫，395个贫困村未退出，8个深度贫困县未摘帽，都是最难啃的“硬骨头”，特别是受新冠肺炎疫情影响，原本繁重的脱贫攻坚任务更加繁重，时间更加紧迫。
	任燕顺表示，攻坚期内，国家、省、市既定的扶贫政策，对摘帽县保持不变，扶持力度不减。同时，对于摘帽县还将进行年度扶贫开发成效考核，开展评估检查、督查巡查。
	据官方公开文件显示，“十三五”期间，甘肃共计划对49.9万建档立卡贫困人口实施易地扶贫搬迁，目前安置住房建设任务已经完成，民众基本实现搬迁入住。
	甘肃省发改委副主任翟建军表示，甘肃将逐安置点、逐户对建档立卡搬迁农户就业、产业扶持情况进行摸底核实，建立跟踪服务台账，为精准帮扶措施提供依据。
	同时，甘肃还将利用到户产业扶持资金和易地扶贫搬迁项目结余资金，发挥农民专业合作社和龙头企业作用，帮助搬迁农户增加收入；推广以工代赈方式，通过公益岗位、扶贫车间、“点对点”劳务输出等多种措施，帮助搬迁村民实现就地就近就业。
	此外，甘肃提出将以创建文明社区、文明家庭为切入点，通过感恩教育、文化素质教育、家庭美德教育、社会交往交流等途径，帮助搬迁村民逐步改变陈规陋习，尽快适应新生活。(完)
【编辑:郭泽华】
</body></doc>