<doc><id>1110</id><url>http://www.chinanews.com/sh/2020/03-05/9115298.shtml</url><title>云南启动沙漠蝗防控 将布设百余监测点</title><datetime>2020-3-5 21:35:00</datetime><body>	中新社昆明3月5日电(王忠美王佳纯)记者5日从云南省林业和草原局获悉，为有效应对沙漠蝗侵入云南风险，云南省启动沙漠蝗防控，将布设110—120个监测点，构建“天空地”一体化、点线面相结合的监测预报网络。
	4日，云南省林草局下发通知，对全省沙漠蝗监测预警和防控工作进行安排部署。
	根据专家组意见，云南将布设110—120个沙漠蝗监测点，启动沙漠蝗监测，构建“天空地”一体化、点线面相结合的监测预报网络，做到早部署、早发现、早控制，严防沙漠蝗侵入、定殖和进一步向国内其他区域扩散。同时，及时开展对蝗虫防控专业队伍和人数、可安全使用的农药、飞行器等情况的摸底筛选，以便分层次、分阶段，有针对性开展防控。
	云南省林草局要求：云南各级林草部门要及时成立防控领导机构及专家组，制定沙漠蝗防控应急预案，抓紧做好治蝗药剂、设备、资金等储备准备工作；加强应急队伍建设、预案演练及监测；并严格执行虫情报告制度，按照草原蝗虫迁飞和发育情况适时启动蝗虫监测报告制度和值班制度，适时发布预警信息。
	此前，联合国粮食及农业组织(FAO)向全球发布了沙漠蝗灾害预警，沙漠蝗已从东非蔓延至印度和巴基斯坦。经专家研判，如果气候条件适宜，沙漠蝗存在从巴基斯坦和印度直接侵入西藏，或者经缅甸侵入云南，或者经哈萨克斯坦侵入新疆的风险。(完)
【编辑:陈海峰】
</body></doc>