<doc><id>1112</id><url>http://www.chinanews.com/ga/2020/03-05/9115279.shtml</url><title>香港出现全球首宗狗只感染新冠病毒个案</title><datetime>2020-3-5 21:34:00</datetime><body>	(抗击新冠肺炎)香港出现全球首宗狗只感染新冠病毒个案
	中新社香港3月5日电(记者王来仪)香港特区政府渔农自然护理署助理署长薛汉宗5日通报，香港一名新冠肺炎确诊患者的宠物狗，对新冠病毒呈弱阳性反应，成为全球首宗狗只感染新冠病毒个案。
	薛汉宗介绍，在2月27日及28日，该狗只的口腔及鼻腔样本对新冠病毒呈弱阳性，3月2日仅鼻腔样本呈弱阳性。署方与香港大学和香港城市大学的专家讨论后，一致认为狗只属低程度感染，属全球首宗狗只对新冠病毒呈阳性个案，已通报世界卫生组织。
	薛汉宗强调，当局在6日内反复测验多次，认为假阳性的可能性极低，相信狗只体内有病毒基因。狗只并未出现任何病征，现时仍在动物隔离中心。
	薛汉宗表示，署方已取得该狗只的口腔、鼻腔、直肠及粪便样本，并取得狗只血清进行血清病毒测试。香港大学亦正分析狗只病毒基因图谱，与确诊患者作分析比较，并检查血清中是否有抗体。
	薛汉宗指出，现时未有资料和案例显示病毒会通过狗只传染人，建议市民将确诊患者的狗只交由渔护署检疫隔离。他强调，人类口罩并不适合狗只配戴，但卫生清洁非常重要，建议市民带狗只外出时注意卫生。(完)
【编辑:于晓】
</body></doc>