<doc><id>1113</id><url>http://www.chinanews.com/gn/2020/03-05/9115285.shtml</url><title>抗疫牺牲的志愿者、社区工作者等家属将获25万元保障金</title><datetime>2020-3-5 21:33:00</datetime><body>	(抗击新冠肺炎)抗疫牺牲的志愿者、社区工作者等家属将获25万元保障金
	中新社北京3月5日电(记者王祖敏)记者5日从中国民政部获悉，因参与疫情防控工作而牺牲的全国志愿者、社区工作者、社会工作者和湖北省养老机构工作者家属将获得25万元(人民币，下同)保障金。
	中国民政部与腾讯公益慈善基金会5日联合启动“携手同心助战疫——志愿者、社区工作者、社会工作者和湖北省养老机构工作者关爱保障行动”。此项行动的具体计划分为两部分：第一部分是为参与疫情防控而感染或牺牲的全国志愿者、社区工作者、社会工作者和湖北省养老机构工作者提供关爱保障金，资金规模为5000万元。其中，重症、危重症新冠肺炎感染者可优先获得5万元的保障金，身故者家属将获得25万元保障金。
	第二部分是提供专项保险保障，该保险由腾讯公益慈善基金会出资购买。参与疫情防控工作的全国志愿者、社区工作者、社会工作者和湖北省养老机构工作者均可在线发起自主申请，免费领取。领取成功后，若感染新冠肺炎，重症危重症患者将获得5万元保障，身故者家属将获得25万元保障。
	腾讯公益慈善基金会于1月24日宣布捐赠3亿元设立第一期新型肺炎疫情防控基金，2月7日宣布将原有的战疫基金升级到15亿元，用于物资支援、技术支援、人员关怀、科研与医疗事业等多个领域。其中，3亿元基金专门用于致敬战疫人物，包括投身抗疫一线的医护人员、社区工作者、志愿者和社会工作者、养老机构工作者等。(完)
【编辑:白嘉懿】
</body></doc>