<doc><id>1116</id><url>http://www.chinanews.com/gn/2020/03-05/9115306.shtml</url><title>国际捐助里不光是数字 也有很多感人故事</title><datetime>2020-3-5 21:30:00</datetime><body>	央视网消息：在3月5日国新办举行的抗击疫情国际合作有关情况发布会上，外交部副部长马朝旭在答央视记者提问时，分享了外国友人援助的感人故事。他说，疫情是暂时的，但友情和合作是长久的。
	“新冠肺炎疫情发生之后，我们得到了国际社会包括外国政府以及各界人士，还有国际组织的物资援助，对这些国际上的支持，我们都非常感谢。”马朝旭介绍，截至3月2日，共有62个国家和7个国际组织向中国捐赠了口罩、防护服等中国急需的疫情防控物资。
	“这里面不光是数字，也有很多感人的故事。”马朝旭举例说，比如：缅甸政府向我们提供大米，斯里兰卡向我们提供红茶，蒙古国向我们捐赠3万只羊，巴基斯坦拿出全国医院库存的口罩提供给我们……这些捐助应该说是雪中送炭，患难见真情，我们将铭记在心。
	蒙古国有一位在华读书的10岁小姑娘，她拿出自己的999元零花钱，分别捐给湖北等中国三个地方，每个地方捐333元。她表达她的一个愿望，希望病毒能够“快快散(3)去”。这个良好的祝愿使人非常感动。另外一个例子，韩国新任驻武汉总领事“逆行”抵达武汉履新。像这样的例子还有很多，表达、体现了国际社会同中方共同抗击疫情的良好愿望。
	“我们主要依靠自己的力量来应对疫情，同时我们也感谢国际社会提供的真诚援助。”马朝旭说，“国际社会对我们提供的同情和支持，中国人民将铭记在心。”
【编辑:郭泽华】
</body></doc>