<doc><id>1117</id><url>http://www.chinanews.com/tw/2020/03-05/9115303.shtml</url><title>台湾新冠肺炎确诊患者增至44例</title><datetime>2020-3-5 21:28:00</datetime><body>	新华社台北3月5日电(记者吴济海、查文晔)台湾地区流行疫情指挥中心5日晚公布，岛内新增2例新冠肺炎确诊个案，累计确诊44例。
	据介绍，第43例确诊病例(北部50多岁女性)为第39例患者(境外移入个案)确诊前的接触者；第44例为菲律宾境外移入个案(北部30多岁男性)。
	指挥中心表示，案43近期无境外旅游史，由于其2月24日、25日曾与案39一同在插花班上课，且坐正对面，故列为接触者；个案3月3日因发烧及喉咙痛症状，由卫生单位安排就医并住院隔离，4日采检通报，于5日确诊，研判为群聚事件，案43同住家人目前均无疑似症状，卫生单位已完成采检，将持续追踪个案接触者健康情形。
	指挥中心指出，案44曾于2月28日至3月3日与友人至菲律宾旅游，3月2日在菲律宾当地出现胃胀及腹泻症状，3月3日返台后因喉咙干、倦怠情形至诊所就医，4日至医院就医时，院方发现个案有境外旅游史且出现症状故采检通报，于5日检验确诊，目前个案已收治负压隔离病房；同住接触者无疑似症状。依个案发病前活动史研判，于境外感染的可能性较高，卫生单位将进一步调查个案旅游行程，并持续追踪与个案同机旅客、同住者及就医接触者健康情况。
	指挥中心统计，台湾截至目前累计2791名新冠肺炎通报个案，含44名确诊、2446名排除，其余隔离检验中(211名初验阴性、其余待检验)。确诊个案中，1名死亡、12名已出院、其余个案病况稳定，持续住院隔离中。
【编辑:田博群】
</body></doc>