<doc><id>1119</id><url>http://www.chinanews.com/gn/2020/03-05/9115297.shtml</url><title>既是监督员更是战斗员丨访火神山医院纪委书记陈宏伟 </title><datetime>2020-3-5 21:25:00</datetime><body>	2月27日下午，火神山医院纪委书记陈宏伟刚参加完医院工作会议，电话又响了起来：“援助的医疗和后勤物资已经到达医院……”他和纪检干部赶去，督促仔细核对物资品类数量，检查登记造册后入库。
	在部队上从事纪检、政法工作20多年，陈宏伟有着丰富的工作经验。进驻火神山医院以来，医院按要求成立纪委，陈宏伟任纪委书记，将医务部、政治工作部、保障部、护理部1名副职领导和各抽组医疗队的1名负责人纳入纪检队伍并兼任纪委委员，确保纪检工作深入到各个抽组医疗队，延伸到阻击疫情各条战线。
	“要把疫情防控监督工作做得更加精准有效，确保习主席决策指示贯彻落实到末端。”医院纪委刚成立，陈宏伟组织传达学习习近平总书记关于疫情防控的重要讲话精神，坚持关口前移，对重点敏感问题、可能出现的节点提前预判，研究制定了《疫情防控监督执纪十严禁》，要求纪委成员积极发挥作用，认真开展监督检查，确保各项决策指示命令贯彻落实。
	为严格规范调拨物资及捐赠物资使用管理，医院纪委督促相关部门建立物资出入库管理规定和审批流程，做到公开透明、有据可循，同时要求纪检干部把纪律挺在前，严格监督，边发现问题边整改规范。
	连日来，医院纪委干部深入各库房，对生活物资、药材、耗材、设备等物资管理和发放情况进行具体指导和监督检查，并对相关管理人员提出“登记造册、账物一致、发放到位、廉洁高效”等明确要求，努力确保各种物资迅速准确发放到位。
	医院纪委委员们大多是各抽组医疗队的负责人，随时掌握队员的情况是他们的工作之一。他们结合实际组织开展谈心交心送温暖活动，及时协调解决队员们的实际困难。
	“一线医护人员工作压力很大，及时了解他们的所思所想，做好解难帮困，让大家全身心投入到医疗救治工作中，对打赢阻击战至关重要。”陈宏伟介绍。
	队员王颢是火神山医院感染二科医生，父亲因病过世，他舍小家顾大家，依然奋战在抗击疫情一线。陈宏伟得知情况后，积极协调以医院名义向其所在单位发唁电，并敬送花圈、挽联，同时了解并及时解决其家庭实际困难。
	2月21日下午3点，医院开展重温入党誓词活动，组织34名预备党员举行火线入党宣誓仪式。“当重温‘随时准备为党和人民牺牲一切’时，大家热血沸腾。”纪委委员李良栋说，“连日来高强度、高负荷、高风险的运转，对队员们的生理和心理是极大考验，这个时候让党旗飘扬在抗疫一线，树立起党员标杆，人心就更稳了，干劲也更足了。”
	疫情发生以来，火神山医院作为抗疫前线的主战场之一，医院纪检干部深入各个病区、各个场所开展监督检查，督促落实防控措施，全力保障医护人员救治病患。
	“我是纪检干部，严人先严己，必须冲在最前面。”为服务保障好医患人员，纪委委员孙志东积极主动协调物资、调度安置，经常忙到凌晨。医务部副主任、纪委委员张侃主动请战，深入病房指导医疗护理工作，督促队员落实感控要求，确保医护人员零感染。保障部副部长、纪委委员严晓亮带领战士冒雨奋战、争分夺秒卸载防疫和生活物资300多吨。
	“我们要有力保障前方打胜仗，为一线医护人员提供坚强的政治保证、纪律保证和物质保障。”医院纪委副书记宾有余介绍，进驻火神山医院以来，医院纪委对各类物资收发登记情况进行全程监督检查，责令对登记不规范、发放不及时的10余项工作进行完善，确保廉洁安全、阳光发放。
	在这场没有硝烟的战役中，火神山医院纪委在行动。纪检干部既是监督员，也是服务员，更是战斗员，他们积极履职，奋战在各条战线上，为的是在抗击疫情全胜归营之日，各项工作规范有序、干干净净，向党和人民交上优异答卷。(本报记者陆丽环通讯员旷岳军）
【编辑:陈海峰】
</body></doc>