<doc><id>1121</id><url>http://www.chinanews.com/gn/2020/03-05/9115286.shtml</url><title>荔枝网评：做好“融”字文章，激发复工复产“加速度”</title><datetime>2020-3-5 21:24:00</datetime><body>	【地评线】荔枝网评：做好“融”字文章，激发复工复产“加速度”
	“经过全国上下艰苦努力，当前已初步呈现疫情防控形势持续向好、生产生活秩序加快恢复的态势。”中共中央政治局常务委员会3月4日召开会议，研究当前新冠肺炎疫情防控和稳定经济社会运行重点工作。习近平总书记主持会议并发表重要讲话强调，要加快建立同疫情防控相适应的经济社会运行秩序，完善相关举措，巩固和拓展这一来之不易的良好势头。
	“法与时转则治，治与世宜则有功。”当前，各地各部门要贯彻落实习近平总书记重要讲话精神，以元素融合、通道融通、开放融入等措施，精准有序扎实推动复工复产，实现人财物有序流动、产供销有机衔接、内外贸有效贯通，把疫情造成的损失降到最低限度。
	元素融合，实现人财物有序流动。人、财、物是复工复产的基本元素，三者缺一不可、相辅相成。新冠肺炎疫情不可避免地给企业复工复产造成冲击，员工返程难、融资难融资贵、原材料供给不足等，都影响着企业复工复产率。各地各部门要坚持问题导向，多采取“点对点”方式帮助企业克服困难。要协同交通部门帮助员工尽快返岗复工，并大幅提高疫情防控重点物资的生产供应，确保员工安全健康的生产生活环境。要加大宏观政策调控力度，让积极的财政政策、货币政策、产业政策等更多的向中小企业倾斜，缓解企业资金压力，帮助企业渡过难关。要坚持全国一盘棋，维护统一大市场，促进上下游、产供销、大中小企业整体配套、协同复工，切实提高复工复产的整体效益和水平。
	通道融通，实现产供销有机衔接。企业复工复产，事关疫情防控成效，事关经济社会发展。若不能把复工复产后的产品转化为商品，就不可能给疫情防控提供有力支撑，也不可能实现全年经济社会发展目标任务。各地各部门要动态把握疫情防控形势，科研研判、精准施策，融通线上、线下通道，推动产供销有机衔接。要落实好分级分区防控要求，逐步打通交通运输“大动脉”，切忌“一刀切”封路堵路，不切实际严捂“封条”，畅通产品服务运输通道。要顺应战“疫”中的生活需求，发挥社区“网格化”力量，充分运用“互联网+物流”等方式，打通供需信息互动堵点，提升产品服务供销效率。
	开放融入，实现内外贸有效贯通。开放带来进步，封闭必然落后。在新冠肺炎疫情给经济造成冲击的当下，更要坚持走好开放的道路，推动内外贸有效贯通，夯实实现全年经济社会发展目标任务的基础。各地各部门要认清我国经济基本面不会改变，坚定信心攻坚克难。要把复工复产与扩大内需结合起来，释放被抑制、被冻结的消费，培育壮大新型消费、升级消费，加快推进国家规划已明确的重大工程和基础设施建设，加快5G网络、数据中心等新型基础设施建设进度。要在扩大对外开放中推动复工复产，做好龙头企业复工复产保障工作，维护全球供应链稳定，落实好外商投资法，扩大金融等服务业对外开放，努力做好稳外贸、稳外资工作，开拓多元化国际市场。
	“逆水行舟用力撑，一篙松劲退千寻。”各地各部门要珍惜来之不易的良好势头，以一鼓作气势如虎、咬紧牙关向前冲的决心和行动，做好“融”字文章，激发复工复产“加速度”，力争推动全国经济社会发展早日全面步入正常轨道，为实现决胜全面建成小康社会、决战脱贫攻坚目标任务创造条件。(艾佩韦)
【编辑:田博群】
</body></doc>