<doc><id>1122</id><url>http://www.chinanews.com/gn/2020/03-05/9115284.shtml</url><title>【地评线】荔枝网评：慎终如始，务求全胜</title><datetime>2020-3-5 21:23:00</datetime><body>	3月4日，中共中央政治局常务委员会召开会议，研究当前新冠肺炎疫情防控和稳定经济社会运行重点工作，习近平总书记主持会议并发表重要讲话。疫情防控关乎生命，经济发展关系生计。坚持“两手抓”、实现“双胜利”，这是摆在全党全国人民面前的重大任务，只有主动出击、统筹兼顾，保持慎终如始的态度，才能夺取最终胜利。
	疫情防控要慎终如始。“慎终如始，则无败事。”目前，国际疫情不容乐观，国内防控严峻复杂，加之各地返程复工风险还未释放，我们最须警惕麻痹思想、厌战情绪、侥幸心理、松劲心态。“慎终如始”是“预防针”更是敲警钟，不同地区的防控形势有所区别，不少地方也调整了防控等级，但是，对疫情的警惕性不能降低，防控要求不能降低。疫情防控有自身规律，容不得随意松懈，务必要拿出“钉钉子精神”，一锤接着一锤敲，一环紧着一环拧，坚持不懈抓下去，确保每一步的成效都响当当、硬邦邦。成绩来之不易，我们决不可掉以轻心，要倍加努力，坚决防止疫情“反攻”，不获全胜决不轻言成功。
	复工复产要精准有序。聚焦疫情带来的冲击和影响，全面建成小康社会、打赢脱贫攻坚战、“十三五”规划收官的任务更加繁重。精准有序推动复工复产是最大限度降低疫情对经济社会影响的必由之路，要尽快建立与疫情防控相适应的经济社会运行秩序。要严格落实分区分级精准复工复产要求，坚持分类别、分步骤、分人群复工复产，坚持一个行业一个行业研究，一个环节一个环节梳理，实实在在解决问题，帮助企业用好支持政策、增强发展信心。要把复工复产与扩大内需结合起来，又要在扩大对外开放中推动复工复产。坚持积极谋划布局经济长期发展规划，加强新支柱和新兴产业的培育，推动新业态和“新基建”的发展。集中抓好稳中有进、稳中提质的“经济发展线”。
	民生保障要抓实抓细。悠悠万事，民生为大。实施好就业优先政策，根据就业形势变化调整政策力度，减负、稳岗、扩就业并举，全力确保就业稳；加强生产统筹，有序开展春耕生产，严格落实“米袋子”省长责任制和“菜篮子”市长负责制，保障主副食品供应；将疫情排查与脱贫攻坚排查深入结合，摸清底数，列出问题清单，及时交办解决，下大力气解决贫困群众农产品销售等问题，最大限度降低疫情影响；照顾好群众的日常生活，要关心关爱困难群众、低保户、孤寡老人等特殊群体，继续推广“移动菜篮子”工作，保证群众生活物资库存充足、价格平稳、配送便捷。努力织牢民生保障安全网，必将为最终夺取“双胜利”夯实根基。
	春天已经来临，鲜花会应时而开。让我们保持慎终如始、务求全胜的姿态，夺取疫情防控阻击战的最后胜利。(特约评论员/腾扬阳)
【编辑:田博群】
</body></doc>