<doc><id>1124</id><url>http://www.chinanews.com/sh/2020/03-05/9115266.shtml</url><title>河北举办系列网络招聘会 目前已提供就业岗位6.6万个</title><datetime>2020-3-5 21:20:00</datetime><body>	中新网石家庄3月5日电(记者李茜)河北省人力资源和社会保障厅(以下简称河北省人社厅)5日透露，由该部门主办，河北省人力资源市场服务中心承办的河北省毕业生就业市场网络招聘会、河北省春季网络招聘会等系列网上大型招聘活动已正式拉开帷幕，3054家参会单位共提供就业岗位6.6万个，访问量累计达129.7万人次，日均访问量5.2万人次。
	为充分发挥好市场配置人力资源的主渠道作用，切实做好高校毕业生、农民工和残疾人等重点群体就业，为企业复工复产提供有力的人力资源支撑，河北省人社厅举办系列网上大型招聘活动。
	据悉，受疫情影响，原定于2月初开展的毕业生就业市场、春季大型招聘会两场大型招聘活动从线下转为线上举办。河北省人力资源市场服务中心围绕高校毕业生、残疾人等重点就业群体和疫情防控类重点企业，组织人员采取电话、微信等方式广泛征集企业需求。
	河北省人社厅二级巡视员、人力资源流动管理处处长杨国亮介绍称：“为企业复工复产提供人力资源支持是当前工作的重中之重，按照计划我们将加大实施力度，进一步发挥省级人力资源市场统筹配置作用，全力推动高校毕业生等重点群体实现就业。”
	据悉，2020年河北省大型网络招聘会系列活动包括京津冀大型网络招聘会、残疾人月度网络招聘会、高校毕业季大型网络招聘会、离校未就业高校毕业生大型网络招聘会等8项公益双免网络招聘系列活动，预计征集6000家以上招聘单位，发布13.6万个就业岗位。目前，京津冀大型网络招聘会、残疾人月度网络招聘会、医药化工行业专场招聘会已上线启动。
	其中，3月2日，河北省人力资源市场服务中心联合京津、雄安新区及全省13市人力资源和社会保障系统共同举办“京津冀大型网络招聘会”，会期3个月。据统计，3月2日活动上线当天已征集1500多家单位，提供3万多个岗位。
	据悉，河北省大型网络招聘会系列活动是纯公益的就业服务活动，免费为用人单位、求职者提供网络招聘求职信息发布与对接服务，有招聘需求的各企事业单位可继续报名参会。用人单位登录河北人才网“企业注册”端口进行企业用户注册，经工作人员审核后即可免费发布单位招聘信息；求职者登录河北人才网“个人注册”端口进行个人用户注册，免费浏览单位招聘信息在线投递简历。(完)
【编辑:白嘉懿】
</body></doc>