<doc><id>1126</id><url>http://www.chinanews.com/gn/2020/03-05/9115258.shtml</url><title>黑龙江：日韩入境者在集中隔离点医学观察14天</title><datetime>2020-3-5 21:17:00</datetime><body>	中新网哈尔滨3月5日电(记者史轶夫)黑龙江省疫情防控工作新闻发布会5日晚在哈尔滨市举行，根据当前疫情防控需要，同时考虑疫情形势的发展，黑龙江省对来自韩国、日本入境人员，根据其实际情况就近一律采取集中隔离医学观察14天。
	韩国、日本是东北三省传统的、重要的贸易伙伴，人员往来密切。从黑龙江省来看，2月15日至2月29日，从韩国、日本乘坐飞机入境人员较多，经由外省口岸入境转乘其他交通工具进入黑龙江省人员也比较多，防输入的压力非常大。
	根据当前疫情防控需要，同时考虑疫情形势的发展，黑龙江省对来自韩国、日本等疫情严重国家经哈尔滨和牡丹江机场入境人员(含辽宁籍、吉林籍人员，外交人员除外)，入境后采取有关的检验检疫和防控措施，在哈尔滨市和牡丹江市分别设立集中隔离点，根据入境人员实际情况就近一律采取集中隔离医学观察14天。
	同时，对集中隔离产生的食宿、必要的生活费用和疫情防控所需的相关费用由黑龙江省指挥部统一承担。
	对经由外省口岸入境转乘其他交通工具入境黑龙江省的人员，通过“大数据+网格化”手段，进行全面排查，做到入户登记、入户测温，建立台账、不漏一人，全部实施集中或居家隔离医学观察。
	目前，东北三省都采取了比较具体的措施。当前，联防联控，共同做好境外输入性疫情防控工作，已经成为东北三省需要共同面对的问题。
	黑龙江省与辽宁省、吉林省会商，已经启动东北三省互动合作机制，建立省际之间信息共享、协商研判、疫情处理、应急响应、集中转运、及时救治等会商协作机制，推动实施“防输入”三省联动，实现从韩国、日本入境人员信息互通互享，充分掌握入境旅客经由公路、铁路进入跨省界信息，形成联防联控工作格局。(完)
【编辑:白嘉懿】
</body></doc>