<doc><id>113</id><url>http://www.chinanews.com/gn/2020/03-03/9112471.shtml</url><title>16个新职业诞生！</title><datetime>2020-3-3 20:33:00</datetime><body>	人力资源社会保障部与国家市场监管总局、国家统计局近日联合向社会发布了智能制造工程技术人员、工业互联网工程技术人员、虚拟现实工程技术人员、连锁经营管理师、供应链管理师、网约配送员、人工智能训练师、电气电子产品环保检测员、全媒体运营师、健康照护师、呼吸治疗师、出生缺陷防控咨询师、康复辅助技术咨询师、无人机装调检修工、铁路综合维修工和装配式建筑施工员等16个新职业。
	据了解，这是自2015年版《中华人民共和国职业分类大典》颁布以来发布的第二批新职业。人力资源社会保障部相关负责人表示，此批公布的新职业由人力资源社会保障部组织职业分类专家，严格按照标准和程序从大量新职业征集建议中评估论证，并通过网络媒体等向社会公示，广泛征求相关部门及社会各界意见后确定，主要集中在新兴产业和现代服务业两个领域。
	这位负责人说，在制造业领域，由于技术革新，智能制造、工业互联网取得了长足发展，智能制造工程技术人员、工业互联网工程技术人员等新职业随之出现，相关从业人员增长较快。伴随高铁、无人机行业的快速发展和人们环保意识的增强，铁路综合维修工、无人机装调检修工和电气电子产品环保检测员等新职业应运而生。此外，现代服务业的快速发展孕育出新职业，健康照护服务的大量需求派生出新职业。
	这位负责人表示，随着居民收入水平的提高、人口老龄化进程的加快，健康检测、康复照护等需求更加专业化、精细化，且量大面广，健康照护师的出现将为众多消费群体提供更加优质的服务。为老年人、残疾人、伤病人等功能障碍者提供康复辅助器具及无障碍改造的咨询、适配、使用指导等专业服务人员远远不足，康复辅助技术服务行业的发展势在必行。同时，随着我国生育政策的逐步放开，对新生儿的健康问题越来越重视，出生缺陷防控咨询师将对优生优育发挥积极作用。很多呼吸系统疾病患者在医治过程中出现呼吸困难甚至危及生命，通过外在的设施设备帮助病患渡过困难期尤为重要，专职的呼吸治疗师已经成长为一个迫切需要的职业。
	来源：新华社
	记者：王优玲
【编辑:田博群】
</body></doc>