<doc><id>1132</id><url>http://www.chinanews.com/gn/2020/03-05/9115248.shtml</url><title>让爱心之花在战疫中处处绽放</title><datetime>2020-3-5 21:10:00</datetime><body>	如果你是一滴水，你是否滋润了一寸土地？如果你是一线阳光，你是否照亮了一分黑暗？如果你是一颗最小的螺丝钉，你是否永远坚守在你生活的岗位上？乍暖还寒的三月，我们迎来了第57个全国学雷锋纪念日。
	人无精神则不立，国无精神则不强。中华民族历经磨难依然屹立于世界东方，依靠的是根植于每个华夏子孙心中的民族精神，化作了万众一心、自发团结的前进力量。
	2020年伊始，一场疫情突如其来。在这场疫情防控阻击战中，各行各业的劳动者奋勇争先、坚守岗位，人们无私奉献，守望相助，雷锋精神熠熠生辉，爱心之花处处绽放。
	医务工作者如一线阳光，刺穿了无尽阴霾。面对患者，白衣战士无私无畏，奉献爱心，传递温暖，帮助他们渡过难关。在没有家长陪护的学生患者面前，他们成了耐心细致的临时老师；在被隔离治疗的小宝宝面前，他们成了满怀爱心的代班妈妈；为了缓解患者的焦虑情绪，他们还带领患者一起做操……这种全心全意为人民服务的拳拳之心，给患者带来了战胜病魔的希望和力量。
	全国的驰援如滴滴甘霖，润泽着荆楚大地。一方有难、八方支援。疫情当前，在医务人员、防疫物资吃紧的情况下，人们传承雷锋精神，奉献爱心，与疫区人民携手并进，患难与共。各地把大米、药品、酒精等战疫紧缺的物资源源不断运向湖北。铁路部门一丝不苟为站车消毒，严防病毒通过铁路传播的同时确保运输大动脉畅通。民航局采取加强航空器、机场通风消毒，做好出入港旅客体温检测等一系列措施防止疫情通过航空器扩散传播。这些是最好的支持，也是传爱为始，行爱无疆的奉献诠释。
	无私奉献的市民就像一颗颗螺丝钉，为城市的正常运转贡献力量，为疫区人们送去脉脉温情。2月29日零时十分，一辆蓝色小车开着双闪，载着一位羊水已破的孕妇和家属前往医院。武汉“封城”后，这样的故事自23号以来重复上演。五位普通市民自发组成“W大武汉紧急救援队”，每天只睡三四个小时，全天待命接送缺乏交通工具去医院的待产孕妇，先后帮助23名身在武汉的孕妇到医院生产，无一感染新冠肺炎病毒。冒险护送素不相识的陌生人，雷锋曾做过这样的事，他的精神引领社会文明风尚，如今“活雷锋”就在战“疫”之中。
	经过半个多世纪，雷锋精神历久弥新，在这场全民战疫中被赋予了新的内涵。我们坚信，弘扬和践行雷锋精神，会让爱心之花在战疫中处处绽放。（吴炜）
【编辑:郭泽华】
</body></doc>