<doc><id>1134</id><url>http://www.chinanews.com/gn/2020/03-05/9115242.shtml</url><title>畅通“大动脉”，决胜“双战场”</title><datetime>2020-3-5 21:07:00</datetime><body>	数据显示，2月全国铁路累计发送货物3.1亿吨，同比增加1332万吨，增长4.5%，其中，集装箱运量完成2661万吨，同比增长39.5%；全国铁路日均装车17.1万车，同比增加4945车；自2月17日以来，每日发送货物已连续13天在1100万吨以上。
	抗击疫情，既是一场病毒歼灭战，也是一场经济保卫战。如何统筹做好“双线”作战，考验着政企部门的应急能力和治理水平。铁路作为交通运输的重要载体、国民经济的大动脉，特殊时刻，更需要发挥“先行官”作用，以高度的责任心、以更细更实的举措，扎扎实实去打好这场硬仗。
	守望相助、共克时艰。疫情防控事关千万人民群众生命安全和身体健康，做好疫情防控刻不容缓。疫情就是命令，武汉疫情集中爆发而其承载力明显不足，紧急的防疫物资支援丝毫慢不得、等不得、拖不得。危急时刻，铁路迅速行动，与国务院联防联控工作机制相关部门和单位建立高效沟通联系机制，开辟绿色通道，坚持特事特办、急事急办，运用高铁、普速客车行李车和货运整车等多种途径，争分夺秒向湖北地区运送防控物资，全力支援疫情防控阻击战。截至2月29日，国铁集团累计装运防控保障物资10154批、20.3万吨。及时高效的物资援助输送，诠释了速度对于生命的意义，给人们树立了展望美好生活、增强疫情防控的信心。
	复工复产、携手发展。企业复工复产是一盘事关国计民生的大棋。当前，复产复工和抗击疫情，属于同等重要的大事，应当两手抓。还需要认识到，复产复工的有序推进，也是对打赢疫情阻击战的现实有力支撑。于此背景下，铁路立足央企，主动与各级地方政府、上下游企业联系，了解复工复产安排和原材料输入、产品输出等物流需求，建立铁路与煤炭生产企业和电厂供需联动机制，及时掌握煤炭生产、每日消耗及库存等情况，为发电、供热和企业正常生产用煤运输提供可靠保证；动态掌握种子、化肥、农药等涉农物资主产地外运需求，为春耕备耕物资提供运输保障。务实有效的举措，为企业纾困助力，为复工复产护航，促进了经济社会动态循环，坚定了经济发展信心。
	发挥合力作用，同频战“疫”。眼下，防疫还处在攻坚期，企业在陆续复工复产当中能会遇到物资物流运输不畅等困难。为确保重点物资优质高效送达，铁路部门发挥全国铁路“一张网”“一盘棋”和集中统一调度指挥优势，千方百计提高运输效率。运用大数据信息追踪，精准掌握重点物资运行动态，加快列车编组，减少停站时间，确保运输途中“一路绿灯”；加强装卸车组织，科学调配机具，组织职工成立突击队，解决部分地区受疫情影响带来的劳动力短缺问题；协调做好铁路两端短途接驳运输，打通运输服务“最先和最后一公里”。铁路部门主动出击，有效作为，打破了复工复产中面临的诸多“梗阻”，对有效衔接用工企业复工复产、促进经济形势稳中向好意义重大。
	战疫情，没有退路；稳经济，亟待发力。在“双线”作战任务面前，唯有在做好防疫措施的前提下，确保经济社会高质量运行，才能最大程度减少损失。眼下，随着交通运输秩序的有序恢复，企业复工复产的平稳开展，定将能够实现疫情防控战和经济社会发展目标任务的全面胜利。(黄昕茹)
【编辑:郭泽华】
</body></doc>