<doc><id>1135</id><url>http://www.chinanews.com/gn/2020/03-05/9115235.shtml</url><title>解读|出入境人员启用新版健康申明卡</title><datetime>2020-3-5 21:05:00</datetime><body>	为进一步做好口岸新冠肺炎疫情防控工作，防止疫情经口岸传播，根据《中华人民共和国国境卫生检疫法》及其实施细则等法律法规的规定，海关总署1月26日发布《关于重新启动出入境人员填写健康申明卡制度的公告》。
	根据口岸疫情防控形势和相关判定标准变化，第四版《中华人民共和国出/入境人员健康申明卡》已于2020年3月3日零时正式启用。
	如果您不方便网上申报，也可在出/入境时提前向口岸海关卫生检疫部门或在航空公司柜台处领取纸质版《中华人民共和国出/入境健康申明卡》，并如实填写。
	所有出入境人员在出/入境时必须向海关出示电子申报条形码信息或完整填写的纸质版《中华人民共和国出/入境健康申明卡》，供海关关员验证，并配合做好体温监测、医学巡查、医学排查等卫生检疫工作，海关关员会在验证合格后予以放行。
	如实填写健康申明卡内容是保证出入境人员本人及他人生命安全和身体健康的需要，真实准确的健康申明信息将有助于海关及时了解其健康状况，并根据申报内容做出正确的判断，采取科学有效措施，控制疫情跨境传播，做到早发现、早报告、早隔离、早治疗。同时，如实申报也是出入境人员所承担的一项法律义务，出入境人员如有隐瞒或虚假填报，造成疫情传播，将被依据法律追究相关责任。
	供稿/汕头海关郑州海关上海海关天津海关
	审核/海关总署卫生检疫司
	监制/陶永
	审校/刘畅
	编辑/李灵
	美术编辑/卫昊
</body></doc>