<doc><id>1136</id><url>http://www.chinanews.com/sh/2020/03-05/9115227.shtml</url><title>河南组织景区对全国医务工作者实行优惠 多地全域免费</title><datetime>2020-3-5 21:04:00</datetime><body>	中新网郑州3月5日电(记者刘鹏)河南省政府新闻办5日下午召开新闻发布会介绍，为传递全省文化和旅游行业对医务工作者的敬意，河南官方组织省内景区对全国医务工作者实行优惠政策，受到各地踊跃响应。截至3月5日，全省已有465家A级景区对医护人员免费开放。此外，热门旅游地开封、洛阳等13个省辖市全域A级景区免费，全国医务工作者可凭有效证件全年内不限次数免费游览。
	河南省文旅厅党组成员、副厅长周耀霞称，自疫情发生以来，河南省文化和旅游系统及时关闭全省公共文化场所、旅游景区和相关文旅企业，全面取消各类文化娱乐、文艺演出、文化庙会活动，积极协调解决全省旅游特别是出境旅游团队工作。
	同时，指导全省各级文化和旅游行政管理部门为所有符合条件的旅行社办理质保金退还手续并报银行系统，为全省旅行社共退还质保金约1.53亿元，帮助旅行社应对当前的经营困难。
	周耀霞称，当前，帮助文旅企业特别是景区有序复产复工，及时满足人民群众的对文化和旅游消费的需求，成为当前全省文化和旅游系统的重要任务。鉴于文化和旅游行业流动性大、聚集性强的特点，官方将按照属地管理、分批分级、有序开放的要求，督导各省辖市做好相关工作。
	据介绍，截至目前，开封、洛阳、三门峡、鹤壁等7地共有30处景区景点陆续对游客开放，此外全省共有32家星级酒店复业，在省级文化产业示范基地中复工率接近20%，职能部门将密切跟踪运营情况，视情做好其他景区后续开放，为全省景区全面开放、面向全国游客全方位开放暖场预热。
	周耀霞表示，为传递全省文化和旅游行业从业者对医务工作者的敬意，河南组织全省景区对全国医务工作者实行优惠政策，受到各地踊跃响应。截至3月5日，全省519家A级旅游景区中，对医护人员免费开放A级景区465家，其中5A景区13家，4A景区160家，3A景区197家。
	此外，开封市、洛阳市、焦作市、鹤壁市等13个省辖市、济源示范区和兰考县、汝州市、滑县等7个省直管县市进行了全域A级景区免费。全国的医务工作者，可凭有效证件(医生凭本人医师执业证、身份证；护士凭本人护士执业证及身份证等)全年内不限次数免费游览。所有免费景区名单可登陆河南省文化和旅游厅官方网站查询。
	不仅如此，河南部分地市还对优惠政策支持对象进一步扩围，优惠力度不断加大，服务内容不断丰富。如，济源全域13家A级景区可携带家属一名免费进入，新安县支援湖北医护人员及家人凭有效证件，不限次、免门票游玩龙潭大峡谷景区和荆紫仙山景区；云台山面向焦作地区所有酒店和民宿发起“白衣天使云宿陪伴”捐赠计划，募集2000间免费住宿，提供给白衣天使住宿，让他们在享受免景区门票的同时，也能够感受到云台山免费的优质民宿体验。
	“共克时艰，同迎春来。”周耀霞说，期待这场疫情阻击战早日取得全胜，白衣战士们脱下身上的白大褂，看祖国的奇山秀水，山河无恙，“老家河南”壮美依然。(完)
【编辑:白嘉懿】
</body></doc>