<doc><id>1137</id><url>http://www.chinanews.com/gj/2020/03-05/9115230.shtml</url><title>华侨华人助力“第二故乡”抗“疫”</title><datetime>2020-3-5 21:03:00</datetime><body>	“您好，因意大利疫情严重，我们决定先将这批物资发往意大利米兰。”2月27日，罗马华侨华人联合总会会长胡海峰与浙江侨联沟通，决定将原先准备捐赠给侨联的一批物资，优先捐赠意大利重点疫区的公共卫生部门。
	连日来，韩国、日本、意大利等国家新冠肺炎病例持续增多，海外华侨华人再次行动起来，向住在国捐款捐物，紧密配合当地政府做好防疫抗疫工作。
	“意大利是我们的第二故乡，我们的家庭和事业都在这里，在这个特殊时期，我们倡议每位侨胞捐款，支持米兰当地医院抗击新冠肺炎疫情。”近日，这则《华侨华人支援当地医院倡议书》出现在米兰各大华人社团的微信群中，引发了一阵捐款热潮，一个个来自侨胞的爱心红包在群里接龙。
	为协助当地政府做好华人社区的防疫工作，罗马的21家华人社团成立了“抗疫应急援助中心”，为华人提供卫生部防疫建议翻译、医疗机构信息整合、归国侨胞信息登记、为隔离侨胞送生活物资等服务。
	日本各地的口罩等防疫物资告急，不少在日华侨华人自发走上街头，为日本民众免费发放口罩，呼吁大家提高防范意识。2月29日，一群由在日华人组成的“熊猫口罩”公益行动团体，在东京池袋东口免费给路人送口罩，一个小时内发出了4000枚，其中一名志愿者说，“我们愿意分出自己为数不多的一部分口罩，去帮助急需口罩的日本民众。”
	韩国大邱市的疫情较为严重，庆北华侨华人联合会会长肖娟说，自1月中旬以来，旅韩侨胞积极向武汉等地捐资捐物，如今正向大邱转赠部分物资。肖娟个人也已向大邱两家医院、民间机构等捐赠口罩和防护服。她表示，既做好自我防护，也尽量帮助大邱。
	从“援助武汉亲人群”到“雅典防疫互助群”，随着希腊疫情的变化，希腊侨胞也积极参与到当地的防疫工作中。希腊华侨华人总会会长邹勇说，总会募集的第一批防护服已经准备就绪，很快能送到希腊战“疫”一线医生手中；中国——希腊投资者联合会也从中国采购了一批试剂盒，捐赠给希腊国家卫生组织。
	新加坡华人卢文龙助力抗“疫”的方式有些与众不同，他关闭了自己苦心经营的虾面档口，计划重新回到护士岗位。卢文龙曾是新加坡国大医院的护士，三年前因对美食强烈的兴趣开了一间虾面店，很受食客欢迎。“现在医疗战线的朋友都在为对抗疫情付出全力，我也想出一份力。”
	西班牙的侨胞则通过当地媒体发声，提醒民众重视新冠肺炎疫情。3月2日，马德里华助中心负责人毛峰等7位侨胞接受了西班牙电视台Antena3的采访，毛峰表示，“中国的防疫举措值得借鉴，希望西班牙采取措施，尽早遏制疫情的发展。”(吴侃)
【编辑:田博群】
</body></doc>