<doc><id>1142</id><url>http://www.chinanews.com/sh/2020/03-05/9115204.shtml</url><title>福建三明：你在前方战“疫” 我在后方温暖“医”线</title><datetime>2020-3-5 20:49:00</datetime><body>	中新网三明3月5日电(吴学生陈金华叶秋云)“你爸爸是打‘怪兽’的英雄，我们都崇拜他。”3月5日上午9时，“90后”国网三明供电公司电网志工汤友智为吴荻小朋友辅导数学时，如是说道。
	三明市尤溪县实验小学一年级学生吴荻的父母都就职于尤溪县总医院，父亲吴孟获是急诊科护士长，也是福建省首批支援武汉的医护人员；她的母亲是一名护士，一直在尤溪战“疫”中加班加点。
	值得一提的是，3月2日，吴孟获刚被中共武汉东西湖方舱医院临时委员会授予“先进标兵”称号。
	汤友智表示，因为此次疫情，他们夫妻俩都没有太多时间去照料小孩的学业与生活。他便上门辅导吴荻小朋友的数学口算题，并在家中陪同玩游戏、打羽毛球。
	吴荻说，志愿者服务队的老师和电力的哥哥姐姐们都很关心她，不仅解决了学习上的难题，还会给她讲解疫情防护常识，一直鼓励和勉励她，让她不要担心在武汉一线工作的父亲。
	3月5日是学雷锋纪念日，也是第21个中国青年志愿者服务日。这一天，福建各地开展了形式多样的学雷锋志愿者活动，以上所述内容就是其中一个例子。
	在三明市，以团市委为主导、国网三明供电公司电网志工和三明市教委青年教师为主要力量组成的11支战“疫”“留守子女”志愿者服务队于3月5日走进三明市支援武汉医疗队队员的家中，为在一线工作医护人员的“留守子女”提供学业督导、生活指导和心里疏导等“三导”志愿服务。
	“前方，成千上万的医务工作者筑就了一道抗击新冠肺炎疫情的‘钢铁长城’。后方，广大志愿者用爱心、细心和耐心，守护与陪伴着这些医护人员的家庭，温暖‘医’线，一对一结对提供志愿服务，将直至疫情结束。”三明团市委书记廖才添说。
	针对一线医护人员“留守子女”的志愿服务一经推出就受到支援武汉医疗队医护人员的欢迎。支援武汉东西湖方舱医院医护人员吴孟获感慨道：“有他们在，孩子的学业与生活，我就放心多了！”(完)
【编辑:郭泽华】
</body></doc>