<doc><id>1143</id><url>http://www.chinanews.com/ga/2020/03-05/9115180.shtml</url><title>香港确诊病例维持104宗 首现印度输入个案</title><datetime>2020-3-5 20:46:00</datetime><body>	(抗击新冠肺炎)香港确诊病例维持104宗首现印度输入个案
	中新社香港3月5日电(记者王来仪)香港特区政府卫生署卫生防护中心5日通报，香港当日无新增新冠肺炎确诊个案，累计确诊个案维持104宗。当局正跟进调查一宗印度输入型个案。
	卫生署卫生防护中心传染病处主任张竹君介绍，香港新增一宗输入型个案，为一名69岁女子。患者一月底参加由加拿大朋友组织的旅游团前往印度，2月24日乘坐国泰CX694航班返港。
	张竹君指出，患者于2月23日在印度期间出现腹泻，相信在印度已有病症。患者初期发病时出现腹泻及轻微发烧，与之前个案出现的呼吸道病征有所不同。
	张竹君表示，患者返港后出现发烧症状，在社区逗留时间较长，亦曾出席过婚宴，密切接触者可能较多，当局正进行个案追踪。
	当局留意到，加拿大有一宗初步怀疑个案曾到过香港和印度。张竹君表示，正与加拿大方面联络，了解个案是否与该名香港确诊患者有关。
	香港医院管理局总行政经理庾慧玲表示，目前香港新冠肺炎确诊个案为104宗，另有1宗疑似个案。56名确诊患者仍留医接受治疗，46人已康复出院。(完)
【编辑:何路曼】
</body></doc>