<doc><id>1145</id><url>http://www.chinanews.com/gn/2020/03-05/9115192.shtml</url><title>外交部：中日双方将就习近平主席访日时机保持密切沟通</title><datetime>2020-3-5 20:44:00</datetime><body>	中国外交部：中日双方将就习近平主席访日时机保持密切沟通
	中新社北京3月5日电(黄钰钦)针对中国国家主席习近平对日本国事访问时间是否延后，中国外交部发言人赵立坚5日在例行记者会上表示，中日双方一致认为，必须确保习近平主席对日本的国事访问在最适宜的时机、环境和氛围下实现并取得圆满成功。
	有记者提问，据报道，习近平主席对日本的国事访问今年春天可能难以成行。请问你能否证实？
	赵立坚表示，当前中日两国都在全力抗击新冠肺炎疫情。中日双方一致认为，必须确保习近平主席对日本的国事访问在最适宜的时机、环境和氛围下实现并取得圆满成功。
	“经协商，中日双方将就访问时机保持密切沟通。”赵立坚说。(完)【编辑:孙静波】
</body></doc>