<doc><id>1148</id><url>http://www.chinanews.com/cj/2020/03-05/9115188.shtml</url><title>两部门：奖励不停航和复航的国际航班</title><datetime>2020-3-5 20:36:00</datetime><body>	(抗击新冠肺炎)中国两部门：奖励不停航和复航的国际航班
	中新社北京3月5日电(记者赵建华)中国财政部、中国民用航空局5日公布，为积极应对新冠肺炎疫情对民航业的影响，鼓励国际航线不停航，引导已停航的国际航线复航，支持航空运输企业抗击疫情，在新冠肺炎疫情防控期间，对中外航空运输企业中央财政安排资金予以支持。
	两部门发布通知说，疫情防控期间，中央财政对执飞往返中国境内航点(不含港澳台地区)与境外航点间的国际定期客运航班的中外航空公司，以及按照国务院联防联控机制部署执行重大运输飞行任务的航空公司给予资金支持。
	其中，国际定期客运航班：对疫情期间不停航和复航的国际航班给予奖励，并向独飞航班进行倾斜；奖励标准分成两档，共飞航班每座公里0.0176元(人民币，下同)，独飞航班每座公里0.0528元。
	对执行重大运输飞行任务的，采用据实结算方式。疫情结束后，根据民航局委托的中介机构审计确认的执行重大任务实际运输成本给予适当补助。
	政策执行期限为2020年1月23日至2020年6月30日。港澳台地区航线航班参照执行。
	申请国际航线支持政策的航空公司每月7日前向民航局、财政部提出申请，并提供执飞航线、班次、机型、可供座公里、物资清单以及有关成本和收入数据等相关材料。外国航空公司同时还需提供接收资金银行账户的具体信息。
	两部门强调，各航空公司应对申报材料的真实性和准确性负责，任何单位不得截留、挪用支持资金。审核中发现虚报、瞒报的，将取消该公司申请资格；对于违反国家法律、行政法规和有关规定的单位和个人，将严格按照有关规定处理。(完)
【编辑:郭泽华】
</body></doc>