<doc><id>1149</id><url>http://www.chinanews.com/hr/2020/03-05/9115127.shtml</url><title>匈牙利中医师陈震：通过中医药为大家树立抗疫信心</title><datetime>2020-3-5 20:35:00</datetime><body>	(抗击新冠肺炎)匈牙利中医师陈震：通过中医药为大家树立抗疫信心
	中新社北京3月5日电题：匈牙利中医师陈震：通过中医药为大家树立抗疫信心
	作者马秀秀
	“因为匈牙利卫生资源有限，中医长久以来承载着当地民众对健康的向往。”匈牙利华人中医师陈震博士日前接受记者连线采访。因为中医药在预防和缓解新冠肺炎轻中症方面的作用得到验证，在海外疫情发展之际，陈震便行动起来，为当地民众免费提供中医汤药，助力抗“疫”。
	陈震是匈牙利东方国药集团的创建者，也是首家华人在欧洲独资的、符合欧盟《药品生产质量管理规范》的天然药物制药厂的所有者。旅居匈牙利30余年，他一直致力于在当地推广、发展中医药文化。
	多年来，中医药在匈牙利逐渐拥有了良好的民众基础。2014年，中匈两国政府签署中医药领域合作意向书；2015年，匈牙利正式颁布中医药立法实施细则并生效实施，成为欧洲首个为中医药立法的国家；2016年，匈牙利政府为中医颁发欧盟行医许可证，结束了匈牙利的中医须在西医监护下行医的历史。
	陈震说，虽然新冠肺炎疫情没有在匈牙利广泛传播，但在欧洲疫情发展严峻的态势下，当地民众普遍有担忧心理。关键时刻，中医药便成为当地人“提高防范、预防为主”的寄托。
	鉴于当地气候特点、用药规定等与国内相比存在差异，陈震和匈牙利大成国医堂的张庆滨博士联手，在参考中国国家卫健委及各省中医诊疗指导方案基础上，将药方进行了改良，“在合法合规基础上，我们最大程度保证效果。”
	从2月27日起，每日在布达佩斯八区“欧洲广场商贸中心”和十区“唐人街商贸中心”，民众可免费获得改善人体免疫系统的中医药茶；在匈牙利的唐人街和一些餐厅，东方国药集团则免费提供“化湿防瘟饮”，以起到增强免疫力的功效。
	目前，东方国药集团成员正夜以继日投入到生产抗“疫”所需的中草药中，谈及成本，陈震一笑而过，“现在不是计成本的时候，”他说，匈牙利目前的节气容易导致疫情发展，要一直坚持到疫情结束，“通过中医药为大家树立抗疫信心”。
	陈震还通过当地华文媒体，撰写介绍中医理论及气候养生保健的相关文章，给出最实用的防疫建议。“要尽量通过多种方式，帮助侨胞们做好预防，大家不生病，对华人形象也是一种维护。”
	面对欧洲疫情发展严峻的态势，陈震还配好中医药材发往意大利、西班牙、法国、德国、奥地利等国家的防疫社区。截至记者采访时，他已经向各个国家的华人社区发放6000多包中药，帮助侨胞们加强预防。
	“要感谢老祖宗给我们留下的中医药文化”，陈震说，中医药文化是中华民族共生的根，他会继续不遗余力推广下去，让这一文化得到更多人认可，让中医药继续造福、护佑人类的生命健康。(完)
【编辑:何路曼】
</body></doc>