<doc><id>1152</id><url>http://www.chinanews.com/gj/2020/03-05/9115182.shtml</url><title>全球战疫：首次发现确诊病例后的印尼雅加达</title><datetime>2020-3-5 20:34:00</datetime><body>	(抗击新冠肺炎)全球战疫：首次发现确诊病例后的印尼雅加达
	中新社雅加达3月5日电题：全球战疫：首次发现确诊病例后的印尼雅加达
	中新社记者林永传
	5日下午，从印尼首都雅加达地标——谭林街大环岛地铁站进出的人群，脚步虽然一如往日的从容和淡定，但戴上口罩的人数明显增多。
	4天以前，虽然新冠肺炎疫情已在多国暴发，全球数十个国家发现确诊病例。然而印尼这个拥有2.6亿人口的世界第四人口大国，官方数据仍是零确诊病例。其公共场所，包括国际交往频密的雅加达国际机场，戴口罩者寥寥无几。餐照聚、舞照跳，这个国家的民众仿佛感觉自己离新冠肺炎病毒很远。
	然而，病毒终因聚餐与跳舞而至。本月2日，印尼总统佐科通报该国一对64岁和31岁的母女被确诊为新冠肺炎病例。随后由该国卫生部长特拉万通报的信息显示，2月14日，一位日本女性公民到访雅加达，在市区南部一餐厅与上述被确诊的31岁女性舞蹈教练聚餐和跳舞。2月27日，该日本公民在马来西亚被确诊为新冠肺炎病例。而先后于2月16日和22日出现发热、咳嗽症状的那对印尼母女一直在其居住地德博县以支气管炎医治，直至3月1日才被转入雅加达一所传染病医院，并于次日被确诊感染新冠肺炎。
	发现确诊病例消息传出后，雅加达各大超市、社区便利店出现了抢购潮，价格飙升数十倍的口罩“一罩难求”，消毒洗手液、医用酒精、消毒水被一扫而空，大米、方便面、食用油、卫生纸等生活物资都成了抢购对象……
	印尼总统佐科不得不出面喊话，安抚民众无需恐慌，称政府已做好应对疫情准备，将保证医疗及生活物资供应。该国贸易部长苏巴尔曼托、零售商协会总主席罗埃、购物中心租户协会总主席布迪哈佐亦紧急喊话，表示有充足生活必需物资供应，呼吁民众无需抢购囤积。
	中新社记者5日在雅加达市中心几处大超市看到，除了口罩、酒精等一些医用防护用品缺货外，各类生活必需品充足，超市里亦不见了抢购现场。
	发现确诊病例后，印尼政府各部门首长纷纷现身，或说明防控病毒举措，或推“保”经济新政。
	该国人类发展与文化统筹部长穆哈吉尔称，印尼全国已指定137家医院准备救治新冠肺炎患者，政府还成立了一支专门队伍追踪与国内外确诊病例接触过的人。据媒体披露，至少有8名新加坡、日本、马来西亚确诊病例在被确诊前曾入境或经停印尼，亦有印尼乘客与新西兰、澳大利亚被确诊者乘坐过同一航班。
	印尼国军总司令哈迪称，将在寥内群岛的Galang岛建造一座可收治1000名患者、拥有50个隔离室的医院。
	印尼经济统筹部长艾尔朗加称政府将推出涉及金融和进出口、税收等方面的8条“新政”，以应对全球疫情对该国经济的影响；财政部长英卓华称将采取财政刺激措施拉动国内消费、且不排除缓征企业所得税的选项；央行总裁贝利称将实施5项金融措施以降低新冠肺炎疫情对该国金融业的冲击。
	5日，印尼内政部要求该国地方政府不要单方面发布新冠肺炎信息，应由卫生部门统一发布。此前，该国警察总部已表示将加大对涉新冠肺炎假新闻和谣言传播者的查处和打击力度。(完)
【编辑:何路曼】
</body></doc>