<doc><id>1153</id><url>http://www.chinanews.com/cj/2020/03-05/9115186.shtml</url><title>中国纺织行业复工复产稳步推进</title><datetime>2020-3-5 20:33:00</datetime><body>	(抗击新冠肺炎)中国纺织行业复工复产稳步推进
	中新社北京3月5日电(记者闫晓虹)中国纺织工业联合会(以下简称：中纺联)5日透露，目前中国纺织行业复工复产稳步推进。
	为深入了解新冠肺炎疫情对纺织行业生产运行的直接影响，中纺联于2月13日到3月4日对纺织企业复工复产情况进行调查。调查显示，最近一周内，纺织企业复工复产总体稳步推进，已复工企业及返岗工人人数持续增多。
	中纺联集群办、园区办对全国15个省份的29个重点纺织产业集群进行了调查，迄今共有1.1万户纺织企业复工生产，占上述集群企业总数的21.1%。
	调查显示，最近一周以来，纺织产业链中下游企业复工复产情况逐步改善，纺织服装专业市场复工开市进度有所加快，2月中下旬比较突出的产业链上下游复工不同步问题逐步缓解，产业链运转协同性正在逐渐恢复。
	纺织产业链上游环节复工复产情况一直相对较好，在复工初期即体现出生产装备自动化数字化水平较高、对人工依赖程度较低的优势。被调查企业中，85%左右的化纤及棉纺企业目前均恢复开工生产。
	产业链终端行业受到工人返岗不足以及人员众多引起防疫管理难度大、防疫物资采购困难等因素影响，初期复工复产进度缓慢，但近期情况明显好转。
	同时，小微企业复工复产进度总体仍较为缓慢，根据中纺联对29个重点产业集群的调查数据，共有9149户规模以下企业实现复工，占集群规模以下企业总数的比例仅为18.4%。除了工人短缺、防疫物资采购困难等原因外，大企业外包订单减少及专业市场尚未完全恢复，也是小微企业复工动力不足的重要原因。
	中国纺织工业联合会指出，近期，随着各级政府促进企业复工复产的政策措施逐步落实，前期制约企业复工的人员返岗、物流运输、防疫物资采购等问题正在逐渐得到缓解，但困难情况在局部地区仍然存在，物流运力及价格也仍需一段时间方能恢复正常。(完)
【编辑:郭泽华】
</body></doc>