<doc><id>1155</id><url>http://www.chinanews.com/cj/2020/03-05/9115183.shtml</url><title>商务部：中国进出口已现恢复性增长势头</title><datetime>2020-3-5 20:32:00</datetime><body>	(抗击新冠肺炎)商务部：中国进出口已现恢复性增长势头
	中新社北京3月5日电(记者李晓喻)中国商务部外贸司司长李兴乾5日表示，全国进出口已经出现恢复性增长势头。
	李兴乾在当天举行的新闻发布会上称，目前各地复工复产进度明显加快。浙江、天津重点外贸企业已100%复工，广东、江苏、上海、山东、重庆复工率超过70%。
	他表示，考虑到受春节因素影响，每年一季度进出口数据都会出现一定波动。今年加上疫情因素，进出口出现波动在所难免，但影响是“暂时和阶段性的”，中国外贸发展长期向好的趋势没有改变。
	因疫情在全球范围内持续扩散，国际货币基金组织(IMF)已将今年全球经济增速预期下调至3.2%。WTO日前公布的一季度货物贸易晴雨指数(95.5)也低于基准值。
	对此李兴乾称，疫情对国际市场需求带来一定影响，主要体现在人员交流受限、国际物流不畅，国际货物贸易，特别是中间品贸易更容易受到影响，但这是阶段性的、总体可控的。
	他表示，为应对疫情给国际贸易带来的挑战，今后中国将从保障龙头企业入手，推动重点企业、龙头企业和配套企业协同复工复产，提高产业链复工复产的系统性、协同性。同时，将加强物流运输保障力度，提升运输能力，确保外贸物流顺畅运转。(完)
【编辑:郭泽华】
</body></doc>