<doc><id>1158</id><url>http://www.chinanews.com/sh/2020/03-05/9115173.shtml</url><title>疫情倒逼农业大省山东描绘高科技“春耕图”</title><datetime>2020-3-5 20:27:00</datetime><body>	(抗击新冠肺炎)疫情倒逼农业大省山东描绘高科技“春耕图”
	中新社济南3月5日电(沙见龙)农田“不见面”托管、“无接触春耕”、自动驾驶机械播种、“无人机”喷药施肥……疫情防控期间，中国农业大省山东正描绘着一幅不同往年的信息化、科技化、自动化“春耕图”。
	疫情下，线上服务、视频培训、微信远程指导等形式，使山东农业技术专家“一张嘴，两条腿”的工作模式，变为了指尖上“零距离”互动。线上“诊疗”、远程“下方”成了山东春耕备播指导的普遍方式。据统计，2月份以来，山东累计13.9万人(次)各级农业技术人员参加现场指导，5.7万人(次)利用网络媒体开展服务，240多万人(次)农民接受技术服务。
	展开螺旋桨，连接电池，将药箱接入底部，在临沂兰陵县景亮家庭农场主蔡文芝的操控下，喷药无人机十几分钟便为大片麦地喷完了除虫剂。她帮全村免费代管千余亩农田，负责翻地、施肥、喷药。“当春耕碰上疫情，无人操控机械作业成了作业首选方式之一。”在泰安、滨州、青岛等地的农田里，无人植保机、自走式高杆喷雾机、背负式果园植保机也随处可见。
	针对疫情防控形势，山东各地上线多个“线上春耕”“线上春管”平台并持续“吸粉”。济南丰信公司推出“无接触种地”服务，会员农民可根据需求线上选择服务或产品，下单约定送货到家或村口。今春，该公司用户新增数量同比增长约30%。
	位于潍坊的中国农机行业龙头企业雷沃重工联合多家企业成立“足不出户备春耕公益联盟”，利用卫星定位、遥感、大数据、云计算等技术，面向农户、家庭农场主、合作社等有春耕需求的农业经营主体、服务组织及基层管理部门，免费提供智慧农业服务。
	山东理工大学教授王志强表示，智能化农业生产，已经成为未来农业发展的必然方向，中国也要打造可复制、易推广的绿色生态、高效环保的无人农场新模式。
	据农情调度，山东2020年春播面积3000多万亩。其中，春播蔬菜1400多万亩，油料900多万亩，粮食400多万亩。目前，种子、农药、化肥等各类农资储备充足，早春马铃薯和大拱棚蔬菜230万亩已完成播种，冬小麦返青期麦田墒情普遍良好。
	山东省农业农村厅种植业管理处处长杨武杰表示，充分利用信息化、科技化、智能化的生产方式不误农时，是中国农业生产向现代化进步的良好体现。(完)
【编辑:白嘉懿】
</body></doc>