<doc><id>1161</id><url>http://www.chinanews.com/gn/2020/03-05/9115170.shtml</url><title>天津多举揽才 达标外籍人才及家属可申请在华永久居留</title><datetime>2020-3-5 20:24:00</datetime><body>	中新社天津3月5日电(记者张道正)5日公开的《天津市“项目+团队”支持服务实施办法(试行)》(以下简称《办法》)规定：“项目+团队”成员中，符合天津市外籍高层次人才认定标准的外籍高层次人才及其配偶、未成年子女，经政府主管部门推荐，可直接申请在华永久居留。
	为深入实施“海河英才”行动计划，推动领军人才、优秀团队和高端项目整体加速落地，助推天津经济社会高质量发展，天津市人才工作领导小组制定并发布上述《办法》。该《办法》还称，已在津工作且具有博士研究生学历的外籍华人及其配偶、未成年子女，可直接申请在华永久居留。
	“项目+团队”是指在天津市进行自主技术研发或创新成果转化，研发领域处于所在学科前沿，产业发展前景良好，创新成果符合产业发展方向的创新创业项目和人才团队。《办法》主要支持对象为新来津落地、并处于初创或启动阶段的“项目+团队”。
	天津重点面向新一代信息技术、人工智能、生物医药、高端装备、新材料、新能源、节能环保等领域的战略性新兴产业和支柱产业，聚焦新业态、新经济、新平台、新工艺，加快集聚一大批高端科技项目和领军人才团队。
	《办法》称，将在海外发达国家和地区，布局一批海外人才工作站，聘请一批招才引智专员，发现和储备一大批高水平项目和人才团队；实施招商引资和招才引智联动，借助世界智能大会、“华博会”“津洽会”等载体，邀请海内外高端人才团队来津实地考察，推动项目、团队和平台的对接。
	在天津市级重点支持的“项目+团队”基础上，按项目技术水平、团队带头人潜质、产业发展前景等标准，每年遴选200个左右团队重点培养，分A、B、C三级资助。给予团队建设资助，创业A级200万元(人民币，下同)、B级60万元、C级20万元；创新A级100万元、B级50万元、C级10万元。
	对海外高层次人才按规定进口用于科学研究和教学的仪器、仪表、设备、图书等物品，符合国家支持科技创新进口税收优惠政策的，免征进口税。
	《办法》强调，通过改造现有房、转化保障房、租购商品房、新建公寓房等多种渠道筹集房源，在交通便利、配套齐全的区域配置一批人才公寓，为“项目+团队”成员提供安居服务。(完)
【编辑:白嘉懿】
</body></doc>