<doc><id>1165</id><url>http://www.chinanews.com/gn/2020/03-05/9115164.shtml</url><title>应急管理部：2月中国各类自然灾害造成21.6万人次受灾</title><datetime>2020-3-5 20:16:00</datetime><body>	中新社北京3月5日电(记者陈溯)中国应急管理部5日对外发布2020年2月份中国自然灾害基本情况，2月份中国各种自然灾害共造成21.6万人次受灾，2人死亡。
	近日，应急管理部会同自然资源部、水利部、农业农村部、气象局等部门和单位对2020年2月份全国自然灾害情况进行了会商分析。经核定，2月份，中国自然灾害以低温冷冻和雪灾、风雹灾害为主，森林草原火灾、地震等也有不同程度发生。各种自然灾害共造成21.6万人次受灾，2人死亡；4000余间房屋受损；农作物受灾面积11.3千公顷，其中绝收1千公顷；直接经济损失3.6亿元(人民币，下同)。与近5年同期相比，2月份中国因灾死亡失踪人数、倒损房屋数量和直接经济损失分别减少50%、83%和29%。
	2月份，共有2次冷空气过程影响中国，低温冷冻和雪灾共造成辽宁、河北、山东、四川等11个省(区、市)9.6万人次受灾，直接经济损失2.1亿元，与近5年同期均值相比，直接经济损失减少30%。受雨雪过程影响，中国北方和中东部大部分地方森林草原火险气象等级有所降低，据初步统计，2月份中国共发生森林火灾58起，1人死亡，受害森林面积约5公顷，未发生重大以上森林火灾，发生草原火灾2起。
	2月12－15日，南方局地发生强对流天气，风雹灾害偏重。据统计，2月份风雹灾害共造成湖北、湖南、云南、江西、广西等14个省(区、市)10.8万人受灾，1人死亡，农作物受灾面积6.8千公顷，直接经济损失1.1亿元。
	2月份，中国大陆地区共发生3次5级以上地震，集中在西部地区，造成的灾害影响和直接经济损失为近5年同期最低。其中，2月3日四川成都市青白江区5.1级地震造成200余人紧急转移安置，200余间房屋受损，直接经济损失近3000万元。另外两次5级以上地震震中附近均为无人区，影响较小。(完)
【编辑:郭泽华】
</body></doc>