<doc><id>1167</id><url>http://www.chinanews.com/gn/2020/03-05/9115163.shtml</url><title>94岁退役老兵抗疫时期的家国情怀</title><datetime>2020-3-5 20:14:00</datetime><body>	新华社北京3月3日电(记者吴文诩)“曹书记早上好！我妈向武汉医院战斗在最危险的抗疫前线医护人员捐款，这是她本月的优抚金2851元。钱不多，但这是她一个老党员的爱心，请您代为转交……”近日，北京市朝阳区北三里社区居民张东通过微信向社区干部发去母亲孙凤亭的捐款申请。
	94岁的孙凤亭是一名退役军人。1945年参加八路军，1950年10月加入中国共产党。孙凤亭曾多次荣获军功章，包括渡江胜利纪念章、淮海战役纪念章、解放西南胜利纪念章等。
	由于孙凤亭身患糖尿病等多种疾病，自2019年4月以来，孙凤亭一直住院接受治疗，医院多次下达病危通知书。
	“我妈是从革命年代走过来的人，又是老党员，平日里也是个热心肠，谁家有困难都主动伸以援手。这次她积极捐款，家里人都觉得理解和支持。”张东说。
	春节前的一次病危抢救后，老人的身体和意识均有少许好转。在一次电话中，孙凤亭询问为何家人最近不来探望，张东不忍心看到母亲难过，只好告知实情：“这次湖北出现新冠肺炎疫情，为安全考虑，医院规定，疫情期间家属不能来。”
	“不来是对的，咱们要听医生的话……但这次国家是遇到困难了啊，我这个老党员怎么能袖手旁观？必须得尽一份力……你帮我代捐一个月的优抚金吧！”孙凤亭说。
	为实现老人心愿，张东迅速联系所在社区干部，表达母亲捐款意愿。北三里社区党委书记曹红芳说，考虑到老人住院期间主要依靠儿女以及政府每月的优抚金生活，家庭经济条件并不富裕，社区对老人捐款的请求最初表示婉拒。但是，社区拗不过孙凤亭本人及家属的强烈意愿，最终同意孙凤亭的捐款请求。
	北京市退役军人事务局有关负责人表示，在抗疫面前，孙凤亭作为一名老党员、一名复员老战士，退役不退志、退伍不褪色、离岗不离党，她用自己的善行大爱诠释共产党员的初心，用实际行动彰显一名退伍军人的家国情怀。
【编辑:田博群】
</body></doc>