<doc><id>1168</id><url>http://www.chinanews.com/gn/2020/03-05/9115144.shtml</url><title>天津：有过疫情严重国家或地区旅居史的中外人员均须隔离</title><datetime>2020-3-5 20:14:00</datetime><body>	(抗击新冠肺炎)天津：有过疫情严重国家或地区旅居史的中外人员均须隔离
	中新社天津3月5日电(记者张道正)天津官方5日明确提出：所有中外人员，凡是在进入天津之日前14天内，有过疫情严重国家或地区旅居史的，一律实施居家或者集中隔离健康观察。
	近期，多个国家和地区出现新冠肺炎感染病例，数量持续攀升。鉴于当前境外疫情防控形势，结合天津实际，天津市新冠肺炎疫情防控工作指挥部进一步明确了涉外疫情防控和入境人员健康管理措施。
	天津官方强调，对所有入境人员的管理坚持一视同仁，坚持严防严控与人文关怀并重，严格入口管理、落地管理、场所管理。同时，也将有力度、有温度、周到细致地做好生活服务保障。
	所有中外人员凡进入天津之日前14天内，有过疫情严重国家或地区旅居史的，一律实施居家或者集中隔离健康观察。在天津有固定居所的，纳入社区防控体系，居家隔离观察14天；在天津无固定居所的，官方将安排在指定宾馆集中医学观察14天。如有发热和呼吸道症状，要及时前往发热门诊进行诊疗排查。如出现确诊、疑似或密切接触者，将按既有医学程序处置。(完)
【编辑:郭泽华】
</body></doc>