<doc><id>117</id><url>http://www.chinanews.com/gn/2020/03-03/9112460.shtml</url><title>外交部：强烈谴责美方对中国媒体驻美机构进行政治打压</title><datetime>2020-3-3 20:28:00</datetime><body>	新华社北京3月3日电(记者朱超)外交部发言人赵立坚3日表示，美国国务院基于冷战思维和意识形态偏见，以莫须有的理由对中国媒体驻美机构进行政治打压，中方对此坚决反对并予以强烈谴责，敦促美方立即改弦更张、纠正错误，中方保留做出反应和采取措施的权利。
	当日例行记者会上，有记者问：当地时间3月2日，美国国务院宣布自3月13日起，对被作为“外国使团”列管的5家中国媒体中国籍员工数量采取限制措施。中方有何评论？
	赵立坚说，长期以来，中国媒体驻美记者严格遵守美国法律法规，恪守新闻职业道德，秉持客观、公正、真实、准确的原则在美国开展新闻报道，专业性得到社会公认。“美方对中国媒体记者采取措施毫无依据、毫无道理。”
	他说，美方固守冷战思维和意识形态偏见，从登记“外国代理人”，到列为“外国使团”，再到以所谓限制人数为名，实际上限期“驱逐”中国媒体驻美记者，不断升级对中国记者的打压行动，严重干扰中方媒体在美开展正常报道活动，严重损害中国媒体声誉，严重干扰两国间正常人文交流。美方一方面标榜新闻自由，另一方面却对中国媒体在美正常采访进行干扰、横加阻挠，暴露出美方所谓“新闻自由”的虚伪性，是赤裸裸的“双重标准”和霸权欺凌。
	“当前中美关系形势下，美方此举将给两国关系带来严重的负面影响和损害。我们敦促美方立即改弦更张、纠正错误。中方保留做出反应和采取措施的权利。”赵立坚说。
	在回答有关美方称此举是为了实现“对等”的提问时，赵立坚说，中国从未对美国媒体在华机构和人员数量做出过限制，美国媒体来华人员数量是美国媒体自己的选择，不是中国限制的结果。
	“据我了解，2018年至今，美方已通过拒签、拖延签证等手段限制中方记者正常赴美。去年以来已有至少21人被拒签。此次美方一错再错，以所谓限制人数为名，实际上‘驱逐’中国驻美媒体60名员工，这对等吗？”
	赵立坚说，中国媒体驻美机构只有9家，而美国媒体在中国有29家。美国驻华记者在签证有效期内可以多次往返中国，而美方特别针对中国驻美记者采取歧视性措施，只颁发一次入境签证，这意味着中国记者任期内短期回国甚至包括探亲，也必须重新申请签证，并且每次签证费高达354美元，是中方收取费用的两倍多。“美方对中方搞‘对等’，也对其他国家驻美媒体搞‘对等’吗？”
	他说，美方张口闭口说对等，实质上是对中国媒体的偏见、歧视和排斥。“是美方先破坏了游戏规则，中方只好奉陪。”
【编辑:田博群】
</body></doc>