<doc><id>1171</id><url>http://www.chinanews.com/gn/2020/03-05/9115129.shtml</url><title>北京提倡少开会、开短会</title><datetime>2020-3-5 20:12:00</datetime><body>	(抗击新冠肺炎)北京提倡少开会、开短会
	中新社北京3月5日电(陈杭)北京市持续开展爱国卫生运动，建议减少不必要会议，缩短会议时间，面对面会议的时间控制在1小时以内。
	北京市卫生健康委员会新闻发言人高小俊5日在发布会上提到以上内容。
	1月19日起，北京市开展爱国卫生运动，组织发动社会各个单位、社区，围绕疫情防控做好科普知识宣传、重点场所环境整治、居家及办公场所环境清洁、病媒生物防控等工作。
	据高小俊介绍，疫情发生以来，北京各级爱国卫生运动委员会出动人员约30万人次，清除环境卫生死角15万余处，清运垃圾5万余吨，投放鼠药2.7万公斤，对6万余处越冬蚊孳生场所进行了清理和消杀。
	为引导市民养成文明健康、绿色环保的生活方式，高小俊向市民发出以下倡议：
	——减少不必要会议，优先选择视频网络会议，如必须开会，选择有窗的会议室，会前开窗通风。会议期间在保持室内温度情况下，也要尽量开窗通风。
	——尽量减少会议参加人员，缩短会议时间。参会人员全程佩戴口罩，自带杯具，人与人间距不小于1米，面对面会议的时间应控制在1小时以内，提倡开短会。
	——每人办公面积不小于2.5平方米，且间距不小于1米；多人办公且密度较大时建议佩戴医用口罩。
	——日常以清洁卫生为主，同时对接触较多的桌面、门把手、水龙头、扶手等公用物品和部位进行预防性消毒。必要时对地面、墙壁等进行预防性消毒。
	——食堂就餐应分批、错峰，减少交谈，禁止高声喧哗。进出食堂佩戴口罩，就餐时再摘下，座位尽量保持1米以上的距离。(完)
【编辑:郭泽华】
</body></doc>