<doc><id>1173</id><url>http://www.chinanews.com/gn/2020/03-05/9115131.shtml</url><title>农业农村部：重点种子企业复工率达92% 156家农药企业保证湖北供应</title><datetime>2020-3-5 20:07:00</datetime><body>	(抗击新冠肺炎)农业农村部：重点种子企业复工率达92%156家农药企业保证湖北供应
	中新社北京3月5日电(记者李亚南)在5日举行的中国国务院联防联控机制新闻发布会上，中国农业农村部种业管理司司长张延秋表示，362家重点种子农资企业复工率达92%；鉴于湖北将近2000吨农药缺口，已协调156家农药企业来对接湖北保证供应。
	他说，中国种子、农药、化肥、农膜常年供大于求，可供应总量要多1.5倍到2倍以上，目前主要的问题是农资供应的产业链断了。前不久，交通运输部、农业农村部印发了《关于做好春季农业生产物资运输服务保障的紧急通知》，将农资纳入绿色通道，由企业自行网上打印通行证，确保农资运输车辆不停车、不检查、不收费，优先运行。从目前情况看，主动脉基本贯通；从25个省1500多个农业县反馈情况看，县内乡镇的道路通畅的占78%。
	张延秋介绍称，农资企业的复工已经有了较好进展。目前，362家重点种子企业复工率达到92%，产能达到62%，较上周提高10个百分点。化肥尿素企业复工率达到69%，磷酸一铵企业复工率达到62%，二铵企业复工率达到61%，钾肥企业复工率达到88%，复混肥复工率达到51%，1400多家农药企业已经复工70%。
	对于湖北农资保供任务，张延秋表示，农业农村部热线电话共收到193个反映农资问题，62个来自湖北。湖北防疫的任务重，但春耕农时又不等人，因此湖北省根据农事的轻重缓急列出了时间表。3月10日前完成早稻种子准备，3月15日前完成育秧农资准备，3月20日前完成小麦的条锈病、油菜菌核病用药的准备，4月10日前要完成中稻种子的准备。
	“湖北省本身能解决的由湖北省解决，比如早稻种子，湖北省有300多万公斤，自身条件能够解决；但湖北省解决不了的，比如中稻种子共需要5000万公斤，有一半的缺口，农业农村部已经安排湖南的‘隆平高科’、安徽荃银高科、江西先农种业做好准备，湖北提出具体品种需求后马上组织供应。”张延秋说。
	据介绍，湖北化肥缺口1.9万吨钾肥，中华全国供销合作总社协调中国农业生产资料集团公司对接供应；缺口复合肥61万吨，协调金正大集团对接供应。湖北农药缺口将近2000吨，农业农村部农药检定所和中国农药工业协会协调了156家农药企业来对接湖北，保证供应。“如果湖北的供应问题解决，我们全国的供应就有保障。”张延秋说。(完)
【编辑:郭泽华】
</body></doc>