<doc><id>1175</id><url>http://www.chinanews.com/gn/2020/03-05/9115126.shtml</url><title>农业农村部：有信心实现全年粮食目标</title><datetime>2020-3-5 20:06:00</datetime><body>	(抗击新冠肺炎)农业农村部：有信心实现全年粮食目标
	中新社北京3月5日电(记者李亚南)中国农业农村部种植业管理司司长潘文博5日在北京表示，现在春播刚刚开始，进度和常年相当，有信心实现全年粮食目标。
	当日，中国国务院联防联控机制就不失时机抓好春季农业生产工作情况举行发布会。
	潘文博坦言，今年春耕确实遇到一些常年没有遇到的困难和问题，农业农村部会同有关部门采取了一系列的措施。至于全年粮食问题，潘文博介绍说，全年粮食包括夏粮、早稻、秋粮，面积基本稳定，且现在墒情好，苗情长势好于去年、好于常年，夺取今年夏粮丰收是有基础的；早稻和秋粮农民的种植意向也是稳定的。
	“现在的春播刚刚开始，进度我们调度了一下和常年是相当的，只要环环紧扣、季季紧抓，指导农民把种植意向落地，把关键措施落实，实现全年粮食目标还是有信心的。”潘文博说。
	潘文博说，今年准备把春耕生产作为粮食安全省长责任制考核的重要内容，明确各省(区、市)粮食面积和产量要稳定在上年水平，今年还提高了早籼稻和中晚籼稻的最低收购价，下一步将落实好最低收购价、生产者补贴等政策，保障农民种粮收益，保护和调度农民种粮积极性。
	“针对疫情的影响，我们分区施策、分类指导，创新服务方式，特别是用好线上方式，让专家在线服务、在线答疑、在线培训，指导好当前春耕生产。”潘文博说，同时还要做好旱涝灾害防范以及重大病虫害防控，努力减少灾害损失。(完)
【编辑:郭泽华】
</body></doc>