<doc><id>1177</id><url>http://www.chinanews.com/tw/2020/03-05/9115154.shtml</url><title>休会不休岗 台籍代表委员积极为疫情防控履职尽责</title><datetime>2020-3-5 20:03:00</datetime><body>	新华社北京3月5日电(记者刘欢、李寒芳)受疫情影响，今年全国“两会”适当推迟召开。台湾省籍全国人大代表和全国政协委员心系国家、人民，休会不休岗，围绕疫情防控大局，着眼科学防控工作，积极建言献策、反映社情民意，为打赢疫情防控阻击战贡献智慧和力量。
	全国政协台联界别委员、全国台联副会长杨毅周向全国政协提交了《关于宣传台湾同胞与大陆同胞团结一心共同抗击疫情的建议》，主要内容是建议当前两岸报道要彰显两岸同胞血浓于水的骨肉亲情，体现两岸一家亲，激发正能量，齐心协力抗击疫情。
	杨毅周说，之所以提交这份建议，主要是因为疫情发生后，民进党当局“以疫谋独”，利用疫情煽动两岸对立，不断撕裂情感、制造矛盾，非常恶劣。事实上，多数台胞对于疫情严重地区同胞的态度是友善的、关心的。新冠病毒是人类的共同敌人，面对突如其来的疫情，两岸同胞更应团结友爱、携手抗疫。
	全国人大台湾团代表、青岛市台联会长林青告诉记者，1月底她起草完成《打赢疫情防控阻击战的三个建议》，提出尽快划分并公开疫情扩散的区域结构，进一步强化顶层部署优势；强化非常时期地方政府的政治责任，加强疫情防控的法律工作；调动多种社会动员力量和管控机制，严守疫情防控的“最后一公里”等建议。
	“有关方面收到我的建议，告知将认真研究、参考。”林青说，疫情暴发前，自己准备的建议主要聚焦民生，涉及学前教育、快递业、农村和社区医疗等方面。这段时间她一直跟踪疫情变化，对疫情应对也有一些思考，正起草“提高疫情防控法治化水平”的建议，围绕疫情带来的警示、预警响应机制的落实、提升法治素养、加强社会参与力度等方面为国建言献策。
	全国人大台湾团代表、全国台联副会长、重庆市台联会长许沛，向全国人大递交了《关于凝聚两岸融合发展力量，打赢疫情阻击战的建议》和《关于发挥教师作用做好疫情期间中小学生居家学习的建议》。
	全国人大台湾团代表、中国教育科学研究院研究员、全国台联副会长陈云英则建议，深入思考防控工作的薄弱环节，寻找新的经济增长点，更好推动经济高质量发展。
	据全国台联介绍，疫情防控阻击战打响后，台籍代表委员有的奋战在疫情防控第一线，有的积极筹措善款和物资，以各种方式为抗击疫情贡献力量，彰显使命担当。
	全国政协台联界别委员、香港中文大学当代中国文化研究中心荣誉研究员凌友诗对记者表示，疫情发生后，香港口罩等库存短缺，她一方面向全国政协反映情况，一方面积极联系海外朋友寻求协助。
	据悉，疫情发生后，全国台联发出防控疫情捐助告知书，广泛动员台胞向抗疫最前线伸出援手，获得海内外台胞乡亲积极响应。
【编辑:田博群】
</body></doc>