<doc><id>1178</id><url>http://www.chinanews.com/sh/2020/03-05/9115122.shtml</url><title>江西11位新冠肺炎康复者捐献恢复期血浆 累计捐献3660毫升</title><datetime>2020-3-5 20:02:00</datetime><body>	(抗击新冠肺炎)江西11位新冠肺炎康复者捐献恢复期血浆累计捐献3660毫升
	中新网南昌3月5日电(吴鹏泉)记者5日从江西省红十字会捐献服务中心获悉，截至3月4日晚，该省有11位新冠肺炎康复者捐献恢复期血浆，累计捐献3660毫升。
	据江西省红十字会捐献服务中心介绍，自2月19日，江西实现首例捐献以来，陆续有康复者联系当地医疗机构，表达捐献意愿。
	为感谢捐赠者的爱心善举，中国红十字基金会、江西省红十字基金会分别设立红十字人道救助慰勉金。其中，中国红十字基金会为每位成功捐献者提供3000元慰勉金，江西省红十字基金会为每位成功捐献者提供2000元慰勉金。
	据了解，康复者恢复期血浆治疗，是利用康复者血浆中一定滴度的病毒特异性抗体，降低患者体内病毒含量，从而达到治疗预期。在《新型冠状病毒肺炎诊疗方案(试行第六版)》中，已将“康复者血浆治疗”列入对重型、危重型病例的治疗方案中。(完)
【编辑:郭泽华】
</body></doc>