<doc><id>1183</id><url>http://www.chinanews.com/gn/2020/03-05/9115148.shtml</url><title>农业农村部：分级分类恢复春耕生产秩序 压紧压实“米袋子”</title><datetime>2020-3-5 19:59:00</datetime><body>	光明网讯(记者陶媛)3月5日，国务院联防联控机制就不失时机抓好春季农业生产工作情况举行发布会。农业农村部种植业管理司司长潘文博在会上表示，中央应对新型冠状病毒感染肺炎疫情工作领导小组发布了《当前春耕生产工作指南》，规格层次之高是多年少有的，在疫情防控的关键阶段，在春耕生产的关键时节，发布这一指南，时机非常重要，要求非常具体，而且指导性非常强，这充分体现了党中央、国务院对粮食和农业生产的高度重视。
	潘文博表示，今年年份特殊，不失时机的抓好春耕生产，确保粮食丰收，具有特殊的重要性。今年是全面建成小康之年，是脱贫攻坚的收官之年，受多种因素影响，我国经济下行压力大，又遭遇新冠肺炎疫情。习近平总书记强调“越是面对风险挑战，越要稳住农业，越要确保粮食和重要副食品的安全”。《指南》就是贯彻落实总书记的指示，压紧压实“米袋子”省长责任制，统筹抓好疫情防控和春耕生产，夯实粮食丰富的基础，守住“三农”这个战略后院。
	今年春耕面临的形势非常特殊，新冠肺炎疫情给春耕生产带来了一些新情况和新问题，春播粮食面积大约在9亿亩左右，占全年粮食面积一半以上，按时保质的完成春播任务，对全年粮食生产至关重要。《指南》坚持问题导向，指导各地分级分类尽快恢复春耕生产秩序，确保春耕生产有序开展。
	潘文博表示，当前农时比较紧迫，今天是24节气的“惊蛰”，农时紧、农事重。在这个关键节点发布《指南》，指导各地从南到北分区按时抓好春季的麦田管理、水稻的育秧泡田、大田的整地播种，确保春耕生产开好局、起好步，赢得全年粮食丰收的主动权。
【编辑:田博群】
</body></doc>