<doc><id>1187</id><url>http://www.chinanews.com/sh/2020/03-05/9115113.shtml</url><title>凝聚人才同心抗疫：厦门陆续推出八大人才政策礼包</title><datetime>2020-3-5 19:56:00</datetime><body>	中新网厦门3月5日电(杨伏山杨鸿杏)厦门市“人才登鹭”行动陆续推出八大人才政策大礼包，让人才群体感受到特区速度和初心。
	厦门市委组织部5日披露说，将陆续推出的八大人才政策大礼包，包括全面推进“群鹭兴厦”人才政策体系、出台柔性引才专门举措、上线空中双选会“云平台”、进一步解决人才购房难题、实施优秀人才举荐制度、全力导入高校智力资源、升级完善“白鹭英才卡”一卡通制度和完善“人才+资本”服务机制。
	其中，实施优秀人才举荐制度提到，要鼓励相关单位推荐在疫情防控一线表现优秀的人才和项目，在“百人计划”“双百计划”、拔尖人才等省、市级项目遴选时给予倾斜支持；完善“人才+资本”服务机制则将依托厦门两岸股权交易中心专门开设“医药医疗特色板”，助力抗疫一线企业加快申报相关资质和扶持政策。减免人才企业股权质押费用和交易手续费，帮助人才企业在“深交所创新创业投融资服务平台”挂牌并开展投融资服务。
	厦门注重引领带动人才集结抗疫一线和帮助人才企业重启生产，春节期间，发出《致全市广大专家人才的疫情防控倡议书》，号召各类人才投身疫情防控主战场；疫情发生以来，该市陆续发布15条暖心措施，从金融、税务等领域支持企业共渡难关、出台17条举措关爱“疫线战士”，对开展疫情联防联控，在网络数据技术支持、防控识别技术等方面做出贡献的高层次人才企业予以资金奖励。
	企业复工复产后，该市成立三个复工复产领导小组，出台18项具体举措，从免费包机、包船、包车接人到“一对一”设立政府服务专员，密集推出援企稳岗政策大礼包。
	结合复工复产大走访，该市还把重点人才项目扶持资金兑现由每季度一批提速为“即办即批、应办尽办”。首批人才扶持资金拨付共涉及24家人才企业，总金额达2350万元，同时加急拨付的本土领军人才“特支计划”扶持资金达1197万元，扶持对象包括本次出征湖北抗疫的12位医疗高层次人才。(完)
【编辑:郭泽华】
</body></doc>