<doc><id>1190</id><url>http://www.chinanews.com/gn/2020/03-05/9115123.shtml</url><title>军报评论：增强统筹抓好各项工作的责任感紧迫感</title><datetime>2020-3-5 19:45:00</datetime><body>	习主席在4日召开的中共中央政治局常务委员会会议上发表重要讲话，深刻分析当前疫情形势和对经济社会发展的影响，明确了当前新冠肺炎疫情防控和稳定经济社会运行重点工作，要求加快建立同疫情防控相适应的经济社会运行秩序。习主席的重要讲话为打赢疫情防控人民战争、总体战、阻击战，为全国经济社会发展早日全面步入正常轨道指明了努力方向、提供了根本遵循。对军队来说，我们要切实把思想和行动统一到习主席重要讲话精神上来，清醒认识当前疫情防控和经济社会发展形势的复杂性，进一步增强统筹抓好以练兵备战为中心的各项工作的责任感和紧迫感。
	经过全国上下艰苦努力，当前已初步呈现疫情防控形势持续向好、生产生活秩序加快恢复的态势，但湖北和武汉疫情防控任务依然艰巨繁重，其他地区人员流动和聚集增加带来的疫情传播风险在加大。习主席特别强调，加强疫情防控必须慎终如始，对疫情的警惕性不能降低，防控要求不能降低，继续抓紧抓实抓细。落实这一要求，就要做好统筹推进疫情防控和经济社会发展各项工作，巩固和拓展这一来之不易的良好势头，精准有序扎实推动复工复产，把疫情造成的损失降到最低限度。
	一手抓疫情防控、一手抓经济社会发展，体现了习主席统筹党和国家工作大局，两手抓、两手硬的高超政治智慧、领导艺术和战略考量。新冠肺炎疫情发生后，如何在较短时间内整合力量、全力抗击疫情，这是很大的挑战；在疫情形势趋缓后，如何统筹好疫情防控和复工复产，这也是很大的挑战。如何处理好疫情防控和经济社会发展的关系，必须坚持“两点论”与“重点论”相统一的辩证思维。不分主次，眉毛胡子一把抓不行；顾此失彼，只见树木不见森林也不行。对全军官兵来说，就是要一手抓疫情防控，一手抓练兵备战。
	疫情发生以来，全军部队坚决贯彻习主席重要指示，积极支援地方疫情防控，勇当人民生命安全和身体健康的捍卫者，与全国人民风雨同舟、共克时艰，积极发挥先锋队、突击队作用，充分展现了人民军队忠于党、忠于人民的政治本色和敢打硬仗、善打胜仗的优良作风。在积极支援地方疫情防控的同时，全军部队坚持抗疫不误战斗力、防控不松战备弦，扎实抓好练兵备战等各项工作落实，始终保持正规训练生活秩序和良好战备状态。
	疫情防控一丝不可大意，练兵备战一刻不能松懈。尤其是在疫情防控形势持续向好的情况下，各级要把握特点规律，切实增强统筹抓好疫情防控和部队各项工作的思想自觉、政治自觉和行动自觉，真正做到疫情防控和练兵备战“两手抓、两不误”。要根据疫情防控要求调整年度训练任务，在综合评估影响的基础上作出合理安排；建立与疫情防控相适应的训练秩序，科学调控训练场地、时间和人员；区分疫情风险等级，差异化组织部队训练；探索创新疫情期间教学组训方式方法，注重运用信息化、智能化等手段开展教学训练活动，确保训练质效；加强训练中疫情防控，建立完善训练中防疫制度措施，全程督导各项防控要求落实，以自身的防疫安全保证练兵备战工作落实。特别是军队支援湖北医疗队，要全力以赴投入到疫情防控斗争中去，发扬越是艰险越向前的大无畏革命精神，不怕疲劳、连续作战，不负重托、不辱使命，向党和人民交出一份合格答卷。(解放军报评论员)
【编辑:田博群】
</body></doc>