<doc><id>1191</id><url>http://www.chinanews.com/yl/2020/03-05/9115094.shtml</url><title>腾讯视频展播百部精品佳作 湖北地区用户免费看</title><datetime>2020-3-5 19:44:00</datetime><body>	中新网北京3月5日电(记者高凯)在国家广播电视总局的指导与统筹下，腾讯视频从3月5日起面向湖北地区用户，推出百部精品佳作免费看的主题展播活动。
	据了解，3月5日起，腾讯视频正式开启为期一个月的“湖北人民免费看”展播活动，身处湖北省内的用户，只需打开腾讯视频并登陆账号，无需开通会员，就可通过移动端、PC端、TV端等多个端口，直接观看包含电视剧、电影、综艺、纪录片、动漫、少儿等全品类百余部佳作。
	在这批精品佳作片单中，既有高口碑剧集《都挺好》《小欢喜》《陈情令》《全职高手》等，也有表现人情温馨的《奇遇人生》系列、《忘不了餐厅》《风味人间》等精品综艺与纪录片，同时还有传递热血励志，展现家国情怀的《我和我的祖国》《中国机长》《流浪地球》等院线电影佳作。
	除了涵盖优质影视节目外，此次主题展播活动中也囊括了腾讯视频推出的“在家上课”计划中的课程，其中包括《亲宝国学》《小伴龙好习惯培养》《田小艾学汉字》《幼小衔接之拼音》等超过100节知识付费、K12和少儿教育等内容，让少年儿童可以足不出户在家学习。(完)

【编辑:王诗尧】
</body></doc>