<doc><id>1195</id><url>http://www.chinanews.com/gn/2020/03-05/9115091.shtml</url><title>海关总署破获走私野生动物制品大案</title><datetime>2020-3-5 19:42:00</datetime><body>	中新网北京3月5日电(记者李晓喻)中国海关总署5日破获一起走私国家二级保护野生动物制品大案，抓获犯罪嫌疑人12名，现场查扣“干制蛤蚧”等野生动物制品20.3吨。
	5日凌晨，海关总署统一指挥广州、合肥、成都等海关缉私局开展打击野生动物走私“护卫2020”专项行动。初步查明，陈某等人为牟取利益，以伪瞒报等方式将境外“干制蛤蚧”等野生动物走私进境，并贩卖至广东、安徽、四川等地药材集散市场。
	蛤蚧学名大壁虎，是一类中小型蜥蜴，主要分布于亚洲东南部和南部，1988年被列为国家二级保护动物。近年来，蜥蜴、蟒蛇、乌龟等野生动物及其制品，因其所谓“食用”及“药用”价值而受不法食客追捧，偷猎、贩卖、走私等违法犯罪行为屡打不绝。
	海关总署称，下一步将加强风险研判，对超配额、超许可证、伪瞒报、夹藏夹带走私等违法行为提高布控精准度；运用人工智能审图技术，提升X光机查验效能，加大运输工具登临检查力度，督促旅客对应当申报的动物及制品100%申报，对进境快件、邮件实施100%过机检查；强化国际执法合作，会同有关部门对野生动物及其制品的主要交易地、集散地、消费地等重点区域实施有效整治，从严、从重、从快打击野生动物及其制品走私违法犯罪，斩断野生动物及其制品走私链条。(完)

【编辑:郭泽华】
</body></doc>