<doc><id>12</id><url>http://www.chinanews.com/cj/2020/03-03/9112702.shtml</url><title>福建战“疫” 力解企业融资难</title><datetime>2020-3-3 23:15:00</datetime><body>	(抗击新冠肺炎)福建战“疫”力解企业融资难
	中新社福州3月3日电(闫旭)在持续做好疫情联防联控的同时，福建省推行财政金融政策，配合解决企业融资难题。
	福建省新冠肺炎疫情联防联控工作第十二场新闻发布会3日举行，福建省财政厅副厅长林贻武在会上表示，截至3月2日，福建省各级财政累计下达41.45亿元(人民币，下同)，主要用于医疗救治、基层疫情防控和受疫情影响企业复工复产的贷款贴息。
	福建财政部门对疫情防控重点保障企业实行财政贴息，对列入全国重点医用物资和生活物资骨干名单的企业，除中央财政贴息以外，按人民银行再贷款利率的50%给予贷款贴息；对列入福建省疫情重点保障名单的企业，按人民银行再贷款利率的50%给予贷款贴息。
	在2020年6月30日前，受疫情影响严重的交通运输、餐饮、住宿、旅游等四大类企业，福建省财政将给予贷款贴息。企业在2月21日至6月30日前单户贷款余额不超过1000万元，银行给予优惠贷款利率，省财政贴息0.5个百分点。
	在支持企业恢复发展政策方面，福建省财政建立风险分担资金池，为“快服贷”等服务小微企业、科技型、外贸型企业融资，提供风险分担支持。
	福建省金融机构通过转贷、续贷、展期、降息帮助受困企业和民众渡过难关。初步统计，2月1日至27日，福建省金融机构已累计为1696家(次)各类防疫重点企业新增发放融资410.85亿元。
	据福建省金融监管局副局长谢建潮介绍，福建省金融机构已为3300家(次)各类重点复工复产企业新增发放融资1110.95亿元；为1307家(次)受疫情影响的企业办理无还本续贷、涉及金额28.19亿元；为23518人(次)受疫情影响的人员延长还款期限、涉及金额56.53亿元，为4590人(次)受疫情影响的人员减免违约金、逾期利息，累计减免0.55亿元。
	目前，福建省83家政府性融资担保机构已全部复工，分级分类全力支持重点防疫企业及帮扶受困的“三农”主体、中小微企业恢复生产经营。
	近日，福建各地通过举办政府、银行、企业对接活动，为企业复工复产提供金融支持。2月28日，福州鼓楼区举办的“1+N”政银企对接会上，9家企业与银行“云签约”，贷款总额3.7亿元；长乐区抗击疫情政银企对接会上，各银行代表与企业代表就公司生产经营情况和融资需求、利率要求等各方面，充分进行沟通交流，初步达成了新增贷款的授信额度逾34亿元。(完)
【编辑:张楷欣】
</body></doc>