<doc><id>120</id><url>http://www.chinanews.com/gj/2020/03-03/9112449.shtml</url><title>谢谢你们，与中国同行！</title><datetime>2020-3-3 20:20:00</datetime><body>	在中国抗击新冠肺炎疫情的特殊时刻
	许多外国人选择加入战“疫”
	他们与中国同行
	用行动诠释大爱无疆
	演绎着一个个患难见真情的故事
	患难见真情，携手战病魔
	谢谢你们，与中国同行！
	总策划：刘加文
	策划：夏小鹏徐倩
	监制：毕秋兰刘小军
	文案：薛笔犁
	制作：丁悦
	编辑：李雪梅张若晨侯强
	新华网海外传播中心出品
</body></doc>