<doc><id>1200</id><url>http://www.chinanews.com/gj/2020/03-05/9115080.shtml</url><title>国际刑事法院：将继续调查驻阿富汗美军涉嫌虐囚行为</title><datetime>2020-3-5 19:22:00</datetime><body>	中新网3月5日电据法新社报道，3月5日，国际刑事法院(ICC)法官裁定，对驻阿富汗美军涉嫌虐囚行为的调查必须继续进行，调查将包括美军在阿可能犯下的暴行，推翻了此前作出的一项裁决。
	据报道，国际刑事法院法官霍夫曼斯基(PiotrHofmanski)表示：“检察官被授权对自2003年5月1日以来，(美军)在阿富汗境内实施的涉嫌犯罪行为展开调查。”
	据媒体此前报道，自2001年发动“反恐战争”以来，美国虐囚丑闻不断曝光，除了中情局的虐囚事件，驻伊拉克美军、驻阿富汗美军以及古巴关塔那摩美军基地监狱都存在着大量的虐囚现象。
	2016年2月，在美国公民自由联盟要求下，美国国防部公开了驻伊拉克和阿富汗美军虐待囚犯的照片，但只是其中一小部分情节较轻的。

【编辑:何路曼】
</body></doc>