<doc><id>1201</id><url>http://www.chinanews.com/cj/2020/03-05/9115073.shtml</url><title>闽东北旅游市场快速复苏行动启动</title><datetime>2020-3-5 19:21:00</datetime><body>	中新网南平3月5日电(记者张丽君)“清新闽东北，健康武夷+”旅游市场快速复苏行动启动，福建南平市推出系列旅游优惠政策。
	5日上午，南平市人民政府新闻办公室于福建武夷新区召开“清新闽东北、健康武夷+”旅游市场全面复苏行动计划新闻发布会。
	现场推出带客奖补、专项营销、互助宣传、景区优惠等系列政策，启动援鄂医护人员武夷山疗休养等系列活动，通过政策拉动、宣传带动、营销推动，促进闽东北协同发展区旅游业整体提升，实现疫后旅游市场快速复苏。
	记者从发布会现场获悉，南平市拟安排300万元专项资金，自疫情结束之日起至2020年12月31日，对组织国内外游客游览武夷山风景名胜区之外再游览闽东北协同发展区内任一有销售门票的景区的旅行社，以及有销售该线路产品的电商、微商，给予30元/人促销奖励；
	邀请百名全国一线援鄂医护人员赴武夷山市疗休养，深度体验大武夷绿色魅力及其康体养生作用，由南平市提供落地接待全免服务；
	安排专项资金，围绕“清新闽东北，健康武夷+”主题，开展多角度、立体式全媒体传播，推广“武夷+福州海丝”“武夷+宁德山海”“武夷+平潭蓝”“武夷+莆田湄州岛”等线路产品。
	闽东北协同发展区居民将率先获得免门票优惠，时长为武夷山风景名胜区从恢复对外开放之日起至2020年6月30日。
	为回馈广大医护工作者、军人、警察、消防员、记者、社区工作者等群体在抗击疫情中无私奉献，截至目前，南平市已有49家景区景点针对上述群体推出系列疫后优惠措施，持续为南平旅游市场导客引流。(完)
【编辑:白嘉懿】
</body></doc>