<doc><id>1202</id><url>http://www.chinanews.com/sh/2020/03-05/9115081.shtml</url><title>疫情防控期，这8种诈骗套路，千万别中招！</title><datetime>2020-3-5 19:18:00</datetime><body>	“老师”在家中群中收学杂费？有“感染者”给你发短信称急需“住院费”？先别忙着给钱，这可能是骗子的套路！当前，全国人民众志成城抗击疫情，但有些不法分子却把疫情当做“良机”，抱着“赚快钱”的目的实施诈骗。快来了解疫情防控期骗子的8种套路，提高警惕性，让骗子无机可乘！
	来源：正义网文字：李梦欣制作：王帅编辑：刘茜监制：宿广田
</body></doc>