<doc><id>1203</id><url>http://www.chinanews.com/gn/2020/03-05/9115074.shtml</url><title>中央应对新冠肺炎疫情工作领导小组会议：把关心关爱一线医务人员措施落到实处</title><datetime>2020-3-5 19:15:00</datetime><body>	5日，中共中央政治局常委、国务院总理、中央应对新冠肺炎疫情工作领导小组组长李克强主持召开领导小组会议。
	中共中央政治局常委、中央应对新冠肺炎疫情工作领导小组副组长王沪宁出席。
	会议指出，要认真贯彻习近平总书记重要讲话和中央政治局常委会会议精神，按照中央应对疫情工作领导小组要求，慎终如始、精准有效加强疫情防控，落实关心关爱一线医务人员的措施，保障好困难群众基本生活，有序复工复产，促进经济社会发展。
	会议强调，要继续把武汉和湖北作为重中之重，全力救治重症患者，降低病亡率。及时真实发布疫情信息，决不允许瞒报漏报。北京等重点防控地区要严格社区、通道、口岸管控，防控聚集性、输入性感染。
	会议强调，要落实好关心关爱医务人员措施，相关补助和津贴要及时发放，向与患者直接接触的一线医务人员特别是救治重症的医务人员倾斜，不得按行政级别确定发放标准。医务人员轮休不影响奖金、休假等待遇。湖北和武汉要在集中力量救治新冠肺炎患者的同时，做好正常的急诊、住院、救治等医疗服务。
	会议要求，各地要保障好疫情防控期间困难群众基本生活，及时足额发放低保金、特困供养金等。对确诊的困难群众特别是家中有人病亡的，要给予临时救助。对交通管控等原因滞留、遭遇临时困难的外来人员，要提供食宿等帮扶。对生活不能自理、无人照料的老幼病残等人员要安排提供照料。
	领导小组成员丁薛祥、黄坤明、蔡奇、王毅、肖捷、赵克志参加。【编辑:田博群】
</body></doc>