<doc><id>1204</id><url>http://www.chinanews.com/sh/2020/03-05/9115064.shtml</url><title>上海市总工会推出三八节特别活动 关心慰问战“疫”一线女职工</title><datetime>2020-3-5 19:14:00</datetime><body>	中新网上海3月5日电(记者许婧)新冠肺炎疫情注定让第110个“三八”国际劳动妇女节与众不同。上海市总工会5日发布消息称，上海市总工会女职工委员会发动各级工会女职工组织，联合爱心企业，对抗疫防疫一线女职工开展慰问活动，把特别的爱给特别的“她”，汇聚社会各方力量，早日打赢这场疫情防控的人民战争。
	在这场特殊的战“疫”里，一大批各行各业的女职工奋战在抗疫防疫第一线。她们是用生命守护生命的医护人员、是夜以继日不辞辛劳的社区工作者、是风雨无阻的公安民警、是加班加点的物资生产保障人员、是直击现场的新闻媒体工作者、是恪尽职守的城市交通保障人员、是辛勤劳作的环卫工人、是热诚助人的志愿者，是每一位不畏艰险、坚守岗位的“最美逆行者”。
	上海市总工会女工委会同上海市医务工会、市金融工会，联合16个区的总工会、东方国际工会、医药工会、电信工会、市城乡建设和交通工会、市教育工会、市市级机关工会、隧道股份工会等各级女职工组织，对目前驰援湖北抗击疫情的全市1000余名援鄂女性医务人员家庭开展走访慰问，送上节日问候和慰问信、慰问品，传递党和政府以及工会组织对援鄂医务人员的关心关爱，向理解支持“白衣天使”的家人们表示感谢，深入了解并积极帮助解决她们家庭的实际问题和困难，齐心协力为抗疫一线的姐妹们解除后顾之忧。上海家化公司专门为这次“三八”节慰问活动捐赠了护肤品，当这些巾帼战士卸下“戎装”、再着“红妆”时，帮助她们尽快修复受伤的容颜。
	当天，上海市总女职工委员会向防疫抗疫一线女职工的父母、子女、爱人发起征集家书活动，以家书寄“申”情，向战“疫”一线的“最美逆行者”表达特殊时期的节日祝贺，传递家的温暖、爱的力量。
	抖音平台为家书展示开辟了专区。上海市振兴中华读书指导委员会办公室将组织专家评选100篇优胜奖，由上海文艺出版社汇编出版。获奖者还将同时获得歌诗达邮轮公司捐赠的邮轮标准阳台房一间，让战“疫“胜利后的一线女职工携带家人休养调整。
	同时，上海市总工会女工委要求，当前正处于统筹推进疫情防控和经济社会发展工作的关键阶段，各级工会女职工委员会要严格落实中央、市委关于疫情防控工作的总体部署和要求，不搞群众聚集性活动，最大限度减少传播风险；要积极引导各行各业女职工将“三八”节纪念活动同疫情防控、复工复产复市等相关工作紧密结合起来，加强对抗疫一线女职工感人事迹和精神的宣传，组织动员女职工以主人翁姿态投身企业发展，坚定信心、同舟共济、建功立业，在疫情防控、经济发展、社会和谐中彰显巾帼作为。(完)
【编辑:白嘉懿】
</body></doc>