<doc><id>1208</id><url>http://www.chinanews.com/tw/2020/03-05/9115062.shtml</url><title>国台办：美国会有关涉台议案毫无道理</title><datetime>2020-3-5 19:06:00</datetime><body>	新华社北京3月5日电国台办发言人朱凤莲5日就美国会众议院近日通过所谓“台北法案”应询表示，关于美国会众议院通过有关涉台议案，外交部已表明严正立场。美国会有关涉台议案公然阻挠其他国家同中国建交、助台拓展所谓“国际空间”，毫无道理。我们坚决反对美方以任何形式干涉中国内政、破坏一个中国原则和中美三个联合公报。
	朱凤莲指出，近一个时期，美国会一而再、再而三操弄所谓涉台议案，只会在两岸之间挑起更多事端，只会给中美关系制造更多麻烦，最终也会损害美自身利益。
	朱凤莲表示，民进党当局总是试图通过这种形式挟洋自重，其结果只会加剧两岸关系的紧张与动荡，破坏台海地区的和平和稳定。
【编辑:朱延静】
</body></doc>