<doc><id>121</id><url>http://www.chinanews.com/gn/2020/03-03/9112437.shtml</url><title>北京：疫情严重地区入境人员进京须隔离观察14天</title><datetime>2020-3-3 20:14:00</datetime><body>	(抗击新冠肺炎)北京：疫情严重地区入境人员进京须隔离观察14天
	中新社北京3月3日电(陈杭)北京市人民政府副秘书长陈蓓3日在新闻发布会上表示，凡是从韩国、意大利、伊朗、日本等疫情严重国家经北京口岸入境的，目的地是北京的，都要实行隔离观察。
	近期，新冠肺炎疫情在海外呈现扩散态势，部分国家疫情发展很快，形势严峻。一些海外留学生、务工人员回国意愿比较强烈。陈蓓透露，近几天，仅在伊朗的中国留学生从北京口岸回国的就有20余人。北京作为全国最重要的入境口岸之一，防范疫情输入风险的压力很大。
	陈蓓指出，依据《中华人民共和国国境检疫法》等法律法规，要全面加强入境检验检疫工作。严格落实入境人员《健康申报卡》填报，实现全员、全项、电子化、可共享。
	“此前，我们对于过去14天内未在中国境内停留，经北京口岸入境的人员，免除居家观察14天的要求。现在，根据境外疫情变化，我们要对前期政策作出调整。”陈蓓介绍，凡是从韩国、意大利、伊朗、日本等疫情严重国家经北京口岸入境的，如果是中转去外地的，严格按当地规定做好防疫工作；如果目的地是北京的，不论是中国人、还是外国人，都要实行隔离观察。
	陈蓓指出，在北京有固定居所的，纳入社区防控体系，居家隔离观察14天；在京无固定居所的，安排在指定宾馆集中医学观察14天。
	她称，已通过驻外使领馆，提前了解伊朗等疫情严重国家留学生、务工人员的回国意愿，以便有针对性地提前做好工作预案。(完)
【编辑:白嘉懿】
</body></doc>