<doc><id>1219</id><url>http://www.chinanews.com/gn/2020/03-05/9115035.shtml</url><title>疫情防控要警惕 “一篙松劲退千寻”</title><datetime>2020-3-5 18:39:00</datetime><body>	经过全民奋战，疫情防控形势正在积极向好，复工复产有条不紊进行，但还需要再加把劲，将积极向好的态势继续拓展，因为“逆水行舟用力撑，一篙松劲退千寻”。面对新型冠状病毒这个“狡猾”的敌人，此时稍一松劲松懈，就有可能导致疫情反弹。
	正如习近平总书记强调的那样，疫情防控工作到了最吃劲的关键阶段，要毫不放松做好疫情防控重点工作。因此，每一名党员干部必须保持清醒的头脑，继续发扬“钉钉子精神”，将疫情防控进行到底。
	继续树立“功成不必在我，抗疫必定有我”的胸怀。每一名党员干部要继续秉承“哪里需要就到哪里去”“立足本职，尽己所能”的战“疫”理念，讲政治、讲奉献，既能在关键时刻挺身而出，又能默默奋战在战“疫”一线，在这场没有硝烟的战场上，充分展现自己应有的责任和担当。
	继续拿出“黄沙百战穿金甲，不破疫情终不还”的决心。俗话说，下定决心，其利断金。决心蕴含着意志和责任，更能汇聚起强大的合力。面对来势汹汹的疫情，倘若没有必胜的决心，必定会吃败仗，最终被病毒打倒、吞噬。因此，每一名党员干部都必须拿出壮士断腕的决心、背水一战的气概，严格落实主体责任、主管责任和属地责任，继续盯住薄弱环节，坚决治盲点、堵漏点，持续抓紧抓实抓细疫情防控。
	继续保持“咬定疫情不放松，立根原在破岩中”的韧劲。“什么东西只有抓得很紧，毫不放松，才能抓住。抓而不紧，等于不抓。”“一件事不做则已，做则必做到底，做到最后胜利。”毛泽东曾经多次这样告诫我们。同样，抓好疫情防控工作也不例外。党员干部务必牢牢坚守定力，继续发扬连续作战精神，坚持步步为营、久久为功，做到思想上不放松、措施上不减力，切实把精准防控落细落小，落到实处。
【编辑:田博群】
</body></doc>