<doc><id>122</id><url>http://www.chinanews.com/gn/2020/03-03/9112438.shtml</url><title>财政部：脱贫攻坚的财政投入力度未受疫情影响</title><datetime>2020-3-3 20:11:00</datetime><body>	(抗击新冠肺炎)中国财政部：脱贫攻坚的财政投入力度未受疫情影响
	中新社北京3月3日电(李京泽)中国财政部社会保障司司长符金陵3日在北京表示，今年脱贫攻坚的投入力度没有受疫情影响，仍然大幅度增加。
	当日，中国国务院联防联控机制就为疫情防控和复工复产提供财税政策支持有关情况举行发布会。
	2020年是中国打赢脱贫攻坚战的收官之年。符金陵表示，财政部会同相关部门出台了一系列政策，统筹推动疫情防控和脱贫攻坚工作的开展。
	在财政资金投入力度方面，符金陵说，2020年继续大幅增加中央财政专项扶贫资金规模，进一步完善资金分配机制，重点向深度贫困地区倾斜，加大对挂牌督战地区、巩固脱贫成果和易地扶贫搬迁后续扶持的支持力度。“也就是说，今年脱贫攻坚的投入力度没有受疫情影响，仍然大幅度增加。”
	符金陵表示，财政部会同国务院扶贫办等部门联合印发指导文件，明确今年财政专项扶贫资金向疫情影响比较严重的地区倾斜，重点向产业项目倾斜，加大对受疫情影响比较大的产业扶贫项目生产、储存、销售、运输等环节的支持，解决农产品“卖难”问题。
	符金陵说，最近财政部专门印发了脱贫攻坚领导小组工作要点，目前正在有序推进重点工作，将进一步加强对各地脱贫攻坚工作的指导，强化政策和工作的落实，加强资金监管，坚决打赢脱贫攻坚战。(完)
【编辑:白嘉懿】
</body></doc>