<doc><id>1221</id><url>http://www.chinanews.com/gn/2020/03-05/9115032.shtml</url><title>中国日报网评：关注“疫”中人 读懂“疫”中情</title><datetime>2020-3-5 18:34:00</datetime><body>	城市不再喧嚣，人员不再流动，绚丽的灯光无人欣赏，热闹的公园变得安静，这是战“疫”期间的场景。然而，面对疫情，全国人民同舟共济、共克时艰，不论在抗“疫”前线，还是防“疫”后防，一个个“疫”中故事令人感动，一个个“疫”中战士让人关注。
	白衣战士告别家人、告别家乡，默默出征。我们不能叫出他们每一个人的名字，但他们有一个共同的名字——英雄；背着家人偷偷报名医疗队的妻子，义无反顾奔赴抗“疫”前线，临别真情告白，丈夫的担心不舍全部化作一句沉甸甸的“我爱你”；环卫工大爷捐款一万多块，如同一滴晶莹剔透的水，美化了城市，也净化了我们每一个人的心灵……“疫”中之人，皆是凡人。“疫”中之事，皆为善举。“疫”中之情，皆抵人心。不为别的，只为生命至上、人民至上。
	新冠肺炎疫情暴发，正值春运期间。一边是旅客出行的需求，一边是防控疫情的职责，这对铁路工作是一个极大的考验。人民铁路为人民，关键时刻，“铁肩”有担当、“铁肩”显力量。站台上，一批批医用物资和生活用品被他们装进列车，运往疫情严重地区；车厢里，他们穿上厚重的防护服，对列车进行细致入微的消毒、通风，保障旅客的出行安全……勇敢担起责任，传递爱的暖流。他们是保障“大动脉”畅通的守护者，他们是鏖战在铁道防疫线上的“疫”中人。
	一方有难八方支援，迅速运送防控人员和防疫，全力支持打赢疫情攻坚战。一个个“逆行”身影在忙碌，一股股温情力量在涌动。“疫”中铁路人，同样以他们的凡人善举，谱写着铁路特色的“疫”中故事。相隔千里、同心战“疫”：一对小夫妻，一个参加了机车乘务员团员突击队，一个参加了支援湖北国家医疗队，尽管相隔千里，但他们的心在一起；铁路线上“父子兵”：一趟乘务将近11个小时，父子在车厢相遇，彼此间也只是一个眼神，没有过多交流；抗疫背后有一群90后的“时传祥”：在没有硝烟的疫情战场的背后，他们用精湛技艺将“厕所防控”这一方天地打造更加整洁、卫生。他们是平凡的坚守者，是勇敢的“逆行者”，面对危机挺身而出、面对考验英勇奋起，在疫情防控关键时段，他们用行动书写着铁路人的责任与担当，彰显着铁路人的“疫”中情怀。
	疫情防控关乎生命，复工复产关系生计。有序推动复工复产，铁路作为国民经济“大动脉”，当好先行是职责所在，更是使命担当。在复工复产务工专列的持续开行中，在疫情防控物资的高效运送中，在春耕备耕物资的运输保障中，“疫”中人还在战斗，“疫”中故事还在继续，“疫”中情怀还在彰显。
	“冬天终将过去，春天必将到来”。相信这开往春天的列车，一定会让美丽中国生机勃勃、春意盎然。
	作者：李红日
【编辑:田博群】
</body></doc>