<doc><id>1223</id><url>http://www.chinanews.com/gn/2020/03-05/9115027.shtml</url><title>春耕指南规格之高多年少有 农业农村部：特殊年份粮食丰收具特殊重要性</title><datetime>2020-3-5 18:24:00</datetime><body>	(抗击新冠肺炎)春耕指南规格之高多年少有农业农村部：特殊年份粮食丰收具特殊重要性
	中新社北京3月5日电(记者李亚南)中国农业农村部种植业管理司司长潘文博5日在北京表示，中央应对新型冠状病毒感染肺炎疫情工作领导小组日前发布春耕生产工作指南，规格层次之高多年少有，充分体现了中共中央、国务院对粮食和农业生产的高度重视。
	中国国务院联防联控机制当日召开新闻发布会，介绍不失时机抓好春季农业生产工作情况。
	3月2日，中央应对新冠肺炎疫情工作领导小组专门下发《当前春耕生产工作指南》(下称《指南》)，其规格之高在多年少有。潘文博在发布会上表示，在疫情防控的关键阶段，在春耕生产的关键时节，发布这一指南，时机非常重要，要求非常具体，而且指导性非常强。
	他指出，今年年份特殊，不失时机抓好春耕生产，确保粮食丰收，具有特殊的重要性。
	潘文博表示，2020年是全面建成小康之年，是脱贫攻坚的收官之年，受多种因素影响，中国经济下行压力大，又遭遇新冠肺炎疫情。习近平总书记强调“越是面对风险挑战，越要稳住农业，越要确保粮食和重要副食品安全”。《指南》就是贯彻落实总书记的指示，压紧压实“米袋子”省长责任制，统筹抓好疫情防控和春耕生产，夯实粮食丰富的基础，守住“三农”这个战略后院。
	潘文博称，今年春耕面临的形势非常特殊，新冠肺炎疫情给春耕生产带来了一些新情况和新问题，春播粮食面积大约在9亿亩左右，占全年粮食面积一半以上，按时保质的完成春播任务，对全年粮食生产至关重要。《指南》坚持问题导向，指导各地分级分类尽快恢复春耕生产秩序，确保春耕生产有序开展。
	此外他指出，当前农时比较紧迫，今天是二十四节气的“惊蛰”，农时紧、农事重。在这个关键节点发布《指南》，指导各地从南到北分区按时抓好春季的麦田管理、水稻的育秧泡田、大田的整地播种，确保春耕生产开好局、起好步，赢得全年粮食丰收的主动权。(完)
【编辑:白嘉懿】
</body></doc>