<doc><id>1224</id><url>http://www.chinanews.com/sh/2020/03-05/9115017.shtml</url><title>“云作业”助新疆脱贫产业复工“不失位”</title><datetime>2020-3-5 18:22:00</datetime><body>	(抗击新冠肺炎)“云作业”助新疆脱贫产业复工“不失位”
	中新社乌鲁木齐3月5日电题：“云作业”助新疆脱贫产业复工“不失位”
	作者胡嘉琛
	“感谢技术人员在山东进行视频远程指导，才让小兔子能正常繁殖。”看着疫情期间顺利出栏的300多只小兔，新疆和田县布扎克乡阿孜乃巴扎村乌祖尔枣兔养殖合作社饲养员扎克尔·拜尔告诉记者，等这批兔子出售后，合作社里7个建档立卡贫困户就可以得到分红了。
	近年来，新疆依托产业扶贫，培育贫困民众自我发展能力，一大批蔬菜、林果、养殖等产业项目应运而生。其中，位于新疆南部的和田地区，利用自然条件及充裕劳动力发展兔产业，使众多贫困人口走上脱贫路。
	和田兔产业采用“公司+合作社+基地+农户”架构，即以龙头公司为引领，公司免费提供饲养技术、养兔设备，种兔及饲料费用由公司提前垫付。农户可成立合作社养殖或庭院养殖，种兔饲养达标后由公司回购。
	2019年3月，和田地区和田县布扎克乡政府与新疆枣兔农牧发展有限公司打造种兔养殖示范基地，形成具有养殖基地、屠宰场、饲料厂的完整兔产业链。扎克尔所在的兔养殖合作社便是产业链中的一环。
	疫情期间，返回山东过年的兔养殖基地技术骨干通过视频连线等方式，每天与远在新疆的工作人员保持沟通，帮助复工复产。“在视频指导下，我们这的技术人员实现饲料厂正常生产。”扎克尔称，虽然核心技术人员不在岗，但生产没失位。目前，兔养殖基地屠宰场也已复工。
	疫情期间，扎克尔每日会完成测体温、消毒、戴口罩等一系列工作后，进入养殖区，为兔舍做防疫消毒，并投放食物。“疫情期间，合作社半个月出栏了351只兔子，由公司收购，单只利润8元(人民币，下同)。目前合作社共有600只种兔，等疫情过去后再购买50只种兔扩大养殖规模。”
	目前，布扎克乡200余户贫困户依靠养殖兔子，摘掉了贫困户的“帽子”，151名村民在兔养殖基地实现就业，其中贫困户占半数。2019年6月，20岁的阿吉努尔·热扎克成为兔养殖基地员工，半年多时间，她已从饲养员“荣升”技术员。“现在每个月工资有5000元，不只是赚到钱，还学会了技术。”
	新疆枣兔农牧发展有限公司副总经理魏新说：“在做好疫情防控的同时，我们不忘加速复工复产，这两天，二期兔舍就要投入使用了。今年计划再增加200多个就业岗位，到年底，公司养殖规模能达到16万只，可以实现和田县种兔入户2000多户，直接带动1万多人增收。”
	据悉，2019年起，和田地区引进畜禽养殖、纺织服装、鞋袜制作、电子装配、玩具制作等企业超400家，卫星工厂发展到近900个，农民合作组织逾1000个，从而带动就业超10万人，其中贫困劳动力就业近5万人。
	公开资料显示，2019年，新疆和田地区实现27万人脱贫，截至2019年底还有贫困人口7万余人。(完)
【编辑:白嘉懿】
</body></doc>