<doc><id>1226</id><url>http://www.chinanews.com/gn/2020/03-05/9115026.shtml</url><title>广东为近万名贫困家庭学子配备线上学习电脑</title><datetime>2020-3-5 18:18:00</datetime><body>	新华社广州3月5日电(记者杨淑馨)记者5日从广东省教育厅获悉，为了做好中小学线上教育工作，广东为9262名贫困学子提供用于线上学习的平板电脑。
	根据当前疫情防控情况，广东省中小学校于3月2日起开展线上教育。为确保中小学校线上教育顺利实施，确保不让一个学生掉队，广东省教育基金会为全省2277个相对贫困村建档立卡贫困家庭9262名普通高中三年级和初中三年级学生提供一台平板电脑，用于疫情防控期间线上学习。
	此外，广东省教育厅联合广东省扶贫开发办公室等部门印发做好线上教育工作的相关通知，通知要求各相关部门和相关机构、各地各学校要密切关心关注无网络、无电视的农村地区学生和留守儿童学习情况，特别是建档立卡等家庭经济困难学生的学习情况，及时帮助解决无网络、无电视学生线上学习中遇到的困难。同时，有线网络尚未覆盖的贫困户，驻村扶贫干部要协调当地党委、政府尽快开通网络，提供必要的线上教育设备。
	潮州市副市长余鸿纯介绍，潮州市通过各级教育行政部门协调运营商及时提供网络连接、各级学校为学生购买流量包和提供终端设备等形式，已帮助2689名学生解决了线上教育的困难，尚余236名学生的线上教育问题也已落实了托底措施。

【编辑:田博群】
</body></doc>