<doc><id>1228</id><url>http://www.chinanews.com/gj/2020/03-05/9115022.shtml</url><title>青瓦台：金正恩就新冠肺炎疫情致信文在寅“表慰问”</title><datetime>2020-3-5 18:15:00</datetime><body>	中新社首尔3月5日电(记者曾鼐)韩国总统府青瓦台5日称，朝鲜国务委员会委员长金正恩致信韩国总统文在寅，对韩方抗击新冠肺炎疫情表示慰问。
	青瓦台国民沟通首席秘书尹道汉当天介绍，文在寅4日收到了金正恩的信件。
	根据青瓦台提供的内容，金正恩在信中称，对正在抗击新冠肺炎疫情的韩国民众表示慰问，相信与病毒的抗争定能取得胜利；并祝南边民众身体健康。
	金正恩对文在寅的健康表示“担心”，对于此时无法提供更多帮助表示遗憾。
	金正恩还在信中强调，他与文在寅有坚定不移的友谊和信任，并将继续对文在寅抗击新冠肺炎疫情给予祝福。
	此外，金正恩还在信中表达了有关朝鲜半岛局势的坦率想法和朝方立场。
	据青瓦台介绍，5日，文在寅也回复了金正恩一封亲笔信。(完)
【编辑:何路曼】
</body></doc>