<doc><id>1229</id><url>http://www.chinanews.com/cj/2020/03-05/9114985.shtml</url><title>重庆残疾茶农复产遇难题 上百“采茶工人”组团帮扶解忧愁</title><datetime>2020-3-5 18:15:00</datetime><body>	(抗击新冠肺炎)重庆残疾茶农复产遇难题上百“采茶工人”组团帮扶解忧愁
	中新网重庆3月5日电(记者钟旖)3月5日是一年一度的“学雷锋纪念日”，在重庆市永川区大安镇花果山村的残疾人梦想茶叶基地里，残疾人茶农廖云祥迎来了一批特殊的“采茶工人”。他们是由重庆市残联、永川区残联、永川区特殊教育学校等单位党员干部、主流媒体、爱心企业家代表组成的党员学雷锋志愿服务队。
	今年55岁的廖云祥早年在一场意外中失去了左手掌(属肢体三级残疾)。从1993年开始，他和妻子一起开垦荒山种茶。经过27年的坚守和打拼，茶叶基地从最初的几亩扩展到如今的700多亩，年产值达100多万元，还解决了周边残疾人及其亲属就业问题。2019年，他把创建的“廖云祥茶树基地”正式改名为永川区残疾人梦想茶叶基地，以此鞭策自己继续种好茶，不断把事业做好做大。
	2020年2月18日，廖云祥的茶叶基地正式复工了，但受疫情影响，人手不足成了他的一块心病。
	“本来今年就比往年要晚复工10多天，要是人手还不够的话，那损失就更大了。”廖云祥说，永川秀芽是该茶叶基地最值钱的品种，这款茶叶只有一个多月的采摘期，如果不能及时采摘，就无法制作出永川秀芽，换作炒制低端茶叶，将损失数十万元。
	得知茶叶基地缺人手的消息后，重庆市残联立即组织志愿者对廖云祥进行“一对一”帮扶。上百名志愿者来到廖云祥的茶叶基地当起免费的“采茶工人”和网络推销员，帮助他解决基地复工复产后劳动力短缺和茶叶滞销等实际困难，同时还送来了4吨种植化肥。
	“真的非常感谢，志愿者们不但帮我采摘茶叶，还帮我联系了销路，现在心头一块石头终于落地了。”廖云祥笑着说。
	重庆市残联相关负责人表示，重庆市残联结合当前疫情防控复工复产的重要任务，以支部为单位组建党员突击队，正在重庆范围内自主结对联系有需求的残疾人企业、机构、基地等单位。下一步，将进一步结合残疾人需求制定“一对一”帮扶方案，积极助力企业、机构或基地解决复工复产中遇到的缺少防护消毒物资、缺少劳动力、缺少生产物资和技术力量等困难。
【编辑:白嘉懿】
</body></doc>