<doc><id>123</id><url>http://www.chinanews.com/sh/2020/03-03/9112435.shtml</url><title>青海发放援企稳岗资金6168万元 惠及10.07万人</title><datetime>2020-3-3 20:10:00</datetime><body>	中新网西宁3月3日电(孙睿)青海省人力资源社会保障厅3日消息称，青海发放援企稳岗资金6168万元，惠及10.07万人。
	在支持企业复工复产的关键时期，青海大力实施失业保险稳岗返还，支持和帮助企业平稳健康发展。目前，已通过“快速通道”及时为符合条件的49户参保企业发放援企稳岗资金6168.67万元，惠及职工10.07万人，失业保险稳岗返还抗疫情、稳就业、保生产的政策效应初步显现。
	据介绍，针对当前疫情影响，青海省明确规定，30至1000人的中小企业，裁员率不超过职工总数的5.5%，可以申请企业稳岗返还；对30人(含)以下的小微企业，裁员率不超过参保职工总数的20%，可以申请企业稳岗返还。对面临暂时性生产经营困难且恢复有望、坚持不裁员或少裁员的参保企业，稳岗返还政策实施期限延长一年，延长至2020年12月31日。
	在疫情防控的特殊时期，青海省人力资源社会保障厅通过各渠道宣传援企稳岗政策，对符合享受优惠政策的企业，通过电话对接、远程视频等方式“一对一”精准辅导。
	同时，优化稳岗返还流程，取消企业申请环节，变“企业找补贴”为“补贴找企业”，通过数据比对，将稳岗返还资金直接拨付至符合条件的企业，以“人社速度”实现企业享受稳岗返还全程零跑腿，与企业一道共克时艰。
	下一步，青海省人力资源社会保障厅将加力加速推进失业保险援企稳岗，尽快将受疫情影响的中小微企业普惠性稳岗返还资金发放到位，助力企业纾困解难，渡过阶段性难关。(完)
【编辑:郭泽华】
</body></doc>