<doc><id>1231</id><url>http://www.chinanews.com/sh/2020/03-05/9115018.shtml</url><title>庚子年黄帝故里拜祖大典将以全球华人“网拜”为主 融入黄河文化 </title><datetime>2020-3-5 18:14:00</datetime><body>	(抗击新冠肺炎)庚子年黄帝故里拜祖大典将以全球华人“网拜”为主融入黄河文化
	中新社郑州3月5日电(记者李贵刚)“三月三，拜轩辕”是中华民族文化传统，古来有之，绵延至今。不过，庚子年黄帝故里拜祖大典将调整拜祖形式，将以全球华人“网拜”为主，并融入黄河文化。
	记者5日从郑州市委宣传部获悉，受新冠肺炎疫情影响，为保持“国家级非物质文化遗产”的黄帝故里拜祖大典延续性、传承性，庚子年黄帝故里拜祖大典将拜祖形式调整为“三无两不降”，即“现场无嘉宾、无观众、无群体表演”“大典规格不降、影响力不降”。
	据了解，除凤凰卫视等媒体向全球直播外，庚子年黄帝故里拜祖大典组委会将全新推出“全球华人网上拜祖祈福互动平台”，支持全球华人通过互联网拜祖。
	该平台计划于3月中旬上线，以“长江黄河共战‘疫’，轩辕黄帝佑中华”为主题，旨在传承传统文化、强化历史记忆、建构文化认同、增强民族凝聚力向心力，是中华民族“同根同祖同源”的观念代代相传。通过该平台，海内外华人动动手指，就能“朝拜黄帝，祈福中华，为武汉加油”。
	2019年，黄河流域生态保护和高质量发展被列为重大国家战略。故而，从庚子年开始，黄帝故里拜祖大典将融入黄河文化。
	据知，“全球华人网上拜祖祈福互动平台”也将会把黄帝文化和黄河文化有机贯穿“黄帝故里网上拜祖”的始终，增添和丰富更多的黄帝、黄河文化内涵，提升拜祖大典的文化厚度。
	黄帝故里拜祖大典，是全球炎黄子孙于中国农历“三月三”在河南新郑祭拜先祖黄帝的仪式，自2006年以来，吸引数十万海内外炎黄子孙前来郑州寻根拜祖。(完)
【编辑:陈海峰】
</body></doc>