<doc><id>1232</id><url>http://www.chinanews.com/sh/2020/03-05/9114982.shtml</url><title>北京市卫健委：面对面会议应控制在1小时以内</title><datetime>2020-3-5 18:13:00</datetime><body>	中新网北京3月5日电(陈杭)北京市卫健委新闻发言人高小俊5日在发布会上表示，面对面会议的时间应控制在1小时以内，提倡开短会。
	高小俊提到，减少不必要会议，优先选择视频网络会议。尽量减少会议参加人员，缩短会议时间。参会人员全程佩戴口罩，自带杯具，人与人间距不小于1米，面对面会议的时间应控制在1小时以内，提倡开短会。
	高小俊称，建议做好工作场所防控。每人办公面积不小于2.5平方米，且间距不小于1米；多人办公且密度较大时建议佩戴医用口罩。减少会议等不必要的人群聚集性活动。
	高小俊介绍，日常以清洁卫生为主，同时对接触较多的桌面、门把手、水龙头、扶手等公用物品和部位进行预防性消毒。必要时对地面、墙壁等进行预防性消毒。
	他建议，食堂就餐应分批、错峰，减少交谈，禁止高声喧哗。进出食堂佩戴口罩，就餐时再摘下，座位尽量保持1米以上的距离。
	他称，疫情发生以来，北京已出动人员约30万人次，清除环境卫生死角15万余处，清运垃圾5万余吨，投放鼠药2.7万公斤，对6万余处越冬蚊孳生场所进行了清理和消杀。(完)
【编辑:白嘉懿】
</body></doc>