<doc><id>1234</id><url>http://www.chinanews.com/gn/2020/03-05/9114969.shtml</url><title>北京：部分单位存在人员密集办公的风险</title><datetime>2020-3-5 18:10:00</datetime><body>	中新网北京3月5日电(陈杭)北京市疾控中心副主任医师孙鑫贵在5日发布会上表示，部分单位办公场所的办公工位布局不合理，存在人员密集办公的风险。
	为做好疫情防控，近期，北京市疾控中心会同市卫生健康监督所组建了督导组。通过人员访谈、查看资料、实地检查等方法，重点对返京人员管理、健康监测、通风换气、消毒，以及健康教育等情况进行检查。截至3月3日，共排查45座楼宇中的61家单位。
	“部分单位办公场所工位比较密集，工位间距较小，桌面无挡板或挡板过低，存在人员密集办公的风险。”孙鑫贵提到，建议合理调整办公工位布局。
	孙鑫贵强调，办公场所应划分为若干独立区域并保持适当距离，办公桌最好设置挡板，每个人之间的间距不小于1米。也可采取AB角轮班、“三班两倒一休”等办公形式，减少人员聚集。
	孙鑫贵还表示，不提供餐饮服务的写字楼，中午时间存在大量送餐人员在楼外聚集的情况；提供餐饮服务的写字楼，厨房工作人员存在佩戴口罩不规范和聚集的情况。
	他建议各单位统筹就餐时间，实行错峰就餐，用餐时应避免面对面就坐，缩短用餐时间。做好厨师的健康管理，严格要求厨师做好个人卫生和佩戴口罩。做好洗消间卫生清洁工作，使用后的餐饮具要严格执行“一洗、二涮、三冲、四消毒、五保洁”的操作程序。做好清洁区和污染区划分，及时将清洗后的餐饮具分类码放在保洁柜内。(完)
【编辑:白嘉懿】
</body></doc>