<doc><id>1236</id><url>http://www.chinanews.com/sh/2020/03-05/9114991.shtml</url><title>北京市将发动6700余个志愿站（岗）开展志愿服务</title><datetime>2020-3-5 18:10:00</datetime><body>	中新网北京3月5日电(陈杭)北京将发动6700多个首都学雷锋志愿站(岗)、1000余个示范站(岗)，开展志愿服务行动。
	北京市委宣传部副部长、首都文明办主任滕盛萍5日在新闻发布会上提到以上内容。
	滕盛萍强调，北京市将统筹运用志愿力量，在确保自身安全的前提下，发动全市6700多个首都学雷锋志愿站(岗)、1000余个示范站(岗)，开展“邻里守望、互帮互助、关心关爱、共建家园”等志愿服务行动。
	据滕盛萍介绍，根据疫情防控工作实际需要，已组织全市公共文明引导员放弃春节假期，全力投入疫情防控阻击战。
	据悉，针对北京市最先出现大客流的六里桥、北京西站等114个公交和昌平线沙河站、8号线13号线霍营站等66个地铁站台，北京市及时安排公共文明引导员进行站台秩序引导，累计21600人次参与。
	同时，公共文明引导员主动参与街道社区疫情防控志愿服务，累计38100人次参与全市348个社区(村)值守卡点服务，协助社区干部向居民发放抗疫宣传材料，核验证件、测量体温、排查登记、喷洒消毒、张贴公告、义务理发、铲冰除雪等，服务时长达11.4万小时。
	此外，为引导市民正确理性看待疫情，滕盛萍向市民发出倡议，倡导从自身做起，从点滴做起，养成讲文明、讲卫生、讲科学的生活习惯，树立尊重自然、拒食野味、保护动物的生态文明理念，争做健康文明好市民。制播主题公益广告，集中普及疫情防控知识，增强自我防范意识和防护能力，不信谣、不传谣，文明上网。(完)
【编辑:陈海峰】
</body></doc>