<doc><id>1237</id><url>http://www.chinanews.com/sh/2020/03-05/9114996.shtml</url><title>湖南严格市场监管 累计检查各市场主体131万家次</title><datetime>2020-3-5 18:09:00</datetime><body>	中新网长沙3月5日电(向一鹏刘灵宁)每天出动监管执法人员逾1.3万人次，截至3月4日累计检查集(农)贸市场、超市、餐饮单位、旅游景区等市场主体131万家次……新冠肺炎疫情发生以来，湖南市场监管系统强化市场监督检查，多措并举进行疫情防控阻击战。
	据悉，1月21日至3月4日，湖南市场监管系统累计检查网络交易第三方平台5724家次，督促药械经营单位开门营业20837家，受理投诉举报21847起；部署开展联合“三打”专项行动，查处野生动物违规交易、哄抬物价、制售假劣防护用品等违法案件813件。指导圣湘生物、永霏公司、阳普医疗等企业分别生产的试剂盒、医用防护服、口罩等重点防疫物资快速通过应急审批、投放市场。
	2月11日，永州祁阳县市场监管局对祁阳顺意海鲜水产店执法检查，在该店仓库内查获大黄蛇46.5公斤、乌梢蛇28.5公斤。当事人现场无法提供上述野生动物的检疫证明、进货票据等合法来源证明资料，该局依法将查获的蛇封存。目前该案正在调查处理中。
	疫情防控期间，食品安全备受民众关注。数据显示，湖南市场监管系统完成食品安全监督抽检12.3万批次，推广“明厨亮灶”11.5万户，全省食品抽检合格率达98.06%。开展米、面、食用油、畜禽肉、蔬菜、水产品等25个细类食品、229个检验项目共计350批次抽检，保障“米袋子”“菜篮子”安全。
	为有效助力企业复工复产，湖南省市场监管局打出政策“组合拳”，印发《关于应对疫情服务支持市场主体发展的通知》《优化营商环境三十条》等文件措施，简化优化政务服务、支持企业恢复扩大产能、化解企业经营运行难题。(完)
【编辑:陈海峰】
</body></doc>