<doc><id>1238</id><url>http://www.chinanews.com/sh/2020/03-05/9114975.shtml</url><title>云南712件水利工程建设项目全部复工</title><datetime>2020-3-5 18:09:00</datetime><body>	(抗击新冠肺炎)云南712件水利工程建设项目全部复工
	中新网昆明3月5日电中共云南省委宣传部微信公众号5日发布消息，截至2月底，云南712件水利工程建设项目已全部复工，占应复工计划的100%。针对当前旱情，云南启动实施抗旱应急工程408件，预计解决159万集中供水人口抗旱保供水。
	据悉，去冬今春以来，云南省遭受严重冬春连旱，云南省水利厅以保重大水利工程、抗旱应急工程、农村供水工程等为重点，采取现场督导、集中开工、分类指导等方式，全力推进水利工程建设复工复产。2月25日，全省集中开工41件重点水利工程，掀起水利工程建设高潮。
	截至2月底，云南省712件水利工程建设项目实现复工，占应复工计划的100%。包括7件重大水利工程、338件水库工程、114件河道治理工程、253件其他水利工程。
	同时，针对目前旱情严重的情况，云南省加大解决农村饮水安全问题的整改力度，排查新问题；并先后印发了《关于做好疫情防控加强农村供水工作的通知》《关于分类做好抗旱减灾救灾工作的通知》，统筹相关工作；加快抗旱应急工程建设，启动实施抗旱应急工程408件，预计解决159万集中供水人口抗旱保供水。(完)
【编辑:丁宝秀】
</body></doc>