<doc><id>1239</id><url>http://www.chinanews.com/sh/2020/03-05/9114998.shtml</url><title>内蒙古包头警方一日接10起电信网络诈骗案 人均损失1.6万</title><datetime>2020-3-5 18:09:00</datetime><body>	中新网包头3月5日电(记者张林虎)5日，记者从内蒙古自治区包头市公安局获悉，当地一天接到10起电信网络诈骗案，共计损失近16万元，警方发布了部分案例。
	张某微信被封无法使用，由于老师通过微信发布学习内容，她便搜索解决办法，网上联系了一个微信解封人工客服电话，“客服”称需要交付保证金，解封后全额返还。张某转入9900元后，微信并未解封，客服称还需再缴纳一次保证金才能解封。此时，张某反应过来可能被骗。
	李某网贷注册后没有通过审批，不久有“客服”加其微信称可以网贷，李某按照指引下载APP后贷款成功。平台要求其充值成为会员。他充值1680元后，平台反馈卡号填写错误，需交解冻费15000元。李某和平台各转账7500元后，平台要求再转15000元进行解冻，李某发觉被骗。
	范某在一个客户群里发现有人发刷单赚钱的广告，她便添加对方微信。在对方的指导下，范某下载了一款APP后开始刷单，刚开始的两笔都收到正常返利。不久，对方宣称刷大单可以赚大钱，范某就按对方要求连续刷了几个大单，结果对方就拒绝返利，范某发现自己被骗。
	于某经营着一家餐馆，3日一早，他收到一条来自“美团”的短信，称其在平台上的信息需要升级认证，小于担心影响外卖业务，立即点击短信中的链接，在打开的网页中重新填写了一遍个人信息，包括绑定的银行卡号和手机收到的短信验证码。提交后，小于的银行卡很快被盗刷3000余元。
	刘某报警称2月初在微信群内看到有人发布出售口罩的广告，便添加对方微信询问情况，对方称一次性医用口罩货源充足，每只2.7元，全款支付后立即发货。刘某向对方转账2.9万余元后，对方一直不发货，后将其拉黑。
	目前，警方正在侦办上述案件。(完)
【编辑:陈海峰】
</body></doc>