<doc><id>1240</id><url>http://www.chinanews.com/cj/2020/03-05/9114999.shtml</url><title>煤省山西凸显“压舱石”作用 煤矿复产率达92.97%</title><datetime>2020-3-5 18:07:00</datetime><body>	中新网太原3月5日电(高雨晴)记者5日从山西省能源局获悉，截至3月4日，该省公告生产煤矿复产569座，产能9.27亿吨/年，复产率达92.97%。
	新冠肺炎疫情发生以来，作为中国煤炭资源大省，山西发挥起保障全国能源供应的“压舱石”作用。
	在统筹疫情防控和安全生产前提下，该省加快煤矿企业复工复产，按照“人员最少化、产量最大化”原则组织生产，做到“能开尽开、应复尽复”。
	截至3月4日，该省公告生产煤矿复产569座，产能9.27亿吨/年，复产率92.97%，最高日产量263万吨，生产煤矿数量、产能利用率和日产量均恢复到正常水平，提前超额完成国家下达的目标任务。
	能源保障方面，该省各能源部门建立能源生产供应日报告和重大事件、突发情况及时报告制度，加强多部门联系协调，强化信息共享和工作协同，及时协调解决能源企业复工复产中存在的问题。
	数据显示，1月21日至2月底，太原铁路局累计省外发运煤炭5319万吨，其中向武汉地区发运煤炭102万吨；省内电力企业运行正常、电力供应充足，疫情期间无一台机组因煤源影响造成停机。
	为最大限度挖掘矿井生产能力，保障煤炭供应，该省煤炭主产区之一朔州市，通过专列从江苏徐州、山东烟台接回职工1016人，通过包车接回职工2758人。
	此外，焦煤集团累计向武汉火神山、雷神山和鄂州“小汤山”医院材料供应商武钢、鄂钢集团供应煤炭12.26万吨。同煤、潞安、阳煤、晋煤、晋能、山煤等山西省属企业率先垂范，成为全国、全省能源生产供应的主力军。(完)
【编辑:陈海峰】
</body></doc>