<doc><id>1241</id><url>http://www.chinanews.com/gj/2020/03-05/9115010.shtml</url><title>亚太新冠疫情继续扩散 新西兰或已出现社区传播</title><datetime>2020-3-5 18:07:00</datetime><body>	综合消息：亚太新冠疫情继续扩散新西兰或已出现社区传播
	新华社北京3月5日电综合新华社驻外记者报道：亚太地区多个国家5日报告新冠肺炎确诊病例数继续攀升。其中，新西兰可能已出现社区传播，而日本国内单日新增确诊患者数创新高。
	新西兰卫生部长戴维·克拉克5日说，新西兰已出现第三例确诊病例。这名患者有亲属2月22日从伊朗返回奥克兰，但他本人并未去过伊朗。新西兰流行病学专家迈克尔·贝克说，新西兰可能已出现社区传播。
	据日本广播协会(NHK)电视台统计报道，截至当地时间5日10时半，日本国内新冠病毒感染者达330人。与前一日同期统计数字相比，确诊患者增加36人，创下单日增幅新高。日本47个都道府县中已有29个出现感染者。另外，“钻石公主”号邮轮确诊感染者706人。包括邮轮病例在内，日本死亡病例12例，重症病例58例。
	澳大利亚卫生部长格雷格·亨特5日下午在堪培拉举行的新闻发布会上说，澳大利亚确诊病例增至53例，其中两例死亡。作为国家医疗储备的一部分，澳大利亚目前正将2000万个口罩分配给社区全科医生为主的基层卫生网络。(参与记者：郭磊、卢怀谦、华义、郝亚琳、陈宇、岳东兴、白旭)
【编辑:田博群】
</body></doc>