<doc><id>1242</id><url>http://www.chinanews.com/gn/2020/03-05/9115008.shtml</url><title>广电总局：湖北人民可免费看网剧 1个月5000余部</title><datetime>2020-3-5 18:04:00</datetime><body>	为进一步丰富湖北地区人民群众的精神文化生活，以优秀网络视听节目助力湖北人民打赢新冠肺炎疫情防控阻击战，自3月5日起，国家广播电视总局组织7家互联网电视平台、6家重点网络视听网站和湖北IPTV分平台开展为期一个月的“湖北人民免费看”网络视听公益展播活动，5000余部精品网络视听节目参加展播活动。
	在国家广电总局的协调下，未来电视、百视通、华数传媒、南方新媒体、芒果TV互联网电视、国广东方、银河互联网电视等7家互联网电视平台，芒果TV、腾讯视频、优酷、爱奇艺、哔哩哔哩、字节跳动等6家重点视听网站，自3月5日起将陆续在本平台首页显著位置开设带有统一logo标识的“湖北人民免费看”专区或专题频道，只要是湖北地区用户，即可享受专区内节目的免费观看权限。各网络视听平台在前一阶段已免费开放部分节目的基础上，拿出了此前会员专享的节目中质量最高、口碑最好、广受欢迎的五千余部精品网络视听节目，专门提供湖北地区的用户免费观看，活动将持续一个月时间。
	在“湖北人民免费看”专区内，各平台围绕特殊时期家庭观看需求，针对不同年龄层次家庭成员精心搭配了此次参与公益播出的节目套餐。电影爱好者可以欣赏到《我和我的祖国》《中国机长》《流浪地球》《哪吒之魔童降世》《少年的你》等佳片；喜爱电视剧、网络剧的观众可以观看到《父母爱情》《下一站是幸福》《锦衣之下》《剑王朝》《都挺好》《小欢喜》《欢乐颂》《知否知否应是绿肥红瘦》《那年花开月正圆》《三生三世十里桃花》《琅琊榜》《楚乔传》《陈情令》《全职高手》《深夜食堂》等热门剧集；网络纪录片观众可以尽览《在武汉》《沸腾吧火锅》《风味人间》《未至之境》《激荡中国》等优秀节目；网络动画方面则覆盖了《喜羊羊与灰太郎》《汪汪队立大功》《小猪佩奇》《奥特曼》《少年歌行》《强风吹拂》等中外优秀动画片；体育迷有《NBA历史经典》《世界冠军教你居家健身》等诸多选择；此外还有《德云社跨年相声专场》《见字如面》《忘不了餐厅》《热血街舞团》《我是唱作人》《明星大侦探》《小小的追球》等网络综艺节目可满足不同类型观众需求。
	同时，广电总局协调上述网络视听平台向湖北IPTV平台限时捐赠自有版权节目的播出权，湖北观众同样可以通过IPTV平台开设的专区，在接下来的一个月免费观看这些优秀网络节目。
【编辑:田博群】
</body></doc>