<doc><id>1243</id><url>http://www.chinanews.com/gn/2020/03-05/9114997.shtml</url><title>新华时评：让祖国医学的古树更加生机勃勃</title><datetime>2020-3-5 17:59:00</datetime><body>	新华社北京3月5日电题：让祖国医学的古树更加生机勃勃
	新华社记者王立彬
	今年是“医圣”张仲景诞辰1870周年，他抗击瘟疫的巨著《伤寒杂病论》成书迄今也1810年了。源自该书的清肺排毒汤已经国家推荐为中西医结合救治新冠肺炎使用。中央明确强调强化中西医结合，促进中医药深度介入诊疗全过程，及时推广有效方药和中成药。古树新花，生机勃勃，祖国医学大有可为。
	中医药学包含着中华民族几千年的健康养生理念及其实践经验，是中华文明的一个瑰宝，凝聚着中国人民和中华民族的博大智慧。新中国成立以来，我国中医药事业取得显著成就，为增进人民健康作出了重要贡献。特别是在团结中西医、中西医结合方针指引下，中医药学吸收世界医学先进科学技术，通过临床实践，推动了中医药学为人民大众服务步伐。
	中医药学同人民群众血脉相连。从传说的神农尝百草开始，中医药学就同大众结合在一起。几千年来，中医实践于民间、服务于百姓。群众信任中医，喜爱中医，有病看得起中医。此次抗击新冠肺炎，国家中医药管理局应对新冠肺炎专家组同志说得好，“中药改善发烧咳嗽效果特别快，方舱医院的患者都要求喝中药，群众的眼睛雪亮，应该是好多用中药的患者效果很好，大家才主动要求喝中药”。中医强调阴阳五行，但讲哲学更讲临床，重经验更重疗效，把治得好病当成硬道理。
	中医药学同东方文化血肉相关。中医药学面对的不是孤零零的器官、组织，而是有喜怒哀乐的生命；辨证施治，一人一策；治已病，更治未病；恢复健康不完全等同于杀死细菌病毒，而是通过增强体质，让人更好生存下去。在治疗新冠肺炎过程中，中医不只是治身体的病，也帮助患者缓解精神压力，如方舱医院里同时采取温灸、耳穴压豆、穴位敷贴、经络拍打等中医综合治疗手段，提高患者睡眠质量，促进肠胃功能恢复，改善体质状态，加速病情好转。
	医者仁心、救死扶伤，中医药学同世界医学殊途同归。正如上海市新冠肺炎临床救治专家组组长、复旦大学附属华山医院感染科主任张文宏医生所说，如果饿了，我们不会问上海菜还是山东菜，而只问这顿饭会不会吃饱。屠呦呦从《肘后备急方》“青蒿一握，以水二升渍，绞取汁，尽服之”记载研究出青蒿素，泳坛名将菲尔普斯喜欢拔火罐，《伤寒杂病论》药方构成日本汉方药的支撑……世界正在了解中医药并从中获益。潜力需要实践证明，要允许实践、鼓励实践、加快实践。大疫当前更应如此，对那些在疫情防治中显效迅速、简便验廉的中医方剂和治疗技法，不妨多在实践中观察、分析、研究、论证。
	洋为中用、古为今用。中华儿女吸取世界医学精华，不断丰富医学宝库。面对中国人民的文化信任与世界人民的迫切需求，中医药学理论和实践要加快推陈出新，从器官、组织层面向细胞学、分子层面发展，要用证据说话，用理性说话，坚持推动传统医学现代化、科学化，药物开发、器械研发要更精准化、标准化。世界医学成果要敢于“拿来”使用，自己的创新也要敢于“拿出来”检验。祖国医学可以学外人，也要为外人所用。兼收并蓄、海纳百川，就能为中国人民也为世界人民健康做出更大贡献。
【编辑:田博群】
</body></doc>