<doc><id>1244</id><url>http://www.chinanews.com/sh/2020/03-05/9114971.shtml</url><title>广东新增新冠肺炎确诊病例1例 新增出院22例</title><datetime>2020-3-5 17:57:00</datetime><body>	中新网3月5日电据广东省人民政府新闻办公室微信公众号消息，广东省卫健委疾控处处长冯惠强今日通报了广东最新的新冠肺炎疫情情况。他介绍，3月5日0至12时全省新增确诊病例1例，新增出院22例。新增确诊病例为广州市1例。
	3月5日下午，广东省政府新闻办召开发布会。冯惠强介绍，截至3月5日12时，广东省累计报告新冠肺炎确诊病例1351例，累计出院1181例，累计死亡7例。3月5日0至12时全省新增确诊病例1例，新增出院22例。新增确诊病例为广州市1例。目前，广东全省仍有487名密切接触者正在接受医学观察。
	冯惠强表示，自2月16日以来，广东全省新增报告确诊病例数维持在个位数，2月25日以来，每日新增确诊病例在0个或1个徘徊。有16个地市近14天无新增确诊病例，有18个地市近7天无新增确诊病例。云浮市保持零确诊病例的记录。清远、河源、汕尾、潮州、揭阳、惠州等6个地市实现了住院患者清零。
【编辑:张楷欣】
</body></doc>