<doc><id>1245</id><url>http://www.chinanews.com/gn/2020/03-05/9114983.shtml</url><title>工业和信息化部：防护服生产供应已由十分紧缺转为满足需求</title><datetime>2020-3-5 17:56:00</datetime><body>	央视网消息：3月4日，国务院联防联控机制举行新闻发布会，介绍了疫情防控重要医疗救治设备促产保供的工作情况。国家卫生健康委相关负责人回答了记者关于医疗设备能否满足需求的问题。
	记者：目前，武汉的定点医院、方舱医院以及隔离治疗点均已实现了“床等人”，是否现在还存在着“人等设备”的情况？
	国家卫生健康委规划司司长毛群安：目前，我们指导湖北省制定了不同类型医疗救治机构设备配置的标准，各方来共同努力，全力保障医疗设备的供应，基本上不存在“人等设备”的情况。在前期，确实湖北的医疗设备处于比较紧缺的状态，目前已经供需平衡，包括隔离点在内的各个医疗机构的救治设备，基本能够满足标准配置要求。
	此外，工业和信息化部相关负责人表示，目前，防护服的生产供应已经由十分紧缺转为能够满足需求。
	工业和信息化部消费品工业司副司长曹学军：每日我们协调保障湖北地区防护服的数量达到了25万件，已经连续十几天超出湖北地区的需求。虽然现在全国现有确诊的病例数量在下降，但是疫情防控仍处于吃紧的阶段，防护服的生产供应仍不能放松。下一步，在充分保障湖北地区需求的同时，要兼顾全国其他地区的防控需要，中国是防护服生产的大国，我们也鼓励国内防护服的生产企业积极对接国外需求，按相应标准规范生产出口，为全球共同抗击疫情作出贡献。
【编辑:田博群】
</body></doc>