<doc><id>1247</id><url>http://www.chinanews.com/sh/2020/03-05/9114953.shtml</url><title>河南、山东“携号转网”服务违规 工信部：追责责任人</title><datetime>2020-3-5 17:38:00</datetime><body>	中新网3月5日电针对媒体反映河南、山东相关电信企业“携号转网”服务违规问题，工信部网站5日通报称，经核查媒体反映的相关电信企业主要违规行为属实，两省通信管理局依法依规对违规企业予以行政处理，同时要求两省电信企业省级公司对相关责任人给予追责。
	通报指出，2月28日，两省通信管理局赴现场开展核查，经核查媒体反映的相关电信企业主要违规行为属实，两省通信管理局依法依规对违规企业予以行政处理，同时要求两省电信企业省级公司对相关责任人给予追责。河南、山东两省电信企业省公司党委研究决定，分别对28名省、市和区县公司相关责任人给予免职、记过、警告和诫勉谈话等处理，对2家地市公司给予通报批评。
	通报称，自2019年11月27日以来，全国电信管理机构共计约谈、通报、责令整改和行政处罚“携号转网”服务不规范电信企业198次。工信部将加大违规惩治力度，推动高质量完成“携号转网”服务，切实维护用户合法权益，不断增强人民群众获得感。
【编辑:张楷欣】
</body></doc>