<doc><id>1249</id><url>http://www.chinanews.com/sh/2020/03-05/9114931.shtml</url><title>中缅打洛出入境边检站2020年以来缴毒63.798公斤</title><datetime>2020-3-5 17:35:00</datetime><body>	中新社昆明3月5日电(陈静张伟海)记者5日从云南打洛出入境边防检查站获悉，2020年以来，该站共破获毒品案件18起，缴获毒品63.798公斤。
	打洛口岸位于西双版纳傣族自治州勐海县西南部，与缅甸掸邦东部第四特区毗邻，距泰国米赛仅239公里。1997年，中国打洛-缅甸勐拉口岸被列为中缅双方共同开放的口岸之一。
	2020年2月21日，该站在打洛镇快递公司查获一起万克邮包藏毒案，当场从5箱滚动机轴夹层内查获冰毒14.428公斤；2月25日，该站民警通过缜密侦查，在勐海县西定乡曼玛村渡口附近小路破获万克毒品案1起，缴获毒品32.871公斤。
	今年以来，为遏制跨境违法犯罪蔓延扩散势头，打洛出入境边防检查站紧盯“枪恐毒赌”“诈绑逃私”和妨害国(边)境管理等跨境违法犯罪，部署开展打击毒品、走私、电信网络诈骗、跨境赌博、枪爆违法犯罪等系列专项活动。建立了“口岸通道查控、边境地段巡逻、一线卡点查缉、交接部位联动”的全方位管控网络，打造出“点线面结合、整体联打联防联控”的工作格局，提升了边境地区和口岸整体防控能力。
	截至3月5日，该站共破获毒品案件18起，缴获毒品63.798公斤；破获涉电诈案件5起5人，缴获电信卡3402张、手机3部、银行卡5张、K宝2个；破获走私案件8起8人，查扣涉案车辆8辆，查获走私白糖20吨、香烟1100条，红牛735件、活体猪25头，总案值逾31万元人民币；办理非法出入境案件14起15人，教育劝返边民43人；查获在逃在控人员8人，接收境外遣返涉电诈人员59人。(完)
【编辑:郭泽华】
</body></doc>