<doc><id>125</id><url>http://www.chinanews.com/sh/2020/03-03/9112429.shtml</url><title>武汉广州两地警察隔空献唱 推出抗疫主题歌</title><datetime>2020-3-3 20:07:00</datetime><body>	(抗击新冠肺炎)武汉广州两地警察隔空献唱推出抗疫主题歌
	中新网广州3月3日电(索有为粤公宣)由广东省公安厅监制、广东公安文联出品的公安抗疫主题歌曲《等你在春暖花开》，3月3日正式发布推出，该歌曲由武汉市公安局民警、全国公安文艺汇演金奖得主黄薇，广州边检总站民警、著名歌手廖寰隔空献唱后精心制作而成。
	《等你在春暖花开》由公安部荣誉警察、《中国人民警察警歌》词作者朱海任艺术指导，广东公安作协秘书长、全国公安诗词协会副主席袁瑰秋作词，著名音乐人王小淞作曲，通过艺术手法讴歌医护人员和民警、辅警不畏艰险，连续奋战，为保障民众生命安全和身体健康作出的牺牲和贡献。
	“我想我们每个中国人都不能忘怀这个特别的年关。它是我经历过的最长也最冷的年。尤其是隔离在家的每一天似乎都在一种压抑的孤寂和颓然的等待中过去……”词作者袁瑰秋在分享发布会上说：“疫情以来，广东警队一直奋战在抗击疫情第一线，不少战友倒下，这一场特殊的战斗，让白衣天使和人民警察这两个向来在不同的领域救死扶伤的群体，历史性的交融在一起。在我看来，在这个最冷的春天，洁白和深蓝是照亮人心的最滚烫的色彩。血脉的呼唤，良心的不安，这一切都需要倾诉需要表达。”
	袁瑰秋与歌手黄薇、廖寰都是多次参加过公安部“公安文化基层行”文艺小分队的队员。据袁瑰秋介绍，黄薇作为武汉民警，从疫情暴发到现在没有休息过一天，每天早上7点前夫妻俩就得出门上岗，但黄薇仍毫不犹豫接受了这次演唱任务。
	由于武汉关闭了所有的录音棚，黄薇只能用手机在家里录，为了减少杂音，夫妻俩腾空了储物间，才在四面没有窗相对安静的环境下完成录制。
	艺名为“东山少爷”的廖寰是广东本土成长的著名青年歌手，他表示，希望这首歌能向战斗在疫情最前线的医护人员和战友带去力量和鼓舞，更希望他们能早日平安归来。
	广东公安文联副主席、秘书长邓普丰表示，新冠肺炎疫情以来，广东公安文联发动公安文艺工作者在忠实履职的同时认真创作文艺精品，创作美术作品90件、书法作品150件、摄影作品450幅、文学作品300余篇、原创音乐作品20余部，朗诵作品7部。(完)
【编辑:郭泽华】
</body></doc>