<doc><id>1250</id><url>http://www.chinanews.com/ty/2020/03-05/9114926.shtml</url><title>河北百亿元贷款额度支持冬奥筹办和体育产业发展</title><datetime>2020-3-5 17:35:00</datetime><body>	(抗击新冠肺炎)河北百亿元贷款额度支持冬奥筹办和体育产业发展
	中新社石家庄3月5日电(李晓伟)据河北省体育局5日消息，该局与中国银行河北省分行联合印发《关于疫情影响下支持体育产业发展的十条措施》，提出提供100亿元(人民币，下同)贷款额度，支持河北省冬奥筹办和体育产业发展。
	据了解，这十条措施涵盖优化资源配置和授信政策、降低金融服务费用、提高服务质效、拓宽融资渠道等方面，旨在支持河北省冬奥筹办各项工作有序进行，助力河北体育产业相关企业纾困，打赢疫情防控阻击战。
	在优化资源配置和授信政策方面，中国银行河北省分行支持河北省冬奥会筹办和体育产业发展，将为河北体育产业、冬奥场馆及配套建设提供100亿元贷款额度支持。对受疫情影响较大，但发展前景良好，暂时受困、待疫情结束后恢复有望的体育企业及上下游企业，不停贷、压贷、抽贷、断贷，应续尽续、能续快续，并根据企业实际情况，给予延长还款周期、还款计划调整等支持。
	同时，河北省体育局还将分批推荐，建立体育企业授信业务“白名单”，中国银行河北省分行将为重点地区、重点行业(特别是冰雪行业)、重点民营企业客户，提供绿色审批通道，支持河北体育企业融资。此外，还提出加快金融科技创新等，加大对体育企业的扶持力度。(完)
【编辑:陈海峰】
</body></doc>