<doc><id>1252</id><url>http://www.chinanews.com/gn/2020/03-05/9114952.shtml</url><title>从伊朗回国的第二架包机抵达兰州 已集中留观309人</title><datetime>2020-3-5 17:33:00</datetime><body>	新华社兰州3月5日电(记者梁军、王铭禹)在中国驻伊朗大使馆协助下，由伊朗首都德黑兰伊玛目·霍梅尼国际机场直飞兰州的南方航空公司第二架包机CZ3005于5日15时许降落在兰州中川国际机场，从伊朗回国的163名中国公民乘机抵达并在兰州新区进行集中留观。
	这是第二批从伊朗回国人员抵达兰州接受集中隔离，第一批146人已于4日抵达兰州并顺利入住集中隔离点。目前，累计有309名伊朗回国人员在甘肃进行集中隔离。
	据悉，在甘肃省工作专班及相应工作小组统筹部署下，交通检疫组、医疗物资保障组、兰州海关等密切配合，落地接站、体温测量、办理入关手续、分批转运等各个环节紧密衔接，各项工作有序进行。
【编辑:田博群】
</body></doc>