<doc><id>1254</id><url>http://www.chinanews.com/tw/2020/03-05/9114949.shtml</url><title>外交部：中方坚决反对美国会众议院通过涉台法案</title><datetime>2020-3-5 17:30:00</datetime><body>	新华社北京3月5日电(记者王卓伦)针对美国国会众议院全会近日审议通过“2019年台北法案”，外交部发言人赵立坚5日在例行记者会上说，有关法案严重违反一个中国原则和中美三个联合公报规定，严重违背国际法和国际关系基本准则，中方对此坚决反对。
	据报道，该法案要求美政府根据其他国家调整对台关系情况，相应增加或减少与该国经济、安全、外交联系。下步该案将在两院统一文本后送交美总统签署。
	赵立坚说，一个中国原则是人心所向、大势所趋，也是国际社会普遍共识。世界上已有180个国家同中国建交，美国早在40多年前就在一个中国原则基础上同中国建交，现在却阻挠其他主权国家同中国发展正常国家关系，这毫无道理，是逆时代潮流而动。
	“我们敦促美方恪守一个中国原则和中美三个联合公报规定，遵守国际法和国际关系基本准则，采取切实举措阻止有关议案通过成法，慎重妥善处理涉台问题，以免严重损害中美关系和台海和平稳定。”赵立坚说。
【编辑:田博群】
</body></doc>