<doc><id>1256</id><url>http://www.chinanews.com/cj/2020/03-05/9114945.shtml</url><title>微信群传播股市谣言者被罚</title><datetime>2020-3-5 17:24:00</datetime><body>	新华社北京3月5日电(记者刘慧)近日证监会公布了当事人牟致华在微信群编造、传播虚假信息被行政处罚的详细情况，牟致华被处以20万元罚款。
	证监会行政处罚决定书显示，牟致华于2019年1月29日早10时许，在微信群看到“易会满主席记者招待会”的一则虚假信息，与群友讨论互动后，仿照该消息也编造了一则虚假信息，称证监会主席建议暂缓科创板实施。
	牟致华把相关虚假信息通过本人手机发布在两个微信群中，紧接着在一个微信群中表示“大家看是否可以传一下？”等。随后，该信息在多个互联网平台上传播、扩散。
	证监会多次强调，继续对编造传播证券期货虚假信息行为严密盯防、快速反应、严肃查处，全力维护资本市场信息传播秩序。同时，也提醒广大投资者坚持不信谣、不传谣，避免自身利益受到损害。

【编辑:田博群】
</body></doc>