<doc><id>126</id><url>http://www.chinanews.com/gj/2020/03-03/9112422.shtml</url><title>伊朗23名议员确诊新冠肺炎 哈梅内伊下令军队协助防控疫情</title><datetime>2020-3-3 19:58:00</datetime><body>	中新网3月3日电据美联社报道，伊朗最高领袖哈梅内伊3日下令军队协助政府卫生部门防控新冠肺炎传播，令该国整体进入备战状态。
	哈梅内伊说：“任何有助于公共卫生和预防疾病传播的方法都是好的，而有助于传播疾病的东西则是罪恶的。”
	另一方面，伊朗国家电视台援引议员的话报道称，目前，有23名伊朗议员的新冠病毒检测结果呈阳性。
	截至目前，伊朗累计确诊新冠肺炎病例达2336例，死亡病例达77例。

【编辑:何路曼】
</body></doc>