<doc><id>1261</id><url>http://www.chinanews.com/ty/2020/03-05/9114937.shtml</url><title>巴赫：国际奥委会会议“没有讨论”是否取消或推迟东京奥运会</title><datetime>2020-3-5 17:17:00</datetime><body>	新华社洛桑3月4日电国际奥委会主席托马斯·巴赫表示，4日举行的国际奥委会执委会会议上并未讨论是否取消或者推迟东京奥运会。
	“‘取消’和‘推迟’这两个词在今天召开的执委会会议上根本没有被提起过。”巴赫说，“我就不给各种猜测添油加醋了。我们的声明非常清楚，那就是我们都致力于东京奥运会的成功举办。”
	东京奥运会将于7月24日至8月9日举行，不过目前世界范围内包括奥运资格赛在内的多项体育赛事都由于新冠肺炎疫情的影响或推迟或取消。
	巴赫说，一个由国际奥委会、东京奥组委、东京和日本政府以及世界卫生组织组成的联合工作组已经成立。
	“这一联合工作组将定期举行会议。我们讨论可能出现的每个问题，但不会对未来妄加推测。”巴赫补充道。
	当被问及是什么让他对东京奥运会举办如此有信心时，巴赫说，国际奥委会基于很多专家提供的信息做出判断。当被问及假如东京奥运会真的可能被取消或推迟，谁来做最终决定时，巴赫拒绝做出猜测。
【编辑:田博群】
</body></doc>