<doc><id>1263</id><url>http://www.chinanews.com/sh/2020/03-05/9114913.shtml</url><title>“95后”小伙驰援武汉侧记：我在保护武汉 也在保护家乡</title><datetime>2020-3-5 17:13:00</datetime><body>	(抗击新冠肺炎)“95后”小伙驰援武汉侧记：我在保护武汉也在保护家乡
	中新网湖州3月5日电(记者施紫楠)1月25日(大年初一)，浙江安吉“95后”小伙楼威辰带着筹集到的4000只口罩，开车前往武汉。
	“那天雨下得特别大，开了8个小时才到，感觉很疲惫。”楼威辰说，自己当时并没想那么多，就想把物资送到武汉，然后就马上回家。
	但当楼威辰进入武汉后，眼前的寂寥景象让他深受触动。“想象中武汉可能人人都戴着口罩，但也不至于这么萧条。”望着空荡荡的街道，楼威辰心里踊跃着一种冲动，“留下来，为他们做点什么”。
	1月26日凌晨，楼威辰站在武汉市红十字会门口，正式成为一名志愿者。在做志愿者的40多天里，楼威辰的主要工作是给当地孤寡老人和孩子配送生活物资，有时也为医护人员送日用品。
	“我们一家四口，爸爸因为肺炎去世，妈妈确诊新冠肺炎已经病危，我们姐弟两个人也出现了症状，我和弟弟相依为命……”2月11日，楼威辰看到了一条名为“秀秀”的市民求助信息，立即开始支援。
	蛋白粉、酒精、消毒液、妈妈住院所需的呼吸类药品……折腾了一个下午，楼威辰终于把物资筹全，还给姐弟俩带去了她们的晚饭。后来，在大家的共同努力下，姐姐顺利住进了医院，弟弟去了酒店隔离，而楼威辰则继续作为志愿者在武汉当地帮忙。
	当记者联系上楼威辰时，他正在为武汉的一些孤寡老人配送食物。用他的话来说，自己这段时间就是在送快递、送外卖，偶尔还兼顾一把滴滴司机。
	“有一次我送完物资，老奶奶给我打电话时一直哭，说这帮孩子实在太好了。那一刻，我就觉得自己留下来是值得的。”为了鼓励留在这座城市里的人，楼威辰会在送出去的物资上贴上纸条，写下一些暖心的话。
	“他们不仅要承受生理上的疼痛，还有心理上的压力。我希望通过这些小纸条，能让这些陌生人知道，我们送过去的不仅仅是冷冰冰的物质，还有很多人对他们的关注。”楼威辰说。
	一开始，家人不知道楼威辰去了哪里，他也只说是因为公司临时需要出差。后来，因为一直向家乡的朋友汇报武汉的情况，提醒他们做好防护，他在武汉的消息渐渐地传到了家人耳中。
	面对家人的责骂和关怀，楼威辰只能不停安慰他们：“其实我在保护武汉的同时，也是在保护自己的家乡。等疫情过去了，我会回来的。”时间一天天过去，家人对他的话语也从“什么时候回来”变成“我为你感到骄傲”。
	这些天，楼威辰的汽车仪表盘记录显示，他在武汉已经跑了6000多公里，对当地的交通路线比自己家乡的还要熟悉。而与仪表盘成反比的，是他卡里的余额。
	“我和朋友开玩笑说，等疫情结束了就要回去打工还债了。”楼威辰说，虽然这段时间真的很累，但是自己对打赢这场防疫战意志坚定，“每一个人都笃信，不久的将来，武汉就会春暖花开，拨云见日。”(完)
【编辑:郭泽华】
</body></doc>