<doc><id>1264</id><url>http://www.chinanews.com/gn/2020/03-05/9114914.shtml</url><title>美媒就新冠肺炎疫情提“中国道歉论” 中方：毫无根据</title><datetime>2020-3-5 17:08:00</datetime><body>	(抗击新冠肺炎)赵立坚回应个别媒体就新冠肺炎疫情提出“中国道歉论”：毫无根据、毫无道理
	中新网北京3月5日电(黄钰钦)针对个别媒体就新冠肺炎疫情提出“中国道歉论”，中国外交部发言人赵立坚5日在例行记者会上表示，相关言论荒谬可笑，“中国道歉论”毫无根据、毫无道理。
	有记者提问，近期，美国福克斯新闻台主持人在播出节目时称，中国人应该就新冠肺炎疫情“正式道歉”。我们注意到，一些社交媒体也有类似论调。你对此有何评论？
	“你提到的个别主持人言论荒谬可笑，充分暴露出他对中国的傲慢、偏见和无知。”赵立坚回应说。
	他强调，第一，疾病是人类的公敌，各国患病的人都是受害者，不知道“道歉论”从何说起？当前，世界各国人民都在努力携手共同抗击新冠肺炎疫情。世界卫生组织多次表示，污名化比病毒本身更危险。在这个时候，个别人和媒体散布这种毫无逻辑的言论，居心何在？
	第二，“中国道歉论”毫无根据、毫无道理。目前病毒源自何处，尚无定论。无论病毒源自哪里，中国同其他出现疫情的国家一样，都是病毒的受害者，都面临阻击疫情蔓延的挑战。2009美国爆发的H1N1流感蔓延到214个国家和地区，当年就导致至少18449人死亡，谁要求美国道歉了吗？
	第三，中国抗疫体现了一个负责任大国应有的担当。在此次疫情防控中，中国力量、中国效率、中国速度受到了国际社会的广泛赞誉。为了世界各国人民的健康和安全，中国人民也付出了巨大牺牲，作出了重大贡献。全球170多个国家领导人和40多个国际地区组织负责人向中国领导人来函致电、发表声明表示慰问支持，对中国抗疫举措及其积极成效以及为阻止疫情蔓延作出的巨大牺牲和贡献予以高度肯定。世界卫生组织总干事谭德塞指出，中国强有力的举措既控制了疫情在中国境内扩散，也阻止了疫情向其他国家蔓延，为世界各国抗击疫情树立了新标杆。(完)
【编辑:于晓】
</body></doc>