<doc><id>1265</id><url>http://www.chinanews.com/ga/2020/03-05/9114891.shtml</url><title>香港首现疑似新冠肺炎人传狗个案 医学专家：属偶发事件</title><datetime>2020-3-5 17:06:00</datetime><body>	(抗击新冠肺炎)香港首现疑似新冠肺炎人传狗个案医学专家：属偶发事件
	中新社香港3月5日电(记者韩星童)日前，香港首次出现疑似新冠肺炎人传狗个案。一名确诊患者的狗只经反复测试，对病毒均呈弱阳性反应，低程度感染有关病毒。对此，有医学专家接受中新社记者访问时认为，人传动物的确“可能发生”，但属偶发事件，呼吁大众无需恐慌。
	香港特区政府渔农自然护理署(渔护署)发言人4日晚间确认，一只狗只在新冠肺炎病毒的反复测试中，对病毒均呈弱阳性反应，有关结果显示该狗只已低程度感染有关病毒，但它现时没有任何相关病征，正接受检疫。
	对此，香港大学李嘉诚医学院微生物学系传染病学讲座教授袁国勇认为，这一个案有些奇怪，如果狗只受环境污染，应该一至两日后其样本就会对病毒呈阴性反应，但若确诊感染，检测结果理应不止弱阳性。他相信由人传染狗的机会较大，但详情要做基因排序后才能确定。
	香港大学感染及传染病中心总监何栢良表示，病毒透过人传人之间传播，其他哺乳类动物亦有机会受感染，但即使病毒由人传播至狗只，亦不等于猫只亦一定会受感染，呼吁市民冷静。何栢良回忆，2003年“非典”期间，曾为淘大花园确诊患者的猫狗进行基因病毒检测，当中有8只猫及1只狗对病毒呈阳性反应，但当年全球各地未有出现动物组群暴发，也没有发现猫狗成为病毒的源头，将病毒传予人类。
	香港医学会会董唐继升对中新社记者表示：“人传动物、动物传染，在多种传染病中都可能出现，比如‘非典’怀疑由蝙蝠及果子狸将病毒传染给人”，但他强调，该狗只对新冠肺炎呈弱阳性反应属“个别情况、偶发事件”，呼吁大众无需过度担心，甚至是恐慌。
	香港高楼林立，人口密度高，不少市民喜爱养宠物。唐继升认为，理论上说狗只比人更易感染，“因为他们在地上吃东西”，因而个案出现也是提醒养有宠物的香港人不要忽视动物也可能会受感染，除了注意个人卫生外，也要在家经常用1：99稀释家用漂白水消毒地面；若出门遛狗，尽量为狗只戴上嘴套，避免它们与地面接触，减少感染机会。(完)
【编辑:于晓】
</body></doc>