<doc><id>1267</id><url>http://www.chinanews.com/sh/2020/03-05/9114911.shtml</url><title>内蒙古新增4例新冠肺炎出院病例 4城市确诊病例清零</title><datetime>2020-3-5 17:03:00</datetime><body>	(抗击新冠肺炎)内蒙古新增4例新冠肺炎出院病例4城市确诊病例清零
	中新网呼和浩特3月5日电(记者张玮)5日，内蒙古自治区卫生健康委员会发布消息称，2020年3月4日7时至5日7时，内蒙古新增4例新冠肺炎出院病例，4城市确诊病例清零。
	新增治愈出院病例为呼和浩特市1例、通辽市1例、呼伦贝市2例。
	呼和浩特市新冠肺炎疫情防控工作指挥部消息介绍，经内蒙古和呼和浩特市两级新冠肺炎诊治专家组会诊，呼和浩特市第5例新冠肺炎确诊患者于3月4日出院。
	该患者于2月2日就诊于呼和浩特市蒙医中医医院，2月3日咽拭子核酸检测呈阳性，确诊为新冠肺炎确诊病例，随即入住内蒙古第四医院。
	通过专家组和医务人员的积极救治，患者临床症状好转，连续3次核酸检测呈阴性，符合出院标准。
	3月4日下午，通辽市第5例新冠肺炎确诊病例治愈出院。
	该患者于2月7日网报为“疑似病例”，由通辽霍林郭勒市集中医学隔离观察所转诊到通辽市传染病医院住院隔离治疗，2月8日核酸检测呈阳性，确诊为确诊病例。
	经过积极治疗，该患者目前无临床不适，连续2次冠状病毒核酸检测结果均阴性，胸部CT提示肺部炎症明显吸收。
	3月4日，经过内蒙古和通辽市两级救治专家组会诊确认，该患者符合出院标准。
	同日，呼伦贝尔市莫力达瓦达斡尔族自治旗2名确诊病例通过内蒙古和呼伦贝尔市两级救治专家组会诊确认，符合出院标准，准予出院。
	据悉，该4名患者出院后将继续隔离并进行医学观察14天。
	截止到目前，内蒙古已有4个城市确诊病例清零，包括乌海市、兴安盟、巴彦淖尔市和呼伦贝尔市。(完)
【编辑:郭泽华】
</body></doc>