<doc><id>1269</id><url>http://www.chinanews.com/sh/2020/03-05/9114907.shtml</url><title>内蒙古步入“升温通道” 黄河内蒙古段开河已近半</title><datetime>2020-3-5 17:02:00</datetime><body>	中新网呼和浩特3月5日电(记者李爱平)受近期气温回暖影响，黄河内蒙古段已加快开河速度。内蒙古自治区气象局5日消息称，目前黄河内蒙古段开河已近半。
	经气象部门监测，截至3月4日10时，黄河内蒙古段开河至巴彦淖尔市五原二段三苗树村附近。剩余封冻长度447千米，较3日减少4千米，已开河河段无流凌。
	内蒙古自治区气象局此前通报称，根据3月气温趋势及上、中旬冷空气过程预测，预计今年黄河内蒙古段开河日期较常年明显偏早，全线开通将在3月中旬。
	记者了解到，从2019年12月1日—2020年2月21日，内蒙古气温偏高，特别是黄河沿线气温较常年同期偏高1℃以上，黄河内蒙古段尚未完全封河便已开河，历史少见。

【编辑:郭泽华】
</body></doc>