<doc><id>1271</id><url>http://www.chinanews.com/business/2020/03-05/9114862.shtml</url><title>寺库同城2小时达 已扩至北京、上海、厦门、青岛4城市</title><datetime>2020-3-5 16:58:00</datetime><body>	中新网3月5日电随着企业的复工下的疫情环境不断转好，线上线下精品生活方式平台寺库陆续开放全国直营门店、各大区仓库及品牌的，疏通用户云逛街的通路。自2月4日起至今的一个月里，寺库已陆续从北京同城2小时达扩至上海、青岛、厦门等4个城市。未来，随着业务的不断优化，此业务还将扩至广州、武汉、重庆、杭州等11个城市。这意味着有更多的用户可享受到同城2小时送达的云逛街福利。
	据了解，寺库上线北京同城2小时达业务以来，一直深受用户关注；从一个城市一个城市的不断扩展，寺库的业务越来越受欢迎，寺库的APP页面也是从最初的仅北京2小时达的专题推送，到用户可在专题中可以按城市、男女喜好、老人喜好等选项进行细化选择，使用户挑选的商品更加精准。此外，如果你不知道送给她(他)什么礼物，寺库的VIP管家服务还会为你精挑细选。
	值得一提的是，除了在线选择同城2小时达业务以外，在寺库品牌的专属直播间里，也可以选择此业务。参与此业务的品类包含服装、包袋、首饰、腰带、营养滋补等，其中不乏有PRADA、MIUMIU、Valentino、Salvatore、Ferragamo等国际知名品牌。
	据寺库相关负责人介绍，从这一个月的反馈来看，同城2小时达业务深受用户好评。未来，寺库会持续推动更多国际品牌、优质商家、商场等加入到同城2小时达服务中来，以期满足更多的用户对高标准服务的需求，以及享受真正高端品牌的更多特色服务。
【编辑:吉翔】
</body></doc>