<doc><id>1276</id><url>http://www.chinanews.com/cj/2020/03-05/9114885.shtml</url><title>辽宁规上工业企业开复工率93.4% 达往年同期平均水平</title><datetime>2020-3-5 16:51:00</datetime><body>	(抗击新冠肺炎)辽宁规上工业企业开复工率93.4%达往年同期平均水平
	中新社沈阳3月5日电(王景巍)自辽宁省全面启动企业开复工以来，在全面防控疫情的同时，积极推动规模以上工业企业开复工。记者5日从辽宁省工业和信息化厅获悉，截至3月3日，规上工业企业开复工6947家，复工率为93.4%，达到往年同期平均水平。
	经过各级政府不断推动，辽宁省14个市复工率均超过80%，其中9个城市超过90%。从主要行业看，装备制造、石化、冶金三大主要行业复工率分别为97.3%、91.7%和91.7%，装备制造、医药行业复工率保持在八大主要行业前两位，均超过97%。
	从重点企业看，大型钢铁、炼化企业疫情期间保持连续生产，装备企业生产形势稳定，生活物资生产企业基本保持满负荷生产，特别是与疫情相关的医疗物资、生活物资企业生产正常，其中口罩、防护服等企业基本满负荷生产，乳制品、粮油等食品加工业产能也达到了八成以上。
	这样的复工成果与“政策红包”密不可分。为了保证复工安全，辽宁省疫情防控指挥部相继出台了5号令、6号令，制定下发了具体的工作方案，实行企业复工复产情况报备和日报告制度。截至目前，开复工企业职工返岗率为64%，所有外省返岗职工均采取了隔离措施。
	同时，出台了支持中小企业生产经营的政策措施，在此基础上，多个城市推出更加具体的政策，支持企业经营发展。
	辽宁省工业和信息化厅相关负责人表示，下一步，在做好疫情防控的同时，将加快推动装备、石化、冶金等行业复产，优先支持汽车、电子信息、航空、电力装备等产业链长、带动能力强的产业和5G、工业互联网等新兴产业，并着力推动中小企业复工复产，加快恢复产业上下游、产品配套链的同步运行。(完)
【编辑:郭泽华】
</body></doc>