<doc><id>1277</id><url>http://www.chinanews.com/cj/2020/03-05/9114884.shtml</url><title>中国市场销售触底回升 汽车领衔反弹</title><datetime>2020-3-5 16:50:00</datetime><body>	(抗击新冠肺炎)中国市场销售触底回升汽车领衔反弹
	中新社北京3月5日电(记者李晓喻)受疫情影响严重的消费正逐渐恢复。中国商务部市场运行司副司长王斌5日称，市场销售已触底回升。
	王斌在当天举行的新闻发布会上透露，2月下旬，商务部重点监测的1000家零售企业日均销售额比2月中旬增长5.6%，这是自1月下旬环比连续负增长后，开始恢复正增长。其中，汽车需求上升，环比增幅达14.8%；通讯器材、家电环比分别增长11.7%和11.1%。
	他表示，2月下旬以来销售回升有三方面原因：疫情防控取得积极成效，居民恐慌心理有所疏缓；企业复工营业加快推进，工作人员陆续返岗，生产生活秩序正在加快恢复；前期被疫情抑制的部分消费开始逐步释放。
	据商务部数据，目前全国大型连锁超市平均开业率已超过95%，百货店、购物中心、商业步行街等消费场所也在逐渐恢复人气。
	王斌称，随着疫情逐渐有效遏制，生产生活秩序进一步恢复，市场销售将进一步平稳回升。此前他曾经预计，二季度消费市场仍将处于恢复期，下半年会继续好转。
	据官方统计，2019年中国社会消费品零售总额首次超过40万亿元人民币，最终消费支出对经济增长的贡献率达57.8%，继续稳居中国经济增长第一动力。(完)
【编辑:郭泽华】
</body></doc>