<doc><id>1278</id><url>http://www.chinanews.com/hr/2020/03-05/9114849.shtml</url><title>汤加出现新冠肺炎疑似病例 中使馆提醒中国公民加强防护</title><datetime>2020-3-5 16:49:00</datetime><body>	中新网3月5日电据中国驻汤加大使馆网站消息，据汤加政府报道，3月4日汤加出现首例新冠肺炎疑似病例。驻汤加使馆提醒在汤华侨华人高度重视并切实做好疫情应对。
	一、请密切关注媒体涉疫情报道，及时掌握疫情信息，有针对性加强自身防护措施，近期不要前往人员密集场所，尽量减少外出频次，外出时建议佩戴口罩。
	二、通过网络了解新冠肺炎防控相关知识。关注中国国家卫健委(http://www.nhc.gov.cn/)和世卫组织中文(https://www.who.int/zh)等网站，获取相关防控知识和指南。
	三、如出现新冠肺炎典型症状(如干咳、发烧、乏力、呼吸困难等)，须立即就医，并采取必要防控措施，防止传染。
	四、采取有效措施，加强人身和财产安全防护。
	驻汤加使馆领事保护与协助热线：00676-7778846
	外交部全球领事保护与服务应急呼叫中心电话：
	+86-10-12308或+86-10-59913991。
	祝各位在汤同胞健康、平安！
【编辑:王嘉怡】
</body></doc>