<doc><id>1279</id><url>http://www.chinanews.com/gn/2020/03-05/9114883.shtml</url><title>西安市委原常委聂仲秋被捕 被指“搞政治攀附”</title><datetime>2020-3-5 16:49:00</datetime><body>	中新社北京3月5日电(记者张素)中国最高人民检察院5日发布消息称，陕西检察机关依法以涉嫌受贿罪，对陕西省西安市委原常委、市政府原党组成员聂仲秋决定逮捕。
	3月2日，陕西省纪委监委发布通报称，聂仲秋被开除党籍、开除公职。他被指身为党员领导干部，背弃初心使命、丧失党性原则，对党不忠诚、不老实，为个人升迁搞政治攀附；经济上贪婪，与私营企业主勾肩搭背，大搞权钱交易，将党和人民赋予的权力沦为谋取私利的工具，严重破坏亲清政商关系；三观扭曲，生活腐化，道德败坏。
	此外，山西省人民检察院依法以涉嫌受贿罪、徇私枉法罪，对山西省公安厅原副巡视员权志高作出逮捕决定。
	山西省纪委监委此前通报称，权志高收受礼金礼品，利用职务影响为亲属的经营活动谋利；在案件侦查中充当黑恶势力“保护伞”；利用职务上的便利，在消防产品市场准入资质获取、消防工程承揽等方面为他人谋取利益并收受财物；在案件侦查过程中徇私枉法。
	最高检5日还发布了两则消息：福建检察机关依法对福建省三明市委原副书记黄建平涉嫌挪用公款、受贿、滥用职权、非法采矿、高利转贷案提起公诉；云南检察机关依法对云南省武定县人大常委会原党组书记、主任李茂学涉嫌受贿案提起公诉。(完)
【编辑:郭泽华】
</body></doc>