<doc><id>128</id><url>http://www.chinanews.com/fortune/2020/03-03/9112421.shtml</url><title>农业银行全力支持中国医药集团抗击疫情</title><datetime>2020-3-3 19:53:00</datetime><body>	自疫情爆发以来，农业银行积极主动为直接参与疫情防控的重点医药流通企业中国医药集团有限公司(以下简称“国药集团”)提供金融支持，加大信贷投放力度，总行大客户部牵头系统分行为国药集团提供高效精准的疫情防控综合金融服务。截至目前，该行湖北、广东、深圳等十四家分行对国药集团二十余家疫情防控重点保障企业，发放专项再贷款近8亿元，全面助力国药集团抗击疫情。
	精准对接，加强系统支持力度。农业银行第一时间成立了国药集团疫情防控业务专项工作团队，大客户部主动对接国药集团总部及各二级子公司，逐户督导系统相关分行加大对国药集团疫情防控业务的金融支持力度，并给予政策和业务指导。
	开辟绿色通道，全天候响应企业金融需求。农业银行统筹各分行信用资源，对疫情防控业务实施差异化信贷支持政策。1月29日(大年初五)，由总分支三级组成的专项工作组当日返岗，高效审批湖北分行对国药控股湖北公司新增4亿元授信，并予以投放。近期，该行各级国药专项工作团队对国药集团所属成员单位提供7×24小时全天候、不间断的业务支持。目前，农业银行已有二十余家分行与近80家国药集团成员单位就防疫贷款业务达成合作意向，在原有授信支持基础上，新增专项授信约50亿元。
	因户施策、精准投放，从严把控专项贷款投放关。农业银行在确保落实人民银行专项再贷款投放落地的同时，坚持严把贷款审批关、资金使用关，确保每一笔救急、救命钱用在“刀刃上”。对国药集团新增授信全部用于国药集团成员企业采购口罩、护目镜、医用药品、专用防护服等抗击疫情所需用品。
	积极履行社会责任，体现国有大行担当。疫情发生后，农业银行总分联动，农行湖北三峡分行赴国药集团下属葛洲坝中心医院进行慰问，并向医院定向捐赠25万元，为疫情防治工作献上一份爱心，全方位助力疫情防控，凸显国有大行“金融担当”。
【编辑:陈海峰】
</body></doc>