<doc><id>1280</id><url>http://www.chinanews.com/hr/2020/03-05/9114815.shtml</url><title>受新冠肺炎疫情影响 美国多家航空公司免收退票费</title><datetime>2020-3-5 16:48:00</datetime><body>	中新网3月5日电据美国《世界日报》报道，因新冠肺炎疫情暴发，美国内华达州很多居民取消既定的飞航行程，来往拉斯维加斯的多家航空公司，推出取消及更改行程手续简化规定，还有些航空公司取消了退票费。
	AmericanAirlines，准许从3月1日至3月16日之间订票的旅客，可以改签而不收任何费用，但必须把改签日期安排在至少14天之后。
	Delta航空公司，因为中国及韩国航线因疫情停飞，凡已订票飞往中国北京、上海以及韩国仁川班机旅客，可以在4月30日以前更改行程，不收费用，新更换的航班要在5月31日之前完成。
	夏威夷航空(HawaiianAirlines)取消所有飞往韩国的班机至4月30日，班机取消期间旅客可全额退款或免费更改行程。
	捷蓝(JetBlue)免除从2月27日至3月11日已订位者的取消及更改班机费用，限定是在2020年6月1日前出发的飞机。
	阿拉斯加航空(AlaskaAirlines)推出“安心”退票及更改班机政策，凡是从2月27日至3月12日已订位2020年6月1日前出发的飞机，可以免费取消或更改班机。
	西南航空(SouthwestAirlines)及忠诚航空(Allegiant)两家航空公司，持续原有的取消更改计划。
	内华达州AAA旅游计划发言人艾维拉(SergioAvila)表示，乘坐飞机旅客应多注意CDC有关新冠肺炎的更新消息，所有打算购买旅游保险的人士，应了解保单内容是否承担旅途中万一感染疫病的医疗保护。
【编辑:王嘉怡】
</body></doc>