<doc><id>1282</id><url>http://www.chinanews.com/gn/2020/03-05/9114886.shtml</url><title>新冠肺炎康复患者捐献血浆 四川医疗队送上特制奖状</title><datetime>2020-3-5 16:47:00</datetime><body>	武汉前线直击|新冠肺炎康复患者捐献血浆，四川医疗队送上特制奖状
	“祝贺您战胜病魔，感谢您无私地奉献出珍贵的血浆，您的付出是其他病人的希望——四川医疗队”
	3月3日上午，在四川省第七、八批援鄂医疗队接管的武汉协和医院肿瘤中心Z9病区，四川医疗队为当天出院的4名新冠肺炎康复患者送上了一份特制的奖状。用红纸打印的奖状上，四川医疗队值班队员逐一签上了自己的名字，向这4名志愿捐献血浆的康复者致敬，感谢她们在战胜病魔后以实际行动去帮助他人。
	“恢复期血浆治疗是一项古老而又创新的治疗措施，对重症、危重症非常有效，可显著降低患者死亡率。”四川医疗队队员、四川大学华西第二医院薛欣盛介绍，在献血者的选择上，参照《新冠肺炎康复者恢复期血浆临床治疗方案》，应同时符合距首发症状时间不小于3周、符合最新版新冠肺炎诊疗方案中解除隔离和出院标准、年龄在18-55岁之间、无经血传播疾病史等多项前提条件。
	治愈出院患者踊跃捐献血浆，将为在生命线上挣扎的患者带来更多新的希望。当天捐献血浆的康复患者说，“如果有需要，愿意进一步配合医疗队的救治工作。”(王路炜川报观察记者袁敏)
【编辑:田博群】
</body></doc>