<doc><id>1283</id><url>http://www.chinanews.com/hr/2020/03-05/9114786.shtml</url><title>驻济州总领馆暂停办理婚姻登记、公证和领事证明业务</title><datetime>2020-3-5 16:47:00</datetime><body>	中国侨网3月5日电据中国驻韩国济州总领事馆网站消息，韩国确诊新冠肺炎病例数量持续增加，防疫形势严峻。为保障中国公民的生命健康，尽可能减少人员聚集，最大限度降低交叉感染风险，现就有关办证事项通知如下：
	一、即日起至3月31日，原则上不办理婚姻登记、公证和领事证明。如确有特殊紧急办证事由，请拨打电话064-900-8830、064-900-8840，或发送邮件至chinaconsul_jeju_kor@mfa.gov.cn咨询。
	二、正常办理中国公民的护照/旅行证、赴港进入许可、养老金审核、领事认证(仅限死亡证明)业务。
	三、中国驻济州总领馆鼓励申请人根据自身情况及办证紧迫程度合理安排办证计划。确需办理业务的，请提前通过中国驻济州总领馆微信公众号和网站信息了解办理须知，备好材料，提高办证效率。
	为做好疫情防控工作，中国驻济州总领馆采取佩戴口罩、间隔一米排队、消毒等措施，请大家理解和配合。
【编辑:王嘉怡】
</body></doc>