<doc><id>1284</id><url>http://www.chinanews.com/cj/2020/03-05/9114859.shtml</url><title>中国北疆“复工”记：口罩挡不住的车水马龙</title><datetime>2020-3-5 16:46:00</datetime><body>	(抗击新冠肺炎)中国北疆“复工”记：口罩挡不住的车水马龙
	中新社呼和浩特3月5日电题：中国北疆“复工”记：口罩挡不住的车水马龙
	中新社记者李爱平
	“已经全面复工复产了。”3月5日上午，看着七苏木中欧班列物流园区内工人们戴着口罩工作的场景，李路心情很好，他说：“终于看到曙光了。”
	内蒙古自治区卫生健康委员会5日发布消息称，截至3月5日7时，内蒙古累计报告新冠肺炎确诊病例75例，现存确诊病例11例。不断减少的确诊病例，给当地各部门的复工复产注入一剂“强心剂”。
	李路是乌兰察布市七苏木中欧班列物流园区运营方相关负责人，他说：“复工复产20多天来，已连续开行多列中欧班列至俄罗斯，从鄂木斯克发来的俄罗斯亚麻籽也已运抵园区。”
	“我们已经全面复工复产了，乌兰察布市的大数据也将迎来新的发展和机遇。”乌兰察布市大数据管理局副局长吕佐鹏在接受记者采访时说。
	随着新冠肺炎疫情防控形势的逐步向好，吕佐鹏也将利用高铁发展大数据的事业提上日程。
	2019年12月30日，内蒙古首条进京高铁张呼(张家口—呼和浩特)高铁与京张(北京—张家口)高铁连通正式开通运营。
	“高铁开通后，只需一个半小时就能到北京。我们将利用便捷的交通优势，筹划从北京争取一些大数据项目，对接京津冀协同发展。”吕佐鹏信心满满地说。
	被外界称为“中国煤炭大市”的鄂尔多斯，一条条生产线正在忙碌着，一辆辆大卡车在厂区内穿梭，呈现出车水马龙的景象。
	据鄂尔多斯市政府消息，该市鄂托克旗有序推动各类企业复工复产，截至目前172家企业实现安全稳定生产；准格尔经济开发区共有17家企业生产运营；鄂尔多斯大路工业园区产能又恢复到了正常时期的95%以上。
	作为中国边城的满洲里亦在有序复工复产中，满洲里中俄互贸免税区负责人高忠民介绍说，目前该免税区已经全面复工，每天都有俄罗斯籍司机往来送货。
	记者从满洲里海关获悉，满洲里平安燃气公司日前从俄罗斯进口了春节以后的首批液化石油气，共72吨。与此同时，满洲里公路口岸的果菜日出口量已恢复至50车左右。
	记者从内蒙古商务厅获悉，截止到3月2日，内蒙古近半外贸企业复工。其中满洲里市、包头市、二连浩特市、乌海市、鄂尔多斯市复工率均达到60%以上。
	值得一提的是，尽管内蒙古各地正在有序复工复产，但官方依然将防控疫情作为大事来抓。
	内蒙古自治区主席布小林表示，最近疫情形势持续向稳向好，但决不能麻痹大意，要密切关注疫情防控形势变化，及时完善防控策略和措施。(完)
【编辑:郭泽华】
</body></doc>