<doc><id>1285</id><url>http://www.chinanews.com/hr/2020/03-05/9114772.shtml</url><title>马来西亚暂时关闭所有入境自动通关查验系统通道</title><datetime>2020-3-5 16:46:00</datetime><body>	中新网3月5日电据马来西亚《中国报》报道，当地时间3月4日，马来西亚移民局安全及护照组主任祖菲卡宣布，随着新冠肺炎疫情蔓延，暂时关闭所有在马来西亚入境处的自动通关查验系统(E-Gate)通道。
	祖菲卡向各州移民局发出上述指示，即日起生效。“为了防范疫情在马来西亚蔓延，移民局总监凯鲁已同意暂时关闭，全国入境处的马来西亚公民专用的自动通关查验系统通道、外国人使用的国家执法和登记系统(NERS)通道，以及自动通关系统(MACS)。”
	他说，若有任何更改或最新资讯，将会再度向各州移民局汇报。
	这项宣布意味着柔佛州所有入境处也受影响，其中每天最多人往来的柔佛长堤和马新第二通道影响最大，4日晚便有网民发布自动通关通道关闭的照片，柜台前排起长队。

【编辑:王嘉怡】
</body></doc>