<doc><id>1286</id><url>http://www.chinanews.com/tw/2020/03-05/9114855.shtml</url><title>“全球-台湾-平潭”海空联运通道助力防疫 “九条措施”支持平潭台企复工复产</title><datetime>2020-3-5 16:45:00</datetime><body>	中新社平潭3月5日电(闫旭)进口国际快件通过台湾桃园机场中转后再经“台北快轮”运抵福建平潭综合实验区，“全球-台湾-平潭”海空联运成为疫情防控物资“登陆”便捷通道和国际快件物流通道。
	近日，在平潭海关辖下两岸快件中心内，满载着母婴用品、食品、化妆品等跨境电商包裹的货车有序驶出，经海关监管验放的商品发往全国各地。
	“台北快轮”于2月6日复工运行。平潭口岸充分利用海运快件、跨境电商、对台直航航线三大通道优势，推出多项政策措施。为保障防疫物资快速通关、帮扶企业复工复产，平潭海关针对性地推出多项措施，设立进口疫情防控物资及其生产原材料快速通关专用窗口，实现通关“零延时”。
	统计数据显示，1月25日至3月1日，平潭海关共接受申报及验放疫情防控物资2.89万批次、货值588.2万元(人民币，下同)，主要包括口罩、防护服、消毒液等。其中口罩超过110万件，主要捐往湖北武汉、宁夏银川以及福建福州、福清、平潭等地。
	在海运快件方面，自2月6日，平潭海关共计验放进出口快件24.45万件，货值6784.68万元，分别同比上升118.8%、125%，单日验放海运快件进口出区包裹业务量约2019年日均水平的两倍。
	在跨境电商方面，1月31日至3月1日，平潭海关共验放跨境电商进出口清单56.8万票，货值8992.44万元，多为消费者需求较大的进口奶粉、纸尿裤、化妆品等商品，主要销往上海、广州、杭州、南京等地。
	此外，平潭海关还综合实施延长税款缴纳期限、免征滞纳金、优化税款担保流程等措施，对3家跨境电商企业推广实施关税保证保险4331万元，缓解企业资金压力。
	近日，平潭制定出台了《支持台资企业应对疫情防控复工复产九条措施实施细则》，对2月26日印发的《支持台资企业应对疫情防控复工复产九条措施》优化服务项目与内容，对奖励政策、申报对象、条件、材料和流程进行细化。与“九条措施”同步实施，截止时间为福建省新冠肺炎应急响应解除后一个月。
	“九条措施”明确给予台胞返平潭交通补贴、支持企业新招聘台湾员工、给予台资企业复工复产补助、减免台资企业租金、加大台资企业金融信贷支持、给予台资企业复工复产综合保险补助等，支持台企复工复产、稳定生产经营。
	为了提供优质“非接触式”办税，平潭税务部门近日升级推出e企通2.0版本，让台商能够通过视频录制，实现从工商登记、印章刻制、银行开户、税务登记及发票申领等多部门多环节“最多跑一趟”，法人代表“一趟不用跑”。
	身在台北的台商施鑫泽近日依托e企通智慧云平台上传了自己录制的视频，完成工商登记、印章刻制和税务登记等多项业务，顺利注册平潭综合实验区金立方贸易有限公司，成为首个通过e企通2.0版本设立新公司的台商。“本以为疫情期间完成企业开办，得跑多个部门办理多项业务，没想到e企通能够让我在台湾就能实现实名认证。”施鑫泽表示，“九条措施”的支持让他对市场特别有信心。(完)
【编辑:王诗尧】
</body></doc>