<doc><id>1288</id><url>http://www.chinanews.com/gn/2020/03-05/9114879.shtml</url><title>【人民评“疫”】传承雷锋精神 勇夺抗疫胜利</title><datetime>2020-3-5 16:44:00</datetime><body>	1963年3月5日，毛泽东同志发出了“向雷锋同志学习”的号召，57年过去了，雷锋精神教育和激励着一代又一代中华儿女，神州大地涌现出一批又一批雷锋式的先进模范和平民英雄。今年，面对突如其来的新冠肺炎疫情，全党全军全国各族人民在以习近平同志为核心的党中央集中统一领导下，众志成城、砥砺前行，以各自方式投入到这场人民战争、总体战、阻击战。无数默默坚守、逆风而行的党员群众用实际行动，书写着新时代的雷锋故事。事实已经证明，历经时代变迁和岁月洗礼，雷锋精神不断被传承、不断被升华，已成为中国人的精神丰碑。
	学雷锋，就要心中有爱，心中有民。雷锋精神的核心是全心全意为人民服务，是为了人民的事业无私奉献。疫情发生以来，无数党员干部挺身而出、冲锋在前，不惧生死、不计得失，用无畏之心、大爱之心与无情疫情做殊死斗争，用血肉之躯为人民群众筑起一道道“保护墙”。虽然疫情出现了积极变化，但形势依然严峻复杂，每一位党员要始终把人民放在心中最高位置，时刻牢记“为了谁”、“依靠谁”、“我是谁”，坚定信心、咬紧牙关，一鼓作气、一战到底，以大获全胜彰显共产党人的政治本色和责任担当。
	学雷锋，就要爱岗敬业，积极进取。雷锋同志曾说过：“一个人的作用，对于革命事业来说，就如一架机器上的一颗螺丝钉。螺丝钉虽小，其作用是不可估计的。”随着复工复产以及后续复市复学的逐步展开，经济社会秩序正全面恢复。一方面，广大党员群众要保持头脑清醒，继续坚守岗位，毫不松懈抓好疫情防控工作；另一方面，更要对标“干一行爱一行，专一行精一行”的雷锋精神，积极投入本职工作，埋头苦干、辛勤付出，通过全社会的共同努力，把疫情耽误的时间抢回来、造成的损失夺回来，圆满完成全年经济社会发展各项目标任务。
	学雷锋，就要与时俱进，守正创新。一代又一代中国人在接续奋斗的征途中坚守雷锋精神的核心要义，同时，又赋予其新的时代内涵，使之历久弥新、永不褪色。当前，我国正处在实现“两个一百年”奋斗目标的历史交汇期，如期实现第一个百年目标，顺利开启第二个百年目标，是我们这代人的职责和使命。各级党员干部要把雷锋崇高的理想信念和革命情怀融入血液、铸进灵魂，树牢“四个意识”，坚定“四个自信”，坚决做到“两个维护”，以实际行动践行共产党人的初心使命。广大人民群众要牢记习总书记“雷锋精神，人人可学；奉献爱心，处处可为”的谆谆教诲，用心干好每件平凡小事，成就不平凡的人生，勇当雷锋精神的传播者、弘扬者和践行者。
	英雄精神是照亮前路的灯塔，是抗击疫魔的利剑。只要我们坚定信心、振奋精神，全力以赴、团结奋进，疫情防控和经济社会发展双胜利的目标就一定能够实现。
	作者：朱磊
【编辑:田博群】
</body></doc>