<doc><id>1289</id><url>http://www.chinanews.com/gn/2020/03-05/9114848.shtml</url><title>经济战“疫”录：政治局常委会为复工复产确立“行动指南”</title><datetime>2020-3-5 16:44:00</datetime><body>	(抗击新冠肺炎)中国经济战“疫”录：政治局常委会为复工复产确立“行动指南”
	中新社北京3月5日电题：中国经济战“疫”录：政治局常委会为复工复产确立“行动指南”
	中新社记者王恩博
	中共中央政治局常务委员会3月4日召开会议，研究当前新冠肺炎疫情防控和稳定经济社会运行重点工作。此次会议对复工复产给予高度关注，其中不乏新表述、新要求，堪称一份最权威的“行动指南”。
	重申复工复产紧迫性
	复工复产是化解疫情不利影响，保持经济社会平稳有序发展的关键，其紧迫性在此次会议上再度被提及。
	会议指出，要抓紧推进经济社会发展各项工作，精准有序扎实推动复工复产，实现人财物有序流动、产供销有机衔接、内外贸有效贯通，把疫情造成的损失降到最低限度。
	做到精准有序，首先要抓好重点。例如，要根据疫情分区分级推进复工复产，大幅提高疫情防控重点物资的生产供应，优化防护物资调配，确保员工安全健康的生产生活环境。官方信息显示，随着有关部门着力推动防疫物资企业复工达产，中国口罩日产能产量已双双突破1亿只。
	做到精准有序，还要通观全局。产业链环环相扣，一个环节阻滞，上下游企业都无法运转。中国银行业协会首席经济学家巴曙松表示，已有上市公司反馈一些中小企业现金流不足，如继续停工可能会亏损甚至倒闭，进而导致供应链断档。
	会议指出，要坚持全国一盘棋，维护统一大市场，促进上下游、产供销、大中小企业整体配套、协同复工，切实提高复工复产的整体效益和水平。
	扩大内需危中寻机
	重申精准有序复工复产的同时，会议还明确了其与扩大内需的关系。
	会议强调，要把复工复产与扩大内需结合起来，把被抑制、被冻结的消费释放出来，把在疫情防控中催生的新型消费、升级消费培育壮大起来，使实物消费和服务消费得到回补。
	消费是中国经济增长头号动力。疫情之下，旅游、餐饮等传统消费行业受到巨大冲击，但危机中也蕴含转机。
	工银国际首席经济学家程实举例说，疫情期间中国经济“被迫”冲破诸多路径依赖，系统性重塑了消费习惯和商业模式。疫情平息后，新习惯和新模式将部分延续，以“线上+线下”的新零售、云服务改造消费端，以物联网、智能制造变革供给端，将促使中国经济开启新形态。
	扩大内需，投资作用亦不能少。会议划下重点：要加大公共卫生服务、应急物资保障领域投入，加快5G网络、数据中心等新型基础设施建设进度。
	根据各地官方近期公布的信息，多地重大工程项目复工率已达100%，一些新项目也在陆续上马，尤其新基建布局力度加大。恒大集团首席经济学家任泽平认为，以改革创新方式推动新一轮基础设施建设，有助于稳增长、稳就业，释放中国经济增长潜力，提升长期竞争力。
	对外开放脚步不停
	经济全球化背景下，复工复产不仅关乎中国。会议指出，要在扩大对外开放中推动复工复产，努力做好稳外贸、稳外资工作，开拓多元化国际市场。要做好龙头企业复工复产保障工作，维护全球供应链稳定。
	各方保障下，外资生产经营正恢复正常。在上海，世界500强投资企业复工率近90%；跨国公司地区总部复工率达93%；外资研发中心复工率达87%。
	稳住现有外资的同时，新增投资亦陆续有来。
	2月25日，上海浦东新区举行了一场“云签约”仪式，共敲定21个外资项目，总投资额逾17亿美元，且多是全球行业细分领域头部企业。建筑机械制造业龙头企业瑞士利勃海尔表示，其对中国市场仍充满信心，目前公司所有投资决策未有任何延迟或调整。
	一系列重量级项目落地，不仅折射出外资对中国市场的信心，亦反映出中国在全球产业链、供应链中的稳固地位。
	长江证券首席经济学家伍戈向中新社记者表示，一国在全球供应链中的地位取决其软实力，而非一时外部或内部冲击。中国一直以来都拥抱全球化，未来还应进一步加强国际合作，在金融市场、信息披露及其他制度标准方面主动与国际接轨。(完)【编辑:郭泽华】
</body></doc>