<doc><id>129</id><url>http://www.chinanews.com/gn/2020/03-03/9112419.shtml</url><title>彭丽媛复信斯里兰卡德薇女子学校学生 感谢她们支持中国抗击疫情</title><datetime>2020-3-3 19:45:00</datetime><body>	新华社北京3月3日电3月2日，国家主席习近平夫人彭丽媛复信斯里兰卡德薇女子学校学生，感谢同学们来信支持中国抗击新冠肺炎疫情，勉励同学们为传承中斯友好作出贡献。
	彭丽媛表示，在中国抗击新冠肺炎疫情的特殊时刻收到你们的来信和亲笔画。你们的画画得很好，充满爱心，传递出斯里兰卡人民对中国人民的真挚友谊，习近平主席和我很喜欢。爱心是我们抗击疾病最强的力量。疫情发生后，斯里兰卡社会各界自发为中国举行祈福和祝愿活动，给予我们关心和支持。目前，中国人民万众一心、全力应对，防控工作正在取得积极成效。我们有信心、有能力、有把握战胜疫情。
	彭丽媛表示，中斯友谊源远流长。在你们身上，我看到了中斯两国人民友好的未来。希望你们不负韶华、努力学习，做促进中斯友谊的小使者。
	德薇女子学校是当地一所知名公立学校，现有在校学生约2000人。日前，该校43名学生代表联名致信彭丽媛并附上亲笔画，表达对中国抗击新冠肺炎疫情的支持。【编辑:田博群】
</body></doc>