<doc><id>1292</id><url>http://www.chinanews.com/gn/2020/03-05/9114872.shtml</url><title>【人民评“疫”】做足精准文章，书写复工复产答卷</title><datetime>2020-3-5 16:41:00</datetime><body>	疫情防控不能松劲，经济发展不能耽搁。当前，新冠肺炎疫情总体形势持续向好，为全面有序复工复产创造了良好的环境，企业复工开工数量正稳步攀升。以央企为例，96家中央企业所属2.3万余户生产型子企业，复工复产率超90%。中国制造业五百强复工复产已达97.08%。复工复产稳妥推进，经济从“冬眠”中逐渐复苏，既离不开政府部门的科学统筹，更离不开政府部门的积极作为、精准发力。
	精准发力，就要在推进政策落地上做文章。国务院决定阶段性减免企业社保费和实施企业缓缴住房公积金政策，人民银行会同多部门出台30条政策措施支持小微企业和民营企业……自疫情发生以来，中央出台了一系列政策措施，给企业复工复产送来了“及时雨”，为恢复经济秩序注入信心与力量。与此同时，为推动这些政策及时精准落地，各地党委和政府也紧密结合实际，纷纷放大招、出实策，帮助企业有序复工复产。比如，河北推出10条税收措施，重点支持企业疫情防控和恢复生产；北京出台16条措施减轻疫情对中小微企业生产经营影响，包括停征部分行政事业性收费、减免中小微企业房租……结合地方实际，精准出台契合防控形势、适用有效的政策措施，为企业复工复产注入了不竭动力。
	精准发力，就要在解决企业难题上做文章。工人返岗难、物流原材料受影响、生产运行成本高、资金周转压力大……对于不少企业来说，突如其来的疫情，对生产经营活动产生了一定影响。非常时期要有非常之举，在做好疫情防控前提下，必须采取更加有力的措施，精准帮助企业解决难题。在这方面，各地都在积极探索实践——在安徽，政府集中组织农民工返岗复工，确保“出家门进车门，下车门进厂门”；在福建，有些地方还为农民工提供核酸检测服务；在广东，人社部门与周边主要劳动力输出省区联手，组织“点对点”专车专列……充分发挥职能作用，精准把脉开方，及时解决实际问题，让企业吃下定心丸，为复工复产争取了宝贵的时间。
	精准发力，就要在优化政务服务上做文章。对企业来说，疫情之下推进复工复产，最头疼的就是遇到“肠梗阻”，致使生产运营的“微循环”变成“死循环”。精准稳妥推进复工复产，政务服务也需要精准高效，这样才能帮助企业把耽误的“时间”抢回来，让经济社会发展尽快步入正轨。对此，中共中央政治局常务委员会2月26日召开会议强调，要把各项惠企政策尽快落实到位，完善政策配套实施办法，在一体化政务平台上建立小微企业和个体工商户服务专栏，使各项政策易于知晓、一站办理。实践证明，采取网上办、自助办、掌上办、咨询办等形式，推动“无接触服务”“不见面审批”等全面开花，不仅能够最大程度避免疫情传播风险，还能做到政务服务“不打烊”、“不断档”，让企业和群众安全、安心在家就能把事办好，真正做到政务服务“零跑腿”，从而最大限度降低疫情对经济社会发展的影响。
	经济社会是一个动态循环系统，不能长时间停摆。当前，疫情防控形势积极向好的态势正在拓展，经济社会发展正在加快恢复。可以预期，精准稳妥推进复工复产，把疫情的影响降到最低，把压力转化为转型升级的动力，中国经济必将在“众人拾柴火焰高”的热潮中释放巨大潜力和强大动能，始终不会改变大河东流的奔腾之势。
【编辑:田博群】
</body></doc>