<doc><id>1293</id><url>http://www.chinanews.com/ty/2020/03-05/9114871.shtml</url><title>东京奥运会鼓励代表团派出男、女两名旗手</title><datetime>2020-3-5 16:41:00</datetime><body>	新华社洛桑3月4日电国际奥委会4日宣布，鼓励参加2020年东京奥运会的各个代表团在开幕式上派出男、女各一名运动员作为旗手。
	“我们更改了规则，允许各奥委会选派男、女各一名运动员在开幕式上一同作为旗手。”国际奥委会在声明中表示，“我们鼓励参加东京奥运会的各个奥委会用好这一新修改的规则。”
	国际奥委会还表示，东京奥运会是历史上首届性别平等的奥运会，女性参与比例将达到48.8%。
	国际奥委会执委会会议补充称，本届奥运会将首次实现全部参赛代表团中至少有一名男性运动员和一名女性运动员，难民代表团也是如此。

【编辑:苏亦瑜】
</body></doc>