<doc><id>1294</id><url>http://www.chinanews.com/gn/2020/03-05/9114870.shtml</url><title>人民网评：闪耀的 “一滴水”，新时代雷锋精神的新延续</title><datetime>2020-3-5 16:41:00</datetime><body>	“如果你是一滴水，你是否滋润了一寸土地？如果你是一线阳光，你是否照亮了一分黑暗……”灾疫当前，再读雷锋同志的信函，回顾他的事迹，更有体悟：“雷锋”很近，你我他都能成为一滴水、一线阳光，滋润彼此，温暖彼此，共同守护着世间所有的美好。
	雷锋精神早已融入我们的血液、内化于心，镌刻在一个群体、一个民族的文明基因中。50多年前，它在中华大地上闪耀；半个多世纪后，它在中华大地上更加浓厚深沉。它总能将细小而深刻的感动、平凡又伟大的故事定格在时间与历史的记忆中。总能凝聚起最强的一股力量，描绘出最美的一幅画面。
	“若一去不返，便一去不返！”这是参建火神山医院建筑工长李旭阳的决心；“就算倒在一线，我也无怨无悔。”这是坚守在一线岗位民警许小峰的誓言；“明天，谁跟我上？”这是科室姐妹们早已熟悉的老护士长陈静的口头禅。在这场突如其来的疫情狙击战中，一张张“口罩脸”、一个个被汗水湿透衣背的身影，都演绎着“一滴水也能折射出耀眼光芒”的雷锋精神，传递着感动，表达出人性与民族性的光辉。
	疫情面前，“雷锋”无处不在。小区封闭，帮人买菜、配送的“团长”是“雷锋”；提供“点对点、门对门”服务，帮助“心急火燎”的人上工地的客运员是“雷锋”；坚持要捐出9000元的七十多岁拾荒老人是“雷锋”；顶着压力自费为内地同胞买口罩的香港警察是“雷锋”……雷锋精神，已经转化为一种朴素且常见的情感，时时映照我们心中。
	“世界很小，是个家庭。”疫情之下的人们体会着健康的重要，更对人与人之间的关系、人与社会的关系、人与国家和民族的关系有了新的判断与认知。“如果你是一颗粮食，你是否哺育了有用的生命？如果你是一颗最小的螺丝钉，你是否永远坚守在你生活的岗位上？”隔离在家的人在追问，战斗在抗疫一线的人在体悟，走在复工复产路上的人在践行。做好自己，守护彼此，用善良的心，顶起自己的那份责任，呵护着我们心中的光。这样的每一滴水，既是凡人，也是英雄，都是我们这个社会的支柱和最好的财富。
	“社会犹如一条船，每个人都要有掌舵的准备。”经历一次风雨和摔打，一个人会成长；经历一次挑战和战斗，国家会进步。当我们打赢疫情防控战的时候，相信14亿中华儿女也会更懂得每一个个体的作用和意义，愿作一滴水、一线阳光、一颗粮食和一颗螺丝钉，坚守所坚守的，希望所希望的，催生出更强大的责任感和使命感，凝聚成更澎湃的力量，一起在中华民族复兴之路上披荆斩棘，踏歌前行。
【编辑:田博群】
</body></doc>