<doc><id>1295</id><url>http://www.chinanews.com/cj/2020/03-05/9114851.shtml</url><title>欧莱雅中国总裁兼CEO费博瑞：中国已准备好在复杂世界舞台上扮演更重要角色</title><datetime>2020-3-5 16:40:00</datetime><body>	中新社北京3月5日电(记者魏晞)欧莱雅中国总裁兼CEO费博瑞5日对记者表示，今天，中国已经准备好在复杂世界舞台上扮演更重要角色。世界经济和贸易增长正因包括保护主义和单边主义在内的地缘政治风险而进入疲软，面对复杂的外部环境，中国进一步加大了对外开放。“中国作为全球强劲增长的发动机做出了贡献。”
	欧莱雅当天举行“中国发展战略年度沟通视频会”。费博瑞在会上透露，欧莱雅中国在2019年实现了强劲增长，增幅超过35%，这是15年来最快增长速度。
	他认为，中国实现了GDP增长的结构性改变，消费成长为强大引擎。中国来自年轻消费者和三四线城市的“新消费”将成为经济增长最重要的驱动力。“中国可以为世界发挥巨大作用，同时世界必须为中国带来最好的发展。”
	谈及正在全球蔓延的新冠肺炎疫情，费博瑞说：“中国政府为防控这场疫情而迅速采取的安全措施给我留下了深刻的印象。同时震撼我的是在这场疫情中，中国人民表现出来的韧性、战斗精神、团结和严格的自律。”
	对于疫情对经济的影响，费博瑞在回答记者提问时表示：“我非常有信心，在这段时期内经过一定的波动之后，市场会重振旗鼓，就像我们过去经历过的疫情一样，事后市场的反弹会比以前更强劲。”(完)
【编辑:郭泽华】
</body></doc>