<doc><id>1296</id><url>http://www.chinanews.com/ty/2020/03-05/9114869.shtml</url><title>国际篮联宣布推迟或取消部分赛事</title><datetime>2020-3-5 16:40:00</datetime><body>	新华社北京3月5日电据国际篮联官网消息，受新冠肺炎疫情影响，国际篮联将推迟或取消部分赛事。其中，东京奥运会的三人篮球奥运会资格赛也被推迟。
	国际篮联三人篮球奥运会资格赛原计划于本月18日至22日在印度班加罗尔举行，目前已确定将推迟举行。但由于本次资格赛必须在4月24日至26日在匈牙利布达佩斯举行的奥运会资格赛附加赛之前举行，因此国际篮联正在与国际奥委会进行沟通，将根据现实情况寻找最佳解决方案。
	东京奥运会将是三人篮球首次亮相奥运赛场。
	此外，原计划于5月在长沙举办的国际篮联三人篮球亚洲杯调整至9月举行。计划于6月初在马来西亚举办的国际篮联三人篮球U17亚洲杯也将改期至10月举行。
	国际篮联U16篮球亚锦赛和国际篮联U16女篮亚锦赛取消。
	原定于3月13日在塞内加尔开赛的非洲篮球联赛也将推迟举行。
【编辑:苏亦瑜】
</body></doc>