<doc><id>1297</id><url>http://www.chinanews.com/sh/2020/03-05/9114867.shtml</url><title>10岁蒙古女孩捐出零花钱、韩国新任总领事逆行武汉……这些国际友人的支持令人感动</title><datetime>2020-3-5 16:40:00</datetime><body>	10岁蒙古女孩捐出零花钱、韩国新任总领事逆行武汉……这些国际友人的支持令人感动
	在今天(5日)上午举行的国新办新闻发布会上，外交部副部长马朝旭讲述了在抗疫战斗中，国际友人向中国伸出援手的感人故事。他表示，疫情是暂时的，友情和合作是长久的，对于国际社会提供的同情和支持，中国人民将铭记在心。
	马朝旭：截至3月2日，共有62个国家和7个国际组织向中国捐赠了口罩、防护服等等中国急需的疫情防控物资。这里边不光是数字，也有很多感人的故事，比如说缅甸政府向我们提供大米，斯里兰卡向我们提供红茶，蒙古向我们捐赠3万只羊，巴基斯坦拿出全国医院库存的口罩提供给我们，所以这些捐助应该说是雪中送炭，患难见真情，我们将铭记在心。
	大家可能也都听说过一个感人的故事，蒙古有一个在华读书的10岁的小姑娘，她拿出自己的999元零花钱，分别捐给湖北等中国三个地方，每个地方捐333元。她表达她的一个愿望：希望病毒能够快快散去。这个良好的祝愿使人们非常感动。
	另外一个例子，比如说韩国，新任驻武汉总领事逆行抵达武汉，像这样的例子还有很多，表达了，也体现了国际社会同中方共同抗击疫情这样一个良好的愿望。我们主要是依靠自己的力量来应对疫情，同时我们也感谢国际社会对我们提供的真诚的援助。
	疫情是暂时的，友情和合作是长久的，对于国际社会对我们提供的同情和支持，中国人民将铭记在心。
【编辑:朱延静】
</body></doc>