<doc><id>1299</id><url>http://www.chinanews.com/gn/2020/03-05/9114863.shtml</url><title>外交部连用十个成语阐述疫情下的国际合作</title><datetime>2020-3-5 16:38:00</datetime><body>	外交部连用十个成语阐述疫情下的国际合作
	3月5日上午，国务院新闻办公室举行新闻发布会，介绍抗击疫情国际合作有关情况。
	在发布会上，外交部副部长马朝旭强调，在全球化的时代，各国的命运是相连的，应该说是休戚相关。人类社会是一个你中有我、我中有你的共同体，面对疫情，任何一个国家都难以独善其身，面对公共卫生安全这样的全球性挑战，是同舟共济还是以邻为壑，是并肩作战还是隔岸观火，是雪中送炭还是落井下石，这个答案是不言自明的。谭德塞总干事有一句话说得好，他说病毒已经发起进攻，我们必须加入人类抗击病毒，并最终取得胜利的大合唱中，这是对我们每一个人的威胁，我们必须团结如一人。
	习近平主席提出的构建人类命运共同体的理念，超越了各国社会制度、历史文化和发展阶段的差异，彰显了人类共同的价值追求，顺应了历史的潮流，直面当今世界最重要、最紧迫的问题。那么重大公共卫生安全事件是人类当前所面临的最大的考验之一，在这场全球战“疫”中，国际社会一定要同舟共济、守望相助、共同战斗。我们将进一步推动构建人类命运共同体，加强国际协调合作，同各国一道来战胜疫情，来推进国际公共卫生领域的合作，推动国际卫生事业的发展。

【编辑:朱延静】
</body></doc>