<doc><id>130</id><url>http://www.chinanews.com/gj/2020/03-03/9112414.shtml</url><title>叙政府军向伊德利卜发射导弹 造成9名平民死亡</title><datetime>2020-3-3 19:43:00</datetime><body>	中新网3月3日电据法新社报道，当地时间3日，叙利亚政府军向伊德利卜发射导弹，造成9名平民死亡，其中包括5名儿童。
	据悉，该导弹击中反政府武装控制的城市的一个居民区。
	另外，当地时间3日，土耳其国防部宣布，在伊德利卜击落叙利亚军方的一架L-39飞机。
	伊德利卜与土耳其接壤，是叙利亚反对派武装和极端组织在叙境内控制的最后一块主要地盘。
	2018年9月，俄土两国领导人商定在伊德利卜划设非军事区，推动叙政府军与反对派武装以实现停火，土方以“监督停火”名义在伊德利卜设立12个观察点。然而，这一地区局势持续动荡。土俄双方、叙反对派和政府军之间一直互指对方违反停火协议。
	2019年12月以来，叙利亚政府军在俄罗斯军事支持下，在伊德利卜与土耳其支持的叙反对派武装激战。2020年2月27日，土军在伊德利卜遭叙政府军空袭，人员伤亡严重。
【编辑:何路曼】
</body></doc>