<doc><id>1301</id><url>http://www.chinanews.com/gn/2020/03-05/9114842.shtml</url><title>【地评线】大河网评：让雷锋精神在战疫一线闪耀</title><datetime>2020-3-5 16:27:00</datetime><body>	3月5日，是毛泽东“向雷锋同志学习”题词发表57周年纪念日，这一天习惯上被人们称为“学雷锋日”。57年来，雷锋精神犹如一座永不熄灭的灯塔，引领和激励着中国一代又一代人奋勇前行，影响和塑造着人们的精神世界。在雷锋身上我们看到了热爱祖国、热爱人民的思想境界，助人为乐、奉献社会的高尚精神，干一行、爱一行、钻一行的敬业精神，锐意进取、自强不息的奋斗精神。雷锋精神，是我们中华民族宝贵的精神财富。时至今日，雷锋精神也是我们打赢疫情防控阻击战的有力武器。
	在这场严峻的斗争中，总有一种力量让我们热泪盈眶。广大党员干部舍小家顾大家，冲锋在前、一线作战，充分发挥了先锋模范作用；广大医务人员义无反顾、挺身而出，展现了救死扶伤、医者仁心的职业操守；此外，还有广大公安民警、疾控工作人员、社会工作者等坚守岗位，广大志愿者真诚奉献、不辞辛苦，社会各界捐款捐物彰显平凡大爱……他们爱岗敬业、默默奉献、全心全意为人民服务，战疫一线处处闪耀着雷锋精神的光芒，为全国上下打赢疫情防控阻击战注入了强劲动力。对于我们每一个人来说，都要积极大力弘扬雷锋精神，从身边的平凡事做起，在实践中践行雷锋精神。
	弘扬雷锋精神，给困难群体多一些关爱。现实中，疫情给一部分群体的正常生活造成了影响，特别是一些特殊群体和困难群众，由于抵抗风险的能力较弱，容易陷入困境。比如，在疫情防控期间，很多贫困户的农产品不知道怎么卖出去；有些留守儿童在爷爷奶奶的照顾下，有可能面临心理和生活难题，等等。这就需要我们大力弘扬雷锋精神，多给困难群体一些帮助和关爱，对因疫情在家隔离的孤寡老人、困难儿童、重病重残人员、低保对象等特殊群体加强走访慰问，及时提供帮助。同时，积极帮助拓宽农产品销售渠道，助力贫困户增收致富；为困难地区捐款捐物，送温暖、献爱心……通过大力弘扬雷锋精神，让社会充满爱、充满温暖。
	弘扬雷锋精神，立足本职做最美敬业人。战疫不松懈，发展不停歇，奋力夺取战疫发展双胜利，我们每一个人都是主角。对于我们每一个人来说，大力弘扬雷锋精神，立足本职干好工作，就是在为夺取双胜利做贡献。比如，对广大党员干部来说，要拿出“咬定青山不放松”的韧劲，在产业发展、脱贫攻坚等重点工作的推进上，出实招、办实事、求实效、不懈怠；对科研人员来说，要立足本职岗位，开展科技攻关，加快新产品的研发及成果转化；对医务人员来说，要秉承敬佑生命、救死扶伤、甘于奉献、大爱无疆的精神，发挥火线上的中流砥柱作用，全力以赴与病毒较量、救治患者。奋斗的人生最精彩，让我们脚踏实地、务实重干，用行动诠释雷锋精神。
	雷锋精神，人人可学，处处可为，疫情防控期间深入开展学习雷锋活动，大力传承弘扬雷锋精神，能够为打赢疫情防控阻击战注入强劲动力。让我们向雷锋同志学习，把雷锋精神融入血液践于行动，从点滴做起，从小事做起，传递正能量，感染其他人，让雷锋精神在战疫一线闪耀。
【编辑:田博群】
</body></doc>