<doc><id>1302</id><url>http://www.chinanews.com/gn/2020/03-05/9114841.shtml</url><title>铁路部门战“疫”运输两不误，精准施策“答考卷”</title><datetime>2020-3-5 16:27:00</datetime><body>	【地评线】铁路部门战“疫”运输两不误，精准施策“答考卷”
	国铁集团在抓好疫情防控的同时，全力以赴确保铁路“大动脉”始终保持安全畅通，加强物流组织，高效运送防控物资和保障经济社会发展的重点物资，有力推动产业链各环节协同复工复产。
	2月份，全国铁路累计发送货物3.1亿吨，同比增加1332万吨，增长4.5%，其中，集装箱运量完成2661万吨，同比增长39.5%；全国铁路日均装车17.1万车，同比增加4945车；自2月17日以来，每日发送货物已连续13天在1100万吨以上。这充分说明“统筹做好疫情防控和经济社会发展，既是一次大战，也是一次大考。”助力各地方打赢新冠肺炎疫情防控阻击战、服务经济实现全年发展目标，是当下疫情防控到了最吃劲的关键阶段，摆在铁路部门面前必须答好、答对的现实考卷。
	面对战“疫”和货物运输组织两大考题，中央有部署，铁路有行动。为了坚决打赢新型冠状病毒肺炎疫情防控阻击战，铁路在党中央集中统一领导下相继推出多项举措，比如中国国家铁路集团有限公司集中力量，开足马力加紧组织重点物资的运输，各地铁路货运部门为发运企业定制专属运输方案，开辟绿色通道，优先办理、优先装车、优先发运，提前了解货源到站情况，科学制订运输方案。遇到空车来源紧张情况时，按照“压一般、保重点”的原则，提高装卸车速度，确保空车优先用于重点物资运输。另外运用“互联网+”操作模式，借助微信、电话等形式加强与产品经销商的联系对接，积极帮助解决实际问题。可以说，铁路运输有序，彰显社会责任，保持经济社会平稳运行。
	铁路部门拥有“人民铁路为人民”的优良传统，无论是抗震救灾、抗洪救灾等困难时期，还是平常的经济建设时期，情况越是危急、任务越是紧迫，铁路部门越能发扬特别能吃苦、特别能战斗的精神，扛起了一次次运输重任。为了能保证安全运输，无数的铁路人躬身担当、奋力拼搏。因此，面对当下的新冠疫情，铁路部门有信心、有能力挑好社会责任和运输重担。
	铁路部门的一系列重大举措，竭尽所能为防控疫情和企业发展献智慧供能量。在这场没有硝烟的战争中，铁路部门不忘初心，牢记使命，勇于担当起“交通强国，铁路先行”的历史使命。我们坚信，待到万物复苏、春暖花开之时，疫情一定会散去，铁路部门必将交上一份让祖国和人民十分满意的答卷。(李轩)
【编辑:田博群】
</body></doc>