<doc><id>1306</id><url>http://www.chinanews.com/gn/2020/03-05/9114830.shtml</url><title>【地评线】香山评论：让“雷锋精神”在“疫”线闪耀光芒</title><datetime>2020-3-5 16:23:00</datetime><body>	今年3月5日是第57个“学雷锋纪念日”。但这个“纪念日”比较特别。此刻，全国上下正在和疫情做着顽强的斗争，许多党员干部舍小家顾大爱，不畏艰辛、冲锋在前，以实际行动在战“疫”一线践行着雷锋精神，用实干担当纪念雷锋同志。
	雷锋精神是我们党的宝贵精神财富，是保持共产党员初心本色的重要载体。当前，疫情防控工作到了最吃劲的关键阶段，广大党员干部需要从思想上认识到雷锋精神是永恒的，在行动中向雷锋同志学习，坚定理想信念、发扬忘我精神、激发进取锐气、践行为民宗旨，在战“疫”一线冲锋陷阵，让“雷锋精神”照亮战“疫”之路。
	在“疫”线坚定理想信念。“我一心向着党，向着社会主义，向着共产主义。”“当祖国和人民处在最危急的关头，我就挺身而出，不怕牺牲。”这是雷锋同志坚定理想信念的真切描述。理想信念是共产党人精神上的“钙”，只有理想信念坚定了，我们才能经受住挫折的考验，才能坚强有力，无坚不摧，无往不胜。因此，面对疫情的考验，广大党员干部一定要向雷锋同志学习，加强党性修养，筑牢信仰之基，在危难关头，敢于挺身而出，以实际行动守护人民群众的生命安全和身体健康。
	在“疫”线发扬忘我精神。“如果你是一滴水，你是否滋润了一寸土地？如果你是一线阳光，你是否照亮了一分黑暗？如果你是一颗粮食，你是否哺育了有用的生命？如果你是一颗最小的螺丝钉，你是否永远坚守着你生活的岗位？”这些问句里饱含雷锋同志的忘我精神。当前，战“疫”胶着，需要我们广大党员干部发扬忘我精神，无论是战斗在医疗一线、基层一线，还是扎守在物资保障的大后方，都需要进一步强化责任意识和担当精神，坚守各自的岗位，各尽所能、各展所长，做到守土有责、守土负责、守土尽责，为疫情防控默默助力。
	在“疫”线激发进取锐气。“我愿在暴风雨中，艰苦的斗争中锻炼自己，不愿在平平静静的日子里度过自己的一生。”“钉子有两个长处：一个是挤劲，一个是钻劲。我们在学习中，也要提倡这种钉子精神，善于挤，善于钻。”这是雷锋同志进取锐气的生动写照。疫情防控阻击战，其实也是一场与病毒赛跑的科技战。打赢这场战役，必须在药物研制、疫苗研发等方面快速突破。这就需要广大党员干部发扬钻研精神，以永不满足、永不懈怠的态度，带头向科学要答案、要方法，加速科研攻关，在病毒溯源，检测试剂、药物、疫苗研发等方面快速取得“硬核”成果。
	在“疫”线践行为民宗旨。“我活着，只有一个目的，就是做一个对人民有用的人。”这是雷锋同志践行我们党全心全意为人民服务的根本宗旨时喊出的铮铮誓言。对广大党员干部而言，在当前的疫情防控工作中践行为民宗旨，就是要把人民群众生命安全和身体健康放在第一位。人民群众的生命安全是社会发展进步的根基，人民群众的身体健康是实现中华民族伟大复兴和国家永续发展的本钱。广大党员干部一定要学习雷锋同志的大爱胸怀，咬紧牙关不放松，切实把疫情防控工作抓实抓细抓落地，为人民群众的健康保驾护航。
	雷锋，一个闪光的名字，影响了一代又一代中国人。如今，在疫情防控的战场上，广大党员干部要争做雷锋精神的“种子”，将雷锋精神传承下去，让“雷锋精神”在“疫”线闪耀光芒。(文/方鸿涛)
【编辑:田博群】
</body></doc>