<doc><id>1307</id><url>http://www.chinanews.com/sh/2020/03-05/9114828.shtml</url><title>“90后”护士张竞文：期待樱花树下看落英缤纷</title><datetime>2020-3-5 16:23:00</datetime><body>	【同心战“疫”】
	她叫张竞文，一个“90后”徐州姑娘。
	她是江苏徐州第五批援助湖北武汉医疗队队员，徐州市儿童医院重症医学科的一名护士。
	3月4日，是她到湖北武汉的第21天。
	她说：“每天醒来，第一件事就是拿起手机，看一看感染人数和治愈人数的变化。数字在一增一减之间振奋人心，这说明我们打赢这场战“疫”的日子不远了，回家团圆的脚步更近了。”
	一代人有一代人的长征，一代人有一代人的担当。面对这次疫情大考，这股来自战“疫”一线的青春力量时刻在温暖和感动着我们。
	面对镜头，谈起自己的工作，张竞文坚定的表示，国有难召必回，这是作为医护人员的责任，更是神圣的使命。她期待着樱花树下看落英缤纷的美好时刻。(光明网记者袁晴)
【编辑:苏亦瑜】
</body></doc>