<doc><id>131</id><url>http://www.chinanews.com/cj/2020/03-03/9112417.shtml</url><title>月销售收入10万元以下小规模纳税人今年继续免增值税</title><datetime>2020-3-3 19:42:00</datetime><body>	今天(3日)下午，国务院联防联控机制召开新闻发布会，介绍为疫情防控和复工复产提供财税政策支持有关情况。
	国家税务总局总审计师兼货物和劳务税司司长王道树：
	这一次，针对小微企业和个体工商户的税费减免的政策比较多。既有对个体工商户复工复业、减征或者免征增值税的政策，例如湖北是免征的、湖北以外的其他地区是减1%增收率征收的，还有小微企业个体工商户也可以享受国家出台的其他针对疫情防控的若干税收优惠政策。
	并且，去年以来出台的，针对月销售收入在10万元以下的小规模增值税纳税人的免税政策，今年可以继续享受。(总台央视记者李雯婷乔全兴张熙史迎春)

【编辑:田博群】
</body></doc>