<doc><id>1311</id><url>http://www.chinanews.com/sh/2020/03-05/9114825.shtml</url><title>于春雨：战“疫”场上“铿锵玫瑰”别样红</title><datetime>2020-3-5 16:22:00</datetime><body>	【一线抗疫群英谱】
	光明网记者袁晴
	她，是冲锋在战“疫”一线的“铿锵玫瑰”，是临危受命的党支部副书记。在武汉，她凭借医者仁术治病救人，同时也将党旗在疫情一线高高擎起。她就是江苏徐州第三批援鄂医疗队队员，徐州市第一人民医院神经内二科副主任医师于春雨。
	时刻准备冲到一线
	于春雨说：“2019年的春天，我第一次来到武汉，登黄鹤楼，赏樱花，品武昌鱼，吃热干面，感受大江大湖大武汉的人文情怀，对这座美丽的城市印象深刻，流连忘返。”
	2020年的春天，来不及多想，她主动写下请战书，时刻准备着冲到一线。
	命令，很快来了。2月9日早晨，于春雨接到了前往武汉的消息，并于当天晚上跟随江苏医疗队大部队抵达武汉。
	进入武汉后，工作异常忙碌，医疗队需要学习和培训考核的事情很多。除了这些，于春雨还要协调各种大小事务，关注全队的思想情况，帮助队员疏导情绪，要保护好所有队员，她深感责任重大。
	虽然辛苦但毫无怨言
	在武汉疫情一线，于春雨作为支援武汉体育中心方舱医院二舱的医疗组长，她承担的是500多名新冠患者的救治任务。
	“连续几天没有新入舱的病人了，查房时很多老病人症状也都大有好转，复查的核酸结果中越来越多的病人转阴了，CT病灶减小了，3月2日出舱的病人更是首次破了百。”于春雨兴奋地说。
	病人少了，于春雨和战友们的工作量却没有减少。出院病人激增，大量的文书工作要处理，舱内电脑系统无法满足，他们抽调了一批医生专门开设了舱外病历班，舱内医生减少，排班比较密集，辛苦也就在所难免。
	于春雨说：“最近我们加大了核酸和CT的筛查力度，抽调了一批呼吸科的医生开设了采集咽拭子专班。虽然辛苦，但是大家毫无怨言，看到越来越多的病人通过大家的共同努力治愈出院，真的很开心。”
	发挥党支部战斗保垒作用
	作为江苏徐州第三批援鄂医疗队临危受命的党支部副书记，于春雨在战“疫”一线，积极发挥党员模范带头作用，守初心，承使命，率领医疗队员共战“疫”魔，充分发挥党支部战斗保垒作用。
	作为第一批进舱的医生，她和7名医疗队员，不分昼夜为500多名新冠患者进行评估筛查，以最快的速度保障了患者的治疗需求。
	她在战“疫”日志中写道：我不是一个人在战斗，我们并不孤单。
	这朵绽放在疫情战线的“铿锵玫瑰”，用她的实际行动践行了一名党员医生的初心使命！
	“相信等疫情结束，这些都将是我们的财富和美好的回忆。”于春雨说。
【编辑:苏亦瑜】
</body></doc>