<doc><id>1313</id><url>http://www.chinanews.com/sh/2020/03-05/9114817.shtml</url><title>云南3所学校因疫情防控失职失责被通报</title><datetime>2020-3-5 16:20:00</datetime><body>	(抗击新冠肺炎)云南3所学校因疫情防控失职失责被通报
	中新网昆明3月5日电记者5日从云南省教育厅获悉，近日，云南省纪委省监委驻省教育厅纪检监察组(下称“驻省教育厅纪检监察组”)通报云南农业大学、云南体育运动职业技术学院、云南文化艺术职业学院3起省属学校在疫情防控工作中失职失责的典型问题，多名相关负责人被问责。
	通报称，近期，驻省教育厅纪检监察组对在昆12所学校校园疫情防控工作开展明察暗访，检查发现云南农业大学、云南体育运动职业技术学院、云南文化艺术职业学院疫情防控工作抓而不实、抓而不细，学校门禁管理不严格、值班人员擅离职守等问题，对上述学校有关人员的失职失责行为予以问责，并通报曝光。
	其中，给予云南农业大学保卫处处长金某某、党校办副主任黎某诫勉问责；给予云南体育运动职业技术学院党政办主任李某、值班人员董某某诫勉问责；给予云南文化艺术职业学院保卫处处长周某某诫勉问责。
	通报指出，当前，教育系统即将面临学生复课复学带来的人员流动和人群聚集风险，必须高度警惕麻痹思想、厌战情绪、侥幸心理、松劲心态。要从通报中吸取教训，以问题为导向，认真开展自查自纠，强化责任担当。
	通报还要求，各学校纪委切实履行职责，围绕疫情防控和安全有序推进复课复学的各项工作，紧盯疫情防控责任分解落实、重点工作、重点环节、重要岗位，针对学校职能部门、二级院部、干部教师在疫情防控中履职尽责情况开展监督检查，从严从重从快查处落实疫情防控工作要求失职失责等问题，为坚决打赢学校疫情防控总体战、阻击战提供坚强纪律保障。(完)
【编辑:郭泽华】
</body></doc>