<doc><id>1316</id><url>http://www.chinanews.com/gn/2020/03-05/9114816.shtml</url><title>【地评线】紫金e评：致敬！火神山上“不灭的灯光”</title><datetime>2020-3-5 16:18:00</datetime><body>	“我想写一首组诗，名字叫《火神山上不灭的灯光》；想写一篇文章，题目是《火神山上的来客》；还想写更辛苦的护士的一天……”一位军队支援湖北医疗队的队员、抗疫“主战场”火神山医院的医生，在《火神山日记》中讲述了身边亲历的抗疫故事，读来令人唏嘘动容。
	夜深灯火如白昼，呕哑弦管喧繁音。夜深人静，火神山医院闪耀的灯光，成为武汉“夜空中最亮的星”。自大年初一正式开建以来，火神山上的灯光就亮了起来，已经亮了40多天。此前，建设者们在举国目光注视下不舍昼夜抢工赶工，通明不熄的灯火，标注了惊人的“中国速度”；此刻，火神山医院的医护人员们奋战一线、分秒必争，温暖明亮的灯光，记录着一场场与时间赛跑、与死神抢人的“生命保卫战”。火神山上不灭的灯光，照亮了黑夜，照暖了人心，照见了希望。
	这是璀璨夺目的奉献之光。疫情之前，医护人员也是普通人，身披白甲，他们瞬间变为战士。据统计，已有330多支医疗队，超过4万名医务工作者从全国各地支援湖北。有人主动请战，有人提前返岗，有人连续作战，有人甚至不幸殉职……一腔仁心赴国难，医院就是战场，岗位就是阵地。面对病毒感染风险和患者死亡的巨大压力，面对防护物资紧缺和高强度运转的严峻挑战，他们用生命守护生命、以责任诠释担当，竭尽全力科学救治，为每位患者带来光明和希望。有人说，倘若把通往病房的路连成线，医护人员的双脚走过的距离，不知道能绕地球多少圈。灯不熄，人不寐，他们的艰辛付出和无私奉献，他们防护服上的名字和汗水，头顶的灯光会照见，患者的内心会铭记。致敬，最美逆行者！致敬，灯火守护人！
	这是生生不息的希望之光。雨骤，打不湿鸭子的翅膀；狂风，吹不灭萤火的灯光。再大的困难来临，只要心中有希望，就会有无穷的力量，不断向前迈进。最新数据显示，全国疫情防控总体形势持续向好。伴随有序有力的返工返岗、高质量的复业复产，我们的城市正在按下“重启键”，恢复往昔的活力和光彩。基于“灯光指数”和经济表现的显著正相关关系，相信不用过太久，城市的车水马龙、璀璨霓虹和万家灯火就会交相辉映，扮靓半空夜色，也点亮人们的美好生活。
	这是薪火相传的精神之光。举国共战疫，全民齐上阵。我们看到，有无数坚守岗位的基层干部、社区物管、环卫工人、快递人员等，他们默默无闻，却又闪闪发光。我们也看到，对凡人英雄的极高礼赞和不吝褒奖，已成为人心所向、时代所需和社会共识。在全国人民“关门大吉”的祝福声中，火神山的灯光或许有天会熄灭，但灾难之中闪耀的精神之光永远不会熄灭。这灯光，照出人与人之间的真诚勇敢和守望相助，照出中华民族的浩然正气和自强不息，照亮了中华大地，升腾成永不褪色的时代记忆——星星之火不灭，精神之光永存！(陈立民)
【编辑:田博群】
</body></doc>