<doc><id>1317</id><url>http://www.chinanews.com/cj/2020/03-05/9114806.shtml</url><title>疫情期间成都办理内、外资企业设立1683户</title><datetime>2020-3-5 16:18:00</datetime><body>	(抗击新冠肺炎)疫情期间成都办理内、外资企业设立1683户
	中新网成都3月5日电(王鹏岳依桐)记者5日从四川省新型冠状病毒肺炎疫情防控工作第十三场新闻发布会获悉，通过压缩企业开办时间，引导新办企业、个体工商户网上办理，截至3月4日，疫情期间成都累计完成企业名称网上自主申报4296件，办理内、外资企业设立1683户，办理个体工商户设立18028户。
	成都市市场监管局党组成员、副局长汤毅介绍，成都市企业准入许可的办理量很大，按照四川省市场监管局出台的《十一条措施》，成都出台《支持企业复工复产17条措施》，从优化市场准入服务、实施包容审慎监管、加强质量技术服务保障、做好知识产权服务、开通绿色服务通道、维护市场秩序等六个方面入手，帮助企业共克时艰、共渡难关。
	考虑到疫情期间，民众不便出门办理各类市场监管的许可事项，成都还制定了《优化政务服务的实施细则》，推出了“全程网上办”“掌上办”“政银合作办”“预约办”，实行“容缺受理”等10条具体举措。
	此外，成都根据不同的领域，制定了支持指导企业和个体工商户复工复产、食品生产企业复工复产的措施。例如，企业简易注销公告期满30天后应办理登记，但经办人因隔离或还在外地，暂时无法前往办理的，将办理期限延长了45天。
	汤毅介绍，在提供便捷登记审批服务方面，成都开辟绿色通道，对涉及疫情防控的事项和企业实行特事特办、急事急办。特别是积极支持企业及时转型，变更经营范围，对增加“生产销售防疫类物资”等申请第一时间办结。
	对因疫情影响无法按计划实施现场核查的获证企业，可延期至疫情解除后办理。对符合条件的防疫相关行政许可，采取电子材料网上预审、延期评审、远程监控评审、告知承诺与专家文审等方式作出决定，疫情解除后及时组织后续核查监督工作。
	对疫情期间相关许可证到期的企业，成都延长有效期至疫情解除为止，疫情解除后立即办理。营业执照登记事项发生变化不能及时办理变更的，延期至疫情解除后一个月内办理。对因疫情影响无法按期申请办理复查换证的企业，可以延期至疫情解除后办理，证书有效期延长至疫情解除后3个月。
	汤毅表示，四川省对特种设备相关许可证、核准证有效期届满不足6个月的，可以办理许可证延期，延长的有效期不超过1年。还鼓励符合条件的特种设备生产单位采取自我声明承诺的方式免评审换证。(完)
【编辑:郭泽华】
</body></doc>