<doc><id>1318</id><url>http://www.chinanews.com/cj/2020/03-05/9114814.shtml</url><title>江右时评：全力以“复”坚定企业发展信心</title><datetime>2020-3-5 16:17:00</datetime><body>	【地评线】江右时评：全力以“复”坚定企业发展信心
	经济社会是一个动态循环系统，不能长时间停摆。正是在这样的前提和背景下，各地在抓好疫情防控工作的同时，分区分级精准有序推动企业复工复产。一项项真金白银的政策和措施，既在特殊时期温暖了企业的心，更坚定了企业战胜疫情开拓发展的信心。
	复工复产，其实并非易事。一方面面临着疫情防控的压力，一方面要应对用工、运输等难题，企业要想早一点步入“正轨”，相关部门的政策既要对症更必须给力。企业复工复产的难点和堵点在哪里，各地就坚持从哪里抓起和做起，这样瞄着问题去的精准“滴灌”，无疑让企业的复工复产之路更为顺畅。
	哪些企业需要尽快复工复产，哪些企业可以暂缓复工复产，如果没有科学的依据和判断，不同地方可能就会“花样百出”，既增加了疫情防控的风险，也势必影响经济发展大局。按照中央的要求和部署，坚持分区分级的防控策略，科学划分低、中、高等级，对于符合政策的地区和企业，不以设置审批条件、提高开工门槛等方式限制企业尤其是中小企业复工复产，这就让迫切需要以运转保生存的企业吃下了“定心丸”。
	人的要素是恢复生产最基本且不可缺少的要素，交通运输秩序是连接上下游产业的关键环节，如果只是强调企业要复工复产，这些必要的条件却达不到，复工复产就容易成为“镜花水月”。多地纷纷以包机、专列等方式，帮助企业解决“用工荒”难题；一些技术含量较高的企业，充分利用现代科技，远程开启“云复工”，；各地按照分区分级确定的风险等级，或是全面恢复正常交通运输秩序，或是优化细化交通管控措施……精细精准的分类施策和用心助力，是困难时期企业复工复产的十足底气。
	受疫情影响，一些企业不可避免地在短期内遇到了一定的困难，把这些困难挺过去企业会继续向前发展，反之，如果对这些困难应对不力，企业就会“伤筋动骨”，甚至是“无可救药”。关键时刻“帮一把”，通过缓交企业用能费用、减免房屋租金等措施降低企业成本，通过减免企业增值税、实施税前扣除等措施减轻企业负担，通过压降贷款费率、给予贷款贴息等措施对企业实施金融帮扶……这些“雪中送炭”的举措，帮到了企业的关键处，暖到了企业的心坎里，共渡难关的强大合力，映照着企业发展向前的曙光。
	困难只是暂时的，只要充满信心，就一定能够大获全胜。全力以“复”，让企业在助力和自强中步入“正轨”，疫情防控将获得更有力的支撑，人民群众的生活将有条不紊，中国经济将继续全速前进！
【编辑:田博群】
</body></doc>