<doc><id>1319</id><url>http://www.chinanews.com/gn/2020/03-05/9114813.shtml</url><title>大河网评：筑牢疫情防控“安全线”，按下脱贫攻坚“加速键”</title><datetime>2020-3-5 16:16:00</datetime><body>	【地评线】大河网评：筑牢疫情防控“安全线”，按下脱贫攻坚“加速键”
	统筹抓好疫情防控和脱贫攻坚工作，既是一次大战，也是一次大考，能否夺取战疫战贫双胜利，关系人民群众生命安全和身体健康，关系全面建成小康社会、完成“十三五”规划，这也是摆在广大党员干部面前最直接最现实的考验。对于广大党员干部来说，在全力抓好疫情防控工作的同时，更要切实抓好脱贫攻坚工作，不妨借疫情“大考”，补齐扶贫领域突出短板，强化为民服务意识，紧紧抓住“三条线”，确保战疫战贫双战双捷。
	守好疫情防控的“底线”。当下，各地正陆续开始复工复产，人民群众的生产生活正渐渐恢复正常，人员流动密集，相互之间的接触更为频繁，稍有放松就有可能造成疫情蔓延。我们必须清醒地看到，疫情没有“时差”，更不会原地踏步坐等我们消灭。我们要坚决贯彻落实习近平总书记关于疫情防控工作的重要讲话精神，全面落细落实“坚定信心、同舟共济、科学防治、精准施策”总要求，把打赢疫情防控阻击战作为重大政治任务，记在心里、扛在肩上、抓在手上，强化舆论引导，充分发动人民群众，坚持联防联控、群防群控，严密防控疫情，全力救治患者，加强应急保供，齐心协力打好疫情防控阻击战。
	把好脱贫攻坚的“主线”。“低头有坚定的脚步，抬头有清晰的远方。”路径清晰，脚步才可以明快而坚定。今年是脱贫攻坚的决战决胜之年，虽然受到新冠肺炎疫情的影响，但扶贫工作不能因此掉链子。要想打赢脱贫攻坚战，就要紧盯上级关于脱贫攻坚工作的各项决策部署，突出重点抓好政策落实，把疫情耽误的时间抢回来，把疫情造成的影响补回来。广大党员干部要全面分析研判疫情影响，对工作中发现的新情况新问题，动态监测，科学评估，迅速行动，落实针对性帮扶举措。比如，针对带贫企业，开展“点对点”精准帮扶，优化程序、提高效率，加快扶贫企业复工。在用好用足扶贫资金方面，要坚持立足于早，具备条件的扶贫项目要加快实施进度。同时，要吃透上级的政策精神，保障就业扶贫平稳推进，在全面摸清贫困劳动力务工意愿的基础上，组织好贫困劳动力转移就业，为完成脱贫攻坚任务扫清障碍。
	接好为民服务的“地线”。情暖百姓照初心，一枝一叶总关情。疫情当前，对于人民群众尤其是贫困群众来说，他们最需要的就是党和政府关心，广大党员干部在认真落实各项疫情防控措施的同时，更要比平时投入更多精力关心帮助群众。农产品受疫情影响，农民朋友遇到“卖难”困局；疫情影响下，如何帮助农民工就业；如何做好与贫困群众的沟通工作，摸清疫情对每个贫困家庭造成的影响……这些都是在疫情影响下迫切需要党员干部解决的现实问题。我们欣喜地看到，在解民忧、办实事方面，各地都在积极行动，帮扶干部上门解忧，积极主动联系买家，为群众破解农产品滞销难题；扶贫干部与上级积极沟通协调，开辟“菜篮子”绿色通道，打通农产品流通“最后一公里”等等，广大党员干部在战疫一线诠释了初心使命，践行了为民宗旨。只要我们始终坚持为民服务的初心，就一定能够凝聚起战疫战贫的强大合力。
	惟其艰难，才更显勇毅；惟其笃行，才弥足珍贵。大战尚未结束，大考还在继续，面对疫情防控、脱贫攻坚的双重考验，广大党员干部要拿出逢山开路的拼劲儿，拿出久久为功的韧劲儿，拿出一心为民的亲劲儿，严守疫情防控“主战场”，唱响脱贫攻坚“最强音”，用实际行动交出双胜利的合格答卷。（王学明）
【编辑:田博群】
</body></doc>