<doc><id>132</id><url>http://www.chinanews.com/gn/2020/03-03/9112412.shtml</url><title>财政部：今年仅社保费减轻企业负担超10000亿</title><datetime>2020-3-3 19:35:00</datetime><body>	今天(3日)下午，国务院联防联控机制召开新闻发布会，介绍为疫情防控和复工复产提供财税政策支持有关情况。
	财政部社会保障司司长符金陵：
	让企业少交点。我们除了落实税收减免政策以外，最近又出台了社会保险费减免的政策，减轻企业，特别是中小企业的负担。
	企业的养老、失业和工伤三项社会保险费政策阶段性降费实施以后，可以减轻企业负担5100多亿元。同时，指导地方在确保医保基金长期可持续的情况下，地方来决定减征部分的医保基金，这样又可以减轻企业负担1500亿。加上去年我们把企业的单位缴费、养老单位缴费由20%降为16%。这个政策的实施，总共今年仅仅社会保险费减轻企业负担超过1万亿人民币。

【编辑:田博群】
</body></doc>