<doc><id>1322</id><url>http://www.chinanews.com/gj/2020/03-05/9114793.shtml</url><title>外媒：“脸书”一员工确诊感染新冠肺炎 </title><datetime>2020-3-5 16:13:00</datetime><body>	中新网3月5日电据美国福克斯新闻网报道，美国“脸书”(Facebook)公司西雅图办公室一名员工被确诊感染新冠肺炎。美国消费者新闻与商业频道(CNBC)和英国《卫报》均报道了这一消息。据悉，西雅图所在的华盛顿州4日确诊病例达39例，死亡病例10例。
	目前，“脸书”和其他科技巨头公司已经采取措施保护其员工。“脸书”提醒员工关注2月21日最后一个出现在西雅图体育场东办公室的承包商。该办公室将关闭到3月9日，“脸书”公司鼓励员工在家工作到3月底。
	“脸书”一位发言人在一份声明中表示：“我们已经通知了员工，并遵照公共卫生官员的建议，优先考虑每个人的健康和安全。”
【编辑:何路曼】
</body></doc>