<doc><id>1323</id><url>http://www.chinanews.com/gn/2020/03-05/9114808.shtml</url><title>美国会通过涉台消极法案 中方：严重违反一个中国原则</title><datetime>2020-3-5 16:12:00</datetime><body>	中方回应美国会通过涉台消极法案：严重违反一个中国原则和中美三个联合公报规定
	中新网北京3月5日电(黄钰钦)针对美方近日通过涉台消极法案，中国外交部发言人赵立坚5日在例行记者会上表示，有关法案严重违反一个中国原则和中美三个联合公报规定，中方敦促美方采取切实举措阻止有关议案通过成法，慎重妥善处理涉台问题。
	有记者提问，据报道，美国会众议院全会近日审议通过“2019台北法案”。该法案要求美政府根据其他国家调整对台关系情况，相应增加或减少与该国经济、安全、外交联系。下一步该案将在两院统一文本后送交美国总统签署。请问中方对此有何评论？
	赵立坚回应称，美国会有关法案严重违反一个中国原则和中美三个联合公报规定，严重违背国际法和国际关系基本准则，中方对此坚决反对。
	赵立坚指出，一个中国原则是人心所向、大势所趋，也是国际社会普遍共识。世界上已有180个国家同中国建交，美国早在40多年前就在一个中国原则基础上同中国建交，现在却阻挠其他主权国家同中国发展正常国家关系，这毫无道理，是逆时代潮流而动。
	他进一步表示，我们敦促美方恪守一个中国原则和中美三个联合公报规定，遵守国际法和国际关系基本准则，采取切实举措阻止有关议案通过成法，慎重妥善处理涉台问题，以免严重损害中美关系和台海和平稳定。(完)
【编辑:白嘉懿】
</body></doc>