<doc><id>1325</id><url>http://www.chinanews.com/sh/2020/03-05/9114807.shtml</url><title>秦平：驱动消费“主引擎”，助力经济高质量发展</title><datetime>2020-3-5 16:11:00</datetime><body>	【地评线】秦平：驱动消费“主引擎”，助力经济高质量发展
	中共中央政治局常务委员会3月4日召开会议，研究当前新冠肺炎疫情防控和稳定经济社会运行重点工作。会议强调，要把复工复产与扩大内需结合起来，把被抑制、被冻结的消费释放出来，把在疫情防控中催生的新型消费、升级消费培育壮大起来，使实物消费和服务消费得到回补。
	消费是拉动经济的第一动力，是中国经济稳定运行的“压舱石”。近年来，文化消费、绿色消费、旅游消费、健康消费、养老消费等新兴消费红红火火，为消费升级不断地打开着新空间。去年以来，中国大市场活力奔涌、动力充盈、潜力释放，消费“主引擎”作用更加彰显。数据显示，2019年社会消费品零售总额41.2万亿元；连续六年保持经济增长第一拉动力，消费对经济增长贡献率57.8%，拉动GDP增长3.5个百分点。
	把复工复产与扩大内需结合起来。内需是中国经济的“顶梁柱”，已成中国经济增长中的决定性力量。近年来，我国牢牢把握扩内需这一战略基点，着力发挥消费的基础性作用和投资对优化供给结构的关键性作用，推动着经济发展格局发生了深刻变化。在最吃劲的关键阶段，把复工复产与扩大内需结合起来，必须在做好疫情防控工作前提下，全力支持和组织推动各类生产企业复工复产，保持供需链畅通、产业链稳定。
	把被抑制、被冻结的消费释放出来。疫情来势汹汹，交通运输、文化旅游、酒店餐饮等服务消费受到一定影响。但疫情冲击是短期的、阶段性的，部分消费需求也只是被抑制或冻结。调查显示，超过7成受访者表示，疫情结束后会增加餐饮、电影等线下娱乐消费，紧随其后的有鞋帽等服饰消费、美妆消费、运动消费、旅游消费。借助减税降费、稳就业等政策措施，无疑有助于释放被抑制、被冻结的消费。
	把新型消费、升级消费培育壮大起来。疫情发生以来，生鲜电商的日订单量大幅增长，网上购物、网上订餐、网上娱乐等新业态十分活跃。数据显示，2019年我国规模以上互联网和相关服务企业完成业务收入12061亿元。积极丰富5G技术应用场景，带动5G手机等终端消费，推动增加电子商务、电子政务、网络教育、网络娱乐等方面消费，不断壮大的新型消费、升级消费将为高质量发展聚合强劲动力。
	从消费角度看，我国有14亿多人口的巨大市场，有世界最大规模的中等收入群体，当前正处于城镇化快速推进阶段，这本身就蕴藏着巨大的消费增长潜力。从经济角度看，中国经济韧性强、潜力足、回旋余地大，且增长的基本面没有改变，这也决定了消费底盘依然稳固。把复工复产与扩大内需结合起来，释放被抑制、被冻结的消费，培育壮大新型消费、升级消费，我们一定能够夺取疫情防控和经济社会发展的双胜利。
【编辑:田博群】
</body></doc>