<doc><id>1326</id><url>http://www.chinanews.com/gn/2020/03-05/9114802.shtml</url><title>大河网评：战“疫”场上，雷锋精神焕发出新时代光芒</title><datetime>2020-3-5 16:11:00</datetime><body>	【地评线】大河网评：战“疫”场上，雷锋精神焕发出新时代光芒
	3月5日，在防控疫情最吃劲的关键的阶段，迎来了第57个“学雷锋纪念日”。放眼举国防控疫情的战场上，处处都有“雷锋”的身影。逆向而行、与病毒贴身肉搏的医护人员，靠前战斗、投身战“疫”一线的党员干部，走街串巷、宣传疫情防控知识的志愿者……没有哪个时候比疫情防控阻击战的战场上更能体现出雷锋精神。
	雷锋精神是忘我奉献的精神。面对新中国成立以来在发生的传播速度最快、感染范围最广、防控难度最大的一次重大突发公共卫生事件。在党中央的统一指挥、统一领导、统一调度下，全国上下凝聚起共同抗击疫情的磅礴力量。无数志愿者在没有硝烟的战场上向“疫”前行。他们当中，有人民警察、公交司机、社区工作者，也有快递小哥、爱心商贩、热心网民……他们夜以继日任劳任怨坚守在抗疫一线，抱定与国家共克时艰的决心，将每一个“小我”融入国家“大我”之中。与时间赛跑，与病毒战斗，不怕苦不怕累，成为全民抗疫长城中一道暖人的靓丽“风景线”。
	雷锋精神是人民至上的精神。疫情防控阻击战既是一次大战，也是一次大考，在严峻考验中，各行各业的广大共产党员把人民群众生命安全和身体健康放在第一位，报名在前、战斗在前、引领在前，战斗在党和人民最需要的地方。武汉大学中南医院重症医学科主任彭志勇主动请缨冲在最前线，他说“我是一名老党员，又是科室主任，我不冲谁冲，我不带头谁带头”；在武汉火神山医院施工中，中建三局二公司的严杨马不停蹄地奋战在建设一线，他说“我是一名党员，哪里有需要，我就去哪里支援”；在天津蓟州东赵各庄，27年党龄的司法所所长王辉，生命定格在疫情防控第一线……从救治病人的第一线，到基层防控的最前沿，从工厂车间加班加点的生产，到科研实验室夜以继日的攻关，一个个共产党人在抗击疫情的关键时刻冲得上去、危难关头豁得出来，用实际行动诠释着为民初心。
	没有谁天生就是英雄。那些逆行而上的“天使白”，日夜坚守的“卫士蓝”，随处可见的“志愿红”，逆风前行的“环卫黄”，勇挑重担“迷彩绿”……他们不是什么从天而降的英雄，都是食着人间烟火的普通人，但他们明白“我们是国家的主人，应该处处为国家着想”，自觉地把个人命运，与国家的前途命运紧密相连；那些冲锋在前的共产党员也不是什么特殊材料做成的，也是血肉之躯，选择在疫情严峻的时刻冲锋在前，不仅仅因为入党时的宣誓，只是因为“心中装着人民”，懂得“大我”与“小我”的关系，明白舍小家、为大家，这是身为一名党员的职责和初心。“人的生命是有限的，但是为人民服务是无限的，我要把有限的生命投入到无限的为人民服务中去。”这是雷锋说过经典的话，是在抗击疫情阻击战的特殊日子里，对那些逆行而上、不怕死的人们最好的诠释。
	雷锋精神是永恒的。疫情终将过去，人间必将重回美好，但雷锋精神永不过时，它不受年代、环境、背景等条件制约。风暴来临，不惧不屈；风暴散去，不矜不伐。这是我们要世世代代传承下去的宝贵精神财富。(乐兵)
【编辑:田博群】
</body></doc>