<doc><id>1327</id><url>http://www.chinanews.com/sh/2020/03-05/9114800.shtml</url><title>国家卫健委：疾病没有国界 中国将为全球共同抗击疫情作出中国贡献</title><datetime>2020-3-5 16:10:00</datetime><body>	国家卫健委：疾病没有国界中国将为全球共同抗击疫情作出中国贡献
	今天（3月5日）上午，国家卫生健康委员会副主任曾益新在国务院新闻办公室举行的新闻发布会上表示，疾病没有国界，新冠肺炎疫情是人类面临的共同的挑战，需要大家一起来携手共对。在这方面，世界卫生组织起到了非常重要的不可替代的作用。
	曾益新提到，中国-世卫组织联合专家考察组所发布的调查报告称，中国面对这种前所未知的病毒采取了历史上最勇敢、最灵活、最积极的防控措施，成功避免或者至少预防了10万病例的发生，也构建起了防止疾病国际传播强有力的第一道防线。
	曾益新表示，中国-世卫组织联合专家考察组通过深度考察，向全世界传播的这些信息，对国际社会准确了解、认识中国的防控措施，应该说起到了很大的帮助。
	曾益新强调，今后将继续与世卫组织保持紧密沟通，及时通报疫情信息和防控措施，积极实施《国际卫生条例》突发事件委员会和联合专家考察组的相关建议，在世卫组织框架下开展技术合作。我们也准备推荐中国有关机构成为世卫组织新冠病毒监测参比实验室，向世卫组织分享中国诊疗和防控等技术方案，推动我国科研单位和科学家深入参加世卫组织牵头的国际科研合作，积极推荐专家利用世卫组织平台向有关受疫情影响的国家提供技术支持。中国将继续坚持公开、透明原则，密切与世卫组织沟通联系，加强技术交流，分享中国经验和中国方案，为全球共同抗击疫情作出中国贡献。（总台央视记者靳丹妮乔全兴李雯婷）
【编辑:朱延静】
</body></doc>