<doc><id>1328</id><url>http://www.chinanews.com/sh/2020/03-05/9114798.shtml</url><title>浙江召开专场新闻发布会向抗疫一线普通工作者致敬</title><datetime>2020-3-5 16:10:00</datetime><body>	浙江召开专场新闻发布会向抗疫一线普通工作者致敬
	新华社杭州3月4日电(记者俞菀)迎难而上的白衣战士、主动留守的外卖小哥、加班生产口罩的企业经理、服务群众的社区工作者……3月4日，浙江省委省政府召开专场新闻发布会，向抗疫一线的普通工作者致敬。
	截至目前，浙江新冠肺炎患者中治愈出院的占总确诊人数的比例已超过90%。每一位患者从确诊到出院，都需要精准的检测报告。“我们可以说是抗疫战场上的侦察兵。”浙江大学医学院附属第一医院检验科分子诊断室组长余斐说，“这次疫情检测中，我们一天要处理300个标本，24小时在岗，早期轮班人数少的时候我们一班岗就是24小时。”
	1月23日，浙江在全国率先启动重大突发公共卫生事件一级响应。无数社区工作者第一时间取消休假回到工作岗位，坚守至今。“面对未知风险，我们确实有过害怕、有过顾虑，但是没有一个人退缩。”杭州市西湖区三墩镇西苑社区网格员张杰说。
	作为应急医疗物资储备单位，1月21日开始，建德市朝美日化有限公司就几乎全员到岗保障生产，口罩产量从开始的每天2万只到日产40余万只。副总经理朱丽平说：“一开始我们遇到了很多困难，但大家齐心协力，一定能够克服困难。”
	外卖骑手姚权刚，本想春节不停工多赚一些钱，没想到疫情突如其来，街上没人，订单也很少。但他依然坚持为有需要的人送菜、送药、送口罩。“说实话，这么点儿单量不挣钱，但我知道这个非常时候，城市和用户需要我们，我就决定接着做。”姚权刚说。
	作为“三服务”驻企专员，湖州市吴兴区统计局总统计师嵇金鑫，半个多月里无数次与服务的小微企业管理层研究工作、解决问题。在大家的共同努力下，企业顺利在2月16日全面复工，员工返岗率达到98%，产能恢复90%。
	“这段时间虽然很累，经常加班，但我感觉很有收获。”浙江大学医学院附属儿童医院隔离病房护士长黄国兰，也是一名确诊患者所生下早产儿的“代班妈妈”。在她看来，和广大医务工作者一样，疫情发生后各行各业都在履职尽责、坚守担当，平凡中的丝丝感动汇聚成了抗疫的暖流。
	“希望疫情能尽快结束，摘下口罩，我能约上小伙伴一起去西湖边喝个茶。有机会，我也想再好好逛逛武汉——这座熟悉又陌生的城市，亲身感受一下武大樱花烂漫的那一刻。我相信这一天很快会到来。”浙江省第一批支援湖北医疗队重症组组长杨向红说。
【编辑:朱延静】
</body></doc>