<doc><id>1334</id><url>http://www.chinanews.com/sh/2020/03-05/9114780.shtml</url><title>成都将适时调整或终止实名登记购买退烧药政策</title><datetime>2020-3-5 16:02:00</datetime><body>	(抗击新冠肺炎)成都将适时调整或终止实名登记购买退烧药政策
	中新网成都3月5日电(王鹏贺劭清)记者5日从四川省新型冠状病毒肺炎疫情防控工作第十三场新闻发布会获悉，成都市市场监管局将根据疫情防控指挥部的要求，结合疫情防控区域和等级响应要求，适时调整或终止实名登记购买退烧药的政策。
	疫情防控期间，为及时准确掌握发热类人员情况，落实成都市疫情防控指挥部发布的第4号公告的工作要求，成都市场监管联合卫健、医保、商务等部门，共同下发了《关于新型冠状病毒感染的肺炎疫情防控期间零售药店对购买退烧药的人员进行实名登记工作的指导意见》，明确了退烧药实名登记药品的种类、发热人员的登记信息和报送要求等。
	这些有一定针对性的基础数据信息，对排查疑似、阻断传播提供了有力遵循。与此同时，为了尽量减少老百姓的不便，以及手工登记程序繁琐、信息统计滞后等具体问题，成都市紧急研发了互联网登记平台。
	“大家购买退烧药，只需要打开微信，扫描二维码，补充相关信息就能完成登记，非常简单快捷，避免了交叉感染的风险，也方便了购药群众。”成都市市场监管局副局长汤毅说，目前，成都市绝大部分药店都采用了互联网平台进行相关药品的登记，市民登记购买时有什么意见建议也可以向采购药店反映，成都市市场监管局将收集并改进平台程序，更好地方便群众。(完)
【编辑:郭泽华】
</body></doc>