<doc><id>1335</id><url>http://www.chinanews.com/tw/2020/03-05/9114768.shtml</url><title>“全球—台湾—平潭”海空联运 开辟防疫物资登陆新通道</title><datetime>2020-3-5 16:02:00</datetime><body>	中新网福州3月5日电(福关宣)受新冠肺炎疫情影响，近期，国际航空陆续停飞和减少来往中国大陆的航班，福建省机场多条国际、地区航线暂停执行。
	福州海关介绍，此间，福建平潭综合实验区口岸充分利用海运快件、跨境电商、对台直航航线三大通道优势，推出多项政策措施，口岸通关便利化和政府补助政策效应不断凸显，大量进口国际快件通过台湾桃园机场中转后再经“台北快轮”运抵平潭，使“全球—台湾—平潭”海空联运成为全国又一条疫情防控物资登陆便捷通道和国际快件物流通道。
	据悉，为保障防疫物资快速通关、帮扶企业复工复产，福州海关所属平潭海关针对性地推出15条措施，设立进口疫情防控物资及其生产原材料快速通关专用窗口，实现通关“零延时”。
	平潭海关驻金井办事处相关负责人表示：近期快件业务量激增，该办事处在保证货物快速通关的前提下，根据快件企业预估业务量合理安排人力，并指导企业通过“互联网+海关”平台“无接触”办理海关业务，最大限度减少人员聚集。
	据福州海关统计，截至3月1日，平潭海关共接受申报及验放疫情防控物资共2.89万批次、货值588.2万元，主要包括口罩、防护服、消毒液等。其中口罩超过110万件，主要捐往湖北武汉、宁夏银川以及福建福州、福清、平潭等地。在海运快件方面，自2月6日复工运行以来，共计验放快件进出口快件24.45万件，货值6784.68万元，分别同比上升118.8%、125%，单日验放海运快件进口出区包裹业务量约为2019年日均水平的两倍。(完)
【编辑:王诗尧】
</body></doc>