<doc><id>1338</id><url>http://www.chinanews.com/cj/2020/03-05/9114777.shtml</url><title>沈阳重点项目集中“云签约” 总投资2672.5亿元</title><datetime>2020-3-5 15:59:00</datetime><body>	中新网沈阳3月5日电(沈殿成宫旭)辽宁省沈阳市5日举行重点招商项目“云签约”活动，签约项目总投资达2672.5亿元人民币。
	新冠肺炎疫情困扰的当下，沈阳市依托互联网进行“不见面、屏隔屏”签约，可达到疫情防控和经济社会发展的双重效果，同时可看出投资商对沈阳项目发展的看好。
	此次“云签约仪式”设1个主会场，另有13个区政府分会场和113个企业会场，共有117个重大项目集中签约。
	据了解，此次集中签约项目体量普遍较大，100亿元以上项目9个，50亿至100亿元项目7个，10亿至50亿元项目28个，1亿至10亿元项目73个。
	按项目类别划分，此次“云签约”含先进制造业项目28个，范围涵盖高端装备制造、航空航天、汽车及零部件等领域，签约额249.6亿元；新兴产业项目30个，范围涵盖新一代信息技术、新能源和新材料等领域，签约额890.7亿元；现代服务业项目51个，范围涵盖文化旅游、商贸物流及信息服务等领域，签约额1313.7亿元；现代农业项目8个，投资额218.5亿元。
	此次签约项目多来自国外和国内发达地区，其中京津冀、长三角、珠三角地区项目占比54.7%。(完)
【编辑:郭泽华】
</body></doc>