<doc><id>1343</id><url>http://www.chinanews.com/gj/2020/03-05/9114662.shtml</url><title>希腊一确诊患者病危 当局急寻接触者并关闭学校</title><datetime>2020-3-5 15:48:00</datetime><body>	中新网3月5日电据欧联网援引希腊欧联通讯社报道，当地时间4日，希腊塞萨洛尼基和帕特雷两地分别确诊两名新型冠状病毒肺炎患者。为了防止疫情蔓延，当局在当地时间4日晚宣布，紧急关闭希腊西部地区3个城市的所有学校和公共场所。
	报道称，迄今希腊全共有9宗新冠肺炎病例。希腊卫生部门称，来自帕特雷的患者病情非常严重，其余8名患者则症状轻微。
	在帕特雷确诊的患者是一名65岁的希腊男性，他最近曾参加一个集体外访活动，到过以色列和埃及。他也是目前希腊唯一一名与意大利疫情没有关联的患者。
	据悉，在返回希腊后，这名男子因呼吸道不适而于1日前往希腊西北部阿马利亚达市一家医院求诊，其后被转送到帕特雷大学附属医院。
	但由于医院方面最初没有把他列为新冠肺炎疑似病例，因此并未采取隔离措施，他与其他病人同住普通病房。在4日证实其病毒样本对新冠肺炎测试呈阳性后，才将其进行隔离治疗。
	目前希腊当局已经通知20名医护在家中隔离，其中5名供职于阿玛利亚达医院，15名供职于帕特雷大学附属医院，更多的接触者还在联系或寻找中。
	另外，与这名患者一起参加外游活动的有53人，他们曾经同乘一辆大巴。希腊当局现正设法联系所有乘客以及其他相关的接触者。
	因应对疫情发展，希腊卫生部发言人齐奥德拉斯在当地时间4日晚公布紧急预防措施，包括在希腊西部三个城市伊利亚、扎金索斯和阿哈伊亚关闭所有学校、体育场馆、电影院以及其它公共场所48小时。消息称，与帕特雷确诊患者一起外游的53人年龄介于27至70岁之间，全部来自上述三个西部城市。
	另外一名同在4日确诊的新冠肺炎患者来自希腊北部城市塞萨洛尼基，他是2月29日第5名确诊者、38岁希腊女教师的丈夫。这名女教师是首名确诊患者的朋友。
	齐奥德拉斯曾表示，希腊新冠肺炎病例大幅增加的可能性不大，但当局已经为此建立了“严密的监控系统”，以确保医疗部门的工作领先于疫情发展。
	早前，希腊卫生部和教育部已经在当地时间2日晚宣布，作为预防措施，与新冠肺炎确诊患者及其亲友有联系的希腊28所学校暂时停课关闭。希腊学校计划组织的所有出国游学活动一律暂时停止。
	欧盟委员会主席冯德莱恩2日在新闻发布会上表示，欧洲疾病预防控制中心已将新型冠状病毒风险级别由“中等”提升至“高”。
	根据这一对疫情的最新评估，欧委会也决定成立专门的新型冠状病毒应对小组，帮助欧盟各成员国，及受疫情影响的各相关领域采取协调一致的应对措施。(梁曼瑜)
【编辑:郭炘蔚】
</body></doc>