<doc><id>1346</id><url>http://www.chinanews.com/sh/2020/03-05/9114763.shtml</url><title>战“疫”青年用青春谱写绚丽华章</title><datetime>2020-3-5 15:44:00</datetime><body>	中青漫评｜战“疫”青年用青春谱写绚丽华章
	作者：黄啸天曹大风
	当前疫情防控正处于关键时期，全国铁路数万名团员青年冲在防疫工作的最前线，铁路各级团组织收到了9314封请战书，为打赢疫情防控阻击战贡献了青春力量。铁路团员青年只是奋战在新冠肺炎疫情一线的广大团员青年中的一部分，疫情暴发后，无数青春的身影奔赴战场，用实际行动告诉我们什么才是当代青年该有的样子。
	习近平总书记强调：“中国青年是有远大理想抱负的青年！中国青年是有深厚家国情怀的青年！中国青年是有伟大创造力的青年！无论过去、现在还是未来，中国青年始终是实现中华民族伟大复兴的先锋力量！”在疫情防控中，我们看到各界青年纷纷主动逆行而上，扛起时代重任。青年作为疫情防控的中坚力量，有能力也有义务，在党的带领下，勇挑重任，英勇奋斗。
	在推进疫情防控的工作中，新时代团员青年拿出不畏艰难、勇于战胜一切困难的勇气，敢于带头争先，用行动展示青春风采。在疫情防控阻击战中，各行各业的团员青年奋战在一线，共同支撑起疫情防控保护伞，为尽早赢得这场战疫的胜利奉献自己的力量。
	我们看到，数以万计的青年医生、青年护士主动奔赴战场，奋战在医疗战“疫”最前线；武汉市电力公司青年日夜奋战火神山、雷神山医院施工现场，按时为医院送上“生命线”；美国留学生赵颖婧得知疫情发展情况后，第一时间向山西侨青委员会捐助了实习工资；台湾青年联谊会202名青年捐赠了12500个口罩及100套防护服；湖南省5000多名青年志愿者奔走在大街小巷为市民服务……我们清楚地看到，海内外青年纷纷投身到疫情防控工作中来。是什么让他们隔离病毒，但不隔离爱？“如果我不幸倒下，请把我的骨灰无菌处理后撒在长江，报答陪伴我的祖国。”一名青年志愿者的话回答了这个问题，是那一份深厚的家国情怀。今天，伟大的爱国主义精神再一次让青年们的心和祖国紧紧绑在一起，满怀对祖国和人民的赤子之心，同舟共济，守望相助，共克时艰。
	在这次疫情中，我们为用生命诠释职责担当的90后药师宋英杰所骄傲；我们为满负荷、高强度精准检测核算的31岁科学家吴晨所感动；我们为在疫情期间申请入党，连续奋战在云南边境防疫的一群95后警察所动容。一批批支援队伍，一封封请战书，一个个红手印，一个又一个青年走在前，冲在前，义无反顾地挺身而出，加入这场抗疫战斗，有的甚至献出了宝贵的生命。他们没有豪言壮语，有的只是内心的纯粹和坚决的行动，在和平年代以不凡的勇气传承着初心和使命，让青春在抗“疫”一线焕发出绚丽光彩。
	生逢其时，重任在肩，担当于心。今天，在疫情防控最吃劲的阶段，新时代的青年接过先辈手中的接力棒，以不畏艰难敢攀登的拼搏精神，以不破楼兰终不还的战“疫”决心，与时间赛跑，与疫情抗争，用青春做笔，提笔落墨，在平凡的岗位上谱写着绚丽华章。(曹大风)
【编辑:苑菁菁】
</body></doc>