<doc><id>1347</id><url>http://www.chinanews.com/ty/2020/03-05/9114752.shtml</url><title>东京奥运票务代理：未收到奥运取消或推迟的通知</title><datetime>2020-3-5 15:44:00</datetime><body>	中新网客户端北京3月5日电记者今日从作为2020年东京奥运会中国大陆地区唯一票务代理的凯撒旅游处了解到，凯撒旅游4日收到东京奥组委票务部邮件回复，后者称目前暂无也从未计划讨论取消或推迟举办东京奥运会，奥运会的各项筹备工作正在按计划推进。
	凯撒旅游方面表示，近期关于新冠肺炎疫情可能导致东京奥运会被迫取消或延期的传闻引发公众高度关注，而作为2020东京奥运会中国奥委会官方票务服务机构及接待服务供应商、中国奥委会辖区独家票务代理机构，凯撒旅游也收到大量相关咨询。
	据凯撒旅游奥运项目负责人介绍，项目组一直与东京奥组委保持紧密沟通，目前，没有收到任何关于东京奥运会取消或推迟的通知。凯撒旅游表示，对组委会的筹备及应急能力有信心，同时将密切关注全球疫情发展，关于东京奥运会的一切信息，均以组委会官方信息为准。
	当地时间3日，国际奥委会当天在瑞士洛桑召开执行委员会，会上听取了有关新冠病毒情况的报告。执委会表示，将全力支持东京奥运会在今年7月24日至8月9日期间举办。据了解，国际奥委会、东京奥组委、东京、日本政府及世卫组织于2月中旬成立了联合工作组。国际奥委会执委会将继续与联合工作组进行定期磋商，并鼓励所有运动员继续备战2020东京奥运会。
【编辑:郭泽华】
</body></doc>