<doc><id>1349</id><url>http://www.chinanews.com/sh/2020/03-05/9114758.shtml</url><title>新华网评 “疫”中人：新生命的“摆渡人”</title><datetime>2020-3-5 15:43:00</datetime><body>	新华网评·“疫”中人｜新生命的“摆渡人”
	他们是程序员，是营养师，是驾校教练，是创业者，也是新生命的“摆渡人”。在武汉交通不便的日子，他们自发组成“W大武汉紧急救援队”，接送缺乏交通工具去医院的待产孕妇。
	他们送的是希望，迎的是新生。
	他们用坚守汇聚起守护武汉的温暖和力量，也用勇敢给这个世界带来了希望和光。(文：董璐)

【编辑:苑菁菁】
</body></doc>