<doc><id>135</id><url>http://www.chinanews.com/gn/2020/03-03/9112400.shtml</url><title>广东口罩日产量超2000万个</title><datetime>2020-3-3 19:15:00</datetime><body>	新华社广州3月3日电(记者胡林果)记者3日从广东省新闻办举行的发布会获悉，截至3月2日，广东全省口罩生产企业共339家，医用口罩和普通口罩产量达2080.89万个/天。
	广东省市场监管局局长麦教猛介绍，疫情发生以后，群众对口罩的需求上升，广东开辟应急备案“绿色通道”，对医疗器械、制剂、检测试剂、药品四大类实行快审快批快检。
	目前，广东口罩生产企业达339家，比一级响应前的66家增加了273家，增长414%；口罩日产量达2080.9万个，比一级响应前增长665%；其中医用口罩日产量达1505.2万个，比一级响应前增长962%。口罩产量从原来每天不足10万个，到每天超过2000万个，有效缓解了口罩供需压力。
	此外，广东市场监管部门还加强口罩、熔喷无纺布等重点商品价格监管，严厉打击哄抬物价、囤积居奇、强制搭售等。目前，广东全省系统开展价格检查113.4万家次，立案查处1335宗，移送司法机关9宗。
	广东省工业和信息化厅厅长涂高坤表示，口罩生产亟需的是熔喷布等原材料，广东正抓紧打通上下游企业衔接、加大技术改造。目前，口罩原材料的生产从2月初每天4吨提升至目前每天约20吨，预计到3月中旬，熔喷布每天的生产量能达到50吨左右，全省每天生产口罩达到3000万个左右。
【编辑:田博群】
</body></doc>