<doc><id>1350</id><url>http://www.chinanews.com/gn/2020/03-05/9114748.shtml</url><title>战疫下的全球应对：世界如此看中国，中国如此待世界</title><datetime>2020-3-5 15:43:00</datetime><body>	(抗击新冠肺炎)战疫下的全球应对：世界如此看中国，中国如此待世界
	中新社北京3月5日电(记者梁晓辉)“环球同此凉热。”这是当下全球抗击新冠肺炎疫情的某种写照，也是某种共识。在此情境下，世界如何看待中国“战”疫，中国又如何看待和支援世界抗疫，成为环球同此之关切。
	中国5日举行一场发布会，透过外交部、中联部和卫健委，对这样的关切给予了集中回答。
	此场发布会由中国国务院新闻办公室举办，主题为抗击疫情的国际合作。疫情发生以来，国新办已经连续举行数十场发布会，但专题聚焦国际合作的发布会，这是第一次。
	“在抗击疫情的斗争中，中国绝不是孤军奋战，国际社会以不同的方式给予我们许多宝贵的支持。”中国外交部副部长马朝旭在会上说。
	目前，已有170多个国家领导人、40多个国际和地区组织的负责人向中方表示慰问和支持，联合国、上合组织、金砖国家、东盟、非盟、阿盟、拉共体、七十七国集团等重要国际组织发表声明，表示信心与支持。许多国家和国际组织以及民间团体也对中方捐赠医疗物资。
	这是在大外交框架下，世界对中国“战”疫的主流言行。而于政党外交层面，中央对外联络部副部长郭业洲介绍说，外国政党普遍对中国战“疫”表示声援和支持，其中包括持左、中、右不同政治立场的政党，也包括执政党和在野党。
	据他介绍，国外政党对中国战“疫”的关注有三方面关键词——强有力的领导“核心”，体现优势的举国“体制”，冲锋在前的中共“党员”。
	至于专业的医卫领域，中国国家卫健委副主任曾益新援引日前中国—世卫组织联合专家考察组的报告说，中国成功避免或者至少预防了10万病例的发生，也构建起了防止疾病国际传播强有力的第一道防线。
	“报告中还建议中国完全从这场疫情中彻底地恢复元气，因为世界需要中国的经验来应对这场疫情。”曾益新表示。
	在世界需要之下，中国又如何看待和支援世界“战”疫？三部门分别给出答案。
	一是继续加强与世卫组织的合作。马朝旭说，疫情正在全球呈现扩散蔓延态势，世卫组织肩负的任务更加艰巨，我们希望世卫组织能够进一步促进国际合作，特别是要向一些防护能力薄弱的发展中国家提供更多的帮助和援助。“在这方面，中国不会缺席。”
	他还表示，中方正考虑响应世卫组织呼吁，向世卫组织捐款。
	二是力所能及提供中国经验和援助。曾益新说，卫健委准备继续同国际社会加大开展技术合作交流的力度，携手共同应对疫情。
	其中包括继续向国际和地区组织、相关国家及时提供中国疫情防控和诊疗技术指南的更新版。继续通过视频会、电话会等多种形式，分享相关防控和诊疗技术。支持国内公卫、医疗单位派出专家组，与相关国家技术机构沟通疫情信息和防控经验，开展专业技术培训。
	就具体的国家，马朝旭透露，包括韩国、伊拉克、柬埔寨、缅甸、斯里兰卡等。
	三是从政党外交层面上，中联部准备接待一些外国政党高级代表团来中国访问，将面对面地就加强疫情防控合作、保持正常来往深入探讨。
	面对公共卫生安全这样的全球性挑战，“是同舟共济还是以邻为壑？是并肩作战还是隔岸观火？是雪中送炭还是落井下石？”正如马朝旭在发布会上所设问的，中国当下已给出答案。(完)
【编辑:郭泽华】
</body></doc>