<doc><id>1353</id><url>http://www.chinanews.com/sh/2020/03-05/9114750.shtml</url><title>2019-2020年冬季湖北为强暖冬</title><datetime>2020-3-5 15:41:00</datetime><body>	中新网武汉3月5日电(李傲马芙蓉)记者5日从湖北省气象局获悉，根据暖冬等级标准，2019-2020年冬季湖北全省出现强暖冬68县市，弱暖冬8县市，全省达强暖冬标准。
	武汉区域气候中心气候监测显示，2019-2020年冬季湖北全省平均气温6.8℃，较常年同期偏高1.5℃，排历史同期第3位，仅次于1998年、2016年；平均最低气温较常年偏高1.7℃，排历史同期第2位，仅次于2016年。各地平均气温在3.7℃(神农架)～8.8℃(巴东)，其中鄂西北、鄂西南西部、鄂东北西部3.7℃～6.0℃，其他大部分地区6.0℃～8.8℃，与常年同期相比，各地较常年偏高0.7℃～2.3℃，除鄂西局地外，全省大部分地区偏高1.0℃或以上，有4县市排历史同期首位。
	据介绍，2019-2020年冬季，全省平均总降水量179.9毫米，较常年同期偏多6成，排历史同期第4位，仅次于1989年、1992年、2002年，其中鄂西北西部部分地区、鄂西南东部、江汉平原北部偏多9成～1.7倍，有4个县市排历史同期首位。
	气象专家表示，这种暖湿气候造成夏收作物长势过旺，生育期普遍提前10天以上，同时增加作物病虫卵的基数，增大了后期遭遇倒春寒和发生冬小麦条锈病、油菜菌核病的风险。
	根据春播期气候趋势预测，湖北省春播期降水仍然偏多，气温偏高但是冷暖变幅大，可能有倒春寒发生。因此后期在做好新冠肺炎疫情防控的同时，各地要进一步强化措施，做好夏收作物田间管理和病虫防治，控旺促壮，做好春耕春播的准备工作，确保今年粮食安全。(完)
【编辑:郭泽华】
</body></doc>