<doc><id>1354</id><url>http://www.chinanews.com/hr/2020/03-05/9114728.shtml</url><title>驻萨尔瓦多使馆提醒在萨中国公民加强疫情防范</title><datetime>2020-3-5 15:40:00</datetime><body>	中新网3月5日电据中国驻萨尔瓦多使馆网站消息，连日来，随着拉美地区陆续出现新冠肺炎确诊病例，萨尔瓦多民众对疫情关注度上升。
	中国驻萨尔瓦多使馆提醒在萨中国公民妥善应对疫情，做好自我防范，积极树立正面形象，具体做到：
	一、常用肥皂和清水洗手，或使用70%的酒精凝胶清洁双手；
	二、咳嗽或打喷嚏时，应用纸巾或曲肘完全遮住鼻子和嘴；
	三、请勿用脏手触碰脸部，尤其是鼻子、嘴和眼睛；
	四、清洁和消毒常用物品和场所，包括住所、办公室、封闭场所、交通工具、会议室等；
	五、如果出现发烧、头痛、喉咙痛、流鼻涕等症状，请及时就医；
	六、一旦被确诊或被隔离观察，请当事人或家属第一时间向使馆通报情况。
	七、如遇不友善言行，务必保持冷静，妥善应对，确保自身安全。要提高防范意识，尽量避免发生口角和肢体冲突。如遇暴力行为，请及时报警或请求他人协助报警。必要时，可循法律途径维护合法权益。
	萨尔瓦多紧急医疗求助热线：132
	萨尔瓦多报警电话：911
	外交部全球领事保护与服务应急热线(24小时)：+86-10-12308或+86-10-59913991
	中国驻萨尔瓦多使馆领事保护与协助电话：+503-75198415
【编辑:王嘉怡】
</body></doc>