<doc><id>1355</id><url>http://www.chinanews.com/hr/2020/03-05/9114703.shtml</url><title>驻匈牙利使馆再次提醒中国公民加强疫情防范</title><datetime>2020-3-5 15:39:00</datetime><body>	中新网3月5日电据中国驻匈牙利大使馆网站消息，3月4日，匈牙利确诊两名伊朗籍留学生感染新冠病毒。中国驻匈牙利使馆再次提醒旅匈中国公民：
	一、密切关注疫情信息，提高防控意识，尽量减少不必要的外出或前往人员聚集的公共场合。科学冷静应对，不信谣，不传谣。
	二、请在匈生产经营的中国企业和华商积极采取预防措施，加强营业场所的消毒和通风，控制人员密度。
	三、请广大留学人员密切关注疫情动态，合理规划学习起居，保持良好的生活和卫生习惯。
	四、请近期自国内或其他疫情严重国家和地区来匈的同胞自觉居家隔离14天。
	五、如出现发热、干咳、乏力、呼吸困难等疑似症状，请不要擅自外出，应及时联系家庭医生或拨打匈卫生中心绿色热线，积极配合检测治疗，科学冷静应对，避免恐慌。如被确诊或被隔离观察，请第一时间联系中国驻匈牙利使馆。
	匈官方疫情信息网站：https://koronavirus.gov.hu
	匈国家卫生中心绿色热线：+36-80-277455/277456
	匈急救电话：104
	布达佩斯传染病医院及地址：SzentLászlóKórház，1097BP.AlbertFlóriánút5-7.电话：+36-10-4558100
	中国驻匈使馆领事保护与协助电话：+36-30-6925414
	中国外交部全球领事保护与服务应急热线(24小时)：+86-10-12308或+86-10-59913991
【编辑:王嘉怡】
</body></doc>