<doc><id>1356</id><url>http://www.chinanews.com/hr/2020/03-05/9114630.shtml</url><title>系统升级 中国驻荷兰大使馆暂实行领事证件预约办理</title><datetime>2020-3-5 15:38:00</datetime><body>	中国侨网3月5日电据中国驻荷兰大使馆网站消息，中国驻荷兰使馆将于近期对领事办公系统进行整体升级，每日受理领事证件申请数量将有所减少。为此，中国驻荷兰使馆将从3月5日(周四)起暂时实行领事证件预约办理。
	有关办证人即日起可拨打中国驻荷兰使馆领事证件咨询电话进行预约(通过海外申请护照在线预约系统预约办理护照业务的申请人除外)，中国驻荷兰使馆将根据来电顺序和单日处理能力分配预约名额，并电话通知各位办证人到馆提交申请。对于确有特殊情况者，我馆将予以特殊处理。
	感谢您的理解与配合。
	驻荷兰使馆领事证件咨询电话：+31-70-3065091(工作日上午9：00-12：00及下午14：30-17：00)
【编辑:王嘉怡】
</body></doc>