<doc><id>1359</id><url>http://www.chinanews.com/cj/2020/03-05/9114730.shtml</url><title>长三角率先实现健康码全覆盖 未来可一“码”通行</title><datetime>2020-3-5 15:33:00</datetime><body>	(抗击新冠肺炎)长三角率先实现健康码全覆盖未来可一“码”通行
	中新社上海3月5日电(记者姜煜)长三角地区5日正式实现健康码全覆盖：上海、江苏、浙江、安徽都拥有了本地版健康码，在各自省、市通用。而长三角健康码互认机制也已启动，未来将实现长三角一“码”通行。
	在抗击新型冠状病毒感染的肺炎疫情期间，以健康码为代表的数字化防疫措施，提供了方便快捷的“通行证”，助力长三角分区分级、精准复工复产。
	健康码领取很简单，以上海为例，上支付宝搜“上海健康码”，即可领取“随申码”，“随申码”上线以来总访问量已超4716万次。“随申码”等长三角地区健康码基于支付宝、阿里云技术和平台，结合用户自行申报信息及政府数字化分析，动态生成红黄绿三色二维码，亮“绿码”可通行。
	数据显示，长三角区域日均“亮码”数千万人次，需求量极大。不过，对于外来返工、跨区域通勤人员来说，分区域健康码还是有所不便，人们在不同的城市间出行时，都分别需要经过认证、领取等流程。据悉，长三角正启动健康码互认机制，将实现长三角一“码”通行，人们只需要申领本地的健康码，就可在长三角通用。
	目前，上海已率先宣布，江苏、浙江、安徽三省的健康码效力与上海“随申码”等同，持对方省份“健康码”人员，可参照本省“健康码”规则，予以亮码通行，无需采取隔离措施。安徽省数据资源管理局相关负责人表示，安徽健康码申领张数已经达到了400万张，安徽省和浙江省也已签约健康码互认机制，与上海健康码互认的技术正在进行中。
	公开数据显示，截至目前，沪苏浙皖规模以上工业企业复工率分别达到94.5%、99%、99.8%、98.1%，显著高于全国平均水平。数字经济智库执行院长黄日涵表示，防疫很重要，但是有序恢复经济生活也同等重要，健康码跨省互认，这一高效、便捷、低成本的方式，有助于加快复工复产，促进区域经济恢复。
	阿里巴巴董事局主席兼首席执行官张勇建议，疫情之后，健康码可以承载更多功能，继续发挥长效机制，“战时防疫、战后治理”，成为推进数字化建设的抓手。(完)
【编辑:郭泽华】
</body></doc>