<doc><id>1363</id><url>http://www.chinanews.com/gj/2020/03-05/9114677.shtml</url><title>意大利多场足球赛事延期 或将举行“闭门”比赛</title><datetime>2020-3-5 15:27:00</datetime><body>	中新网3月5日电据欧联网援引欧联通讯社报道，当地时间4日，意大利颁布临时法令，禁止任何公共集会、私人大型聚会和申办大型体育、文化活动，所有主要运动赛事到4月3日前，均需改成闭门进行比赛，严禁任何人入场观看。
	4日，罗马当局颁布政令指出，公共机构或私人举办的各类型体育活动和赛事，仍允许在体育场馆内闭门进行，但禁止观众入场观看。
	报道称，接下来本周的意大利杯足球准决赛将延期举行，尤文图斯和AC米兰原本要在都灵对决；那不勒斯与国际米兰则原本排定在那不勒斯圣保罗球场交锋。目前补赛日期尚未决定，5月13日决赛有可能会至少延后一周开踢。
	新冠肺炎疫情导致意大利足球甲级联赛赛程大乱，两周内已有10场赛事延后举行；意大利杯足球准决赛已延期搁置了6场比赛，其中包括尤文图斯对国际米兰的争冠重头戏，预计将改至下周进行，其余各项赛事也都将顺延一周。
	业内人士表示，目前球队和联盟之间正在因重新安排赛程争论不休，一时很难形成统一意见。关键在于新冠肺炎疫情短期内很难得到全面控制，而足球赛事也不可能无限期推迟，或永久搁置。如果要在现行法令框架内完成各项足球赛事，只能在无观众的情况下进行开赛。(杨先伟)
【编辑:孔庆玲】
</body></doc>