<doc><id>1364</id><url>http://www.chinanews.com/hr/2020/03-05/9114628.shtml</url><title>驻贝尔法斯特总领馆发布申报国家公派留学项目通知</title><datetime>2020-3-5 15:27:00</datetime><body>	中新网3月5日电据中国驻贝尔法斯特总领事馆网站消息，2020年国家公派留学项目(包括“国家建设高水平大学公派研究生项目”(以下称高水平项目)、“艺术类人才培养特别项目”(以下称艺术类项目)、“国际组织实习项目”和部分国外合作项目将继续面向国外学习的自费留学人员及国家公派留学人员选拔招生。欢迎符合条件的留学人员积极申报，请登陆国家留学网(www.csc.edu.cn)“出国留学”专栏查询具体申请要求，并在线提交申请。现就有关注意事项通知如下：
	一、选拔范围和要求
	(一)项目申请受理单位
	驻贝尔法斯特总领馆双边处受理北爱领区内留学人员项目申请。请留学人员务必确认所在领区。
	(二)高水平项目和艺术类项目选拔范围
	1.国家公派或自费留学应届硕士毕业生、在国外获得硕士学位离校不超过一年的人员(不包括毕业离校已回国人员)、自费留学攻读博士学位第一年的学生可申请高水平项目和艺术类项目攻读博士学位研究生；
	2.自费留学攻读硕士学位第一年(学制为一年的硕士研究生除外)的学生可申请艺术类项目攻读硕士学位研究生。
	(三)国际组织项目选拔范围
	1.单位或个人自行联系渠道实习人员面向国外本科及以上在校生或学士及以上学位获得者选拔，申请时须已获得国际组织实习岗位，尚未开始实习。
	2.国家留学基金委与国际组织合作渠道实习人员面向国外应届硕士、博士毕业生(含毕业一年以内学生)选拔。访问专家、初级专业人员(JPO)选派范围以公布的选派办法为准。
	(四)国内学校在籍学生或关系在国内的工作人员在国外交流期间，如希望申报上述项目应由国内单位推荐，不通过驻外使(领)馆教育处(组)受理。
	(五)高水平项目、艺术类项目对攻读博士学位研究生均不再资助学费，此部分人员申请时应已获得外方全额学费资助或免除全部学费。艺术类项目攻读硕士研究生仍可申请学费资助。
	二、时间安排
	(一)网上报名
	2020年4月10日0时-4月30日24时(北京时间)，申请人登录国家公派留学管理信息平台(apply.csc.edu.cn)进行网上报名。
	(二)提交材料
	请于2020年4月10日9:30-4月30日17:00(当地时间)将书面申请材料邮寄至中国驻贝尔法斯特总领馆双边处教育领事(联系方式见下文)，其中出国留学申请表须本人签名。另，邮寄信封上请注明“2020年CSC出国留学项目”。
	截至4月30日(以收到邮戳为准)，逾期未收到书面材料的在线申请将视为放弃。
	(三)公布录取结果
	2020年6月，国家留学基金委公布录取结果并发放录取材料。其中高水平项目中外合作奖学金的录取结果需与外方确认后陆续公布，时间略晚于该项目所在单位或个人合作渠道的录取时间。(申请人务必在网上报名前与邀请方做好沟通，避免因录取时间推迟导致入学通知/邀请信自动作废等情况。)
	三、申请咨询
	申请人须仔细阅读有关项目的选派办法、项目指南和常见问题解答等信息。如确有疑问，可致电或发送电子邮件咨询。电子邮件请均以“2020海外公派留学报名咨询”为题。具体联系方式如下：
	(一)国家留学基金委联系方式：
	1.国家建设高水平大学公派研究生项目：010-66093958/3346；电子邮箱：yjs@csc.edu.cn
	2.艺术类人才培养特别项目：010-66093552/3959；电子邮箱：yishu@csc.edu.cn
	3.国际组织实习项目：010-66093594/3956/3960；电子邮箱：gjzz@csc.edu.cn
	4.国外合作项目联系人详见国家留学网“出国留学-项目检索”专栏
	5.信息平台具体使用事宜请联系信息资源部：010-66093940；电子邮箱：xxzy@csc.edu.cn
	更多信息请及时浏览国家留学网(www.csc.edu.cn)“出国留学专栏”。
	(二)驻贝尔法斯特总领馆双边处教育领事联系方式：
	通信地址：ConsulZhangTonghui,ConsulateGeneraloftheP.R.ChinainBelfast,BT96SH
	电话：028-90682499-8030
	电子信箱：belfasteducation@gmail.com
	中国驻贝尔法斯特总领馆
	2020年3月3日
【编辑:王嘉怡】
</body></doc>