<doc><id>1365</id><url>http://www.chinanews.com/cj/2020/03-05/9114710.shtml</url><title>广东今年争取完成“三旧”改造面积6万亩以上</title><datetime>2020-3-5 15:26:00</datetime><body>	中新网广州3月5日电(记者唐贵江)记者5日从广东省自然资源厅获悉，自2008年实施“三旧”改造以来，广东全省累计投入改造资金1.67万亿元，完成“三旧”改造项目7905个，有力推动了产业转型升级；据悉，今年广东争取完成“三旧”改造面积6万亩以上。
	“三旧”改造是指“旧城镇、旧厂房、旧村庄”改造。自2008年实施“三旧”改造以来，广东节约集约用地水平显著提高，截至2020年2月底，全省共累计实施改造面积82.4万亩，节约土地19.16万亩。共累计完成“三旧”改造项目7905个，其中属于产业结构调整类的为4367个，占总项目数的55.2%，改造后当年实现产值约为改造前的2倍。
	在拉动固定资产投资方面，广东全省累计投入改造资金1.67万亿元，约占同期固定资产投资的5%；其中社会投资1.44万亿元，占改造总投资额的86.2%。
	“三旧”改造还为广东城市基础设施和公益事业项目提供用地6.18万亩，新增公共绿地9234.6亩，保护并修缮传统人文历史建筑777万平方米，提供保障性住房4.95万套，大大改善了人居环境。
	同时，通过推动基础设施不完善、存在安全隐患的16.9万亩旧村庄用地改造，在改变村容村貌的同时增加了就业岗位。累计为村集体收入增加了77亿元，就业人口增加了476万人，提升了群众的获得感。
	据悉，今年广东将全力推动“三旧”改造实现新一轮大发展。落细落实广东省政府加快推动“三旧”改造指导意见及三年行动方案，推动出台“三旧”改造管理办法，加大倒逼促改力度，调整利益分配格局，推动城中村、城边村、村级工业园等可连片开发区域土地依法合规整治入市，争取年度完成“三旧”改造面积6万亩以上。
	值得一提的是，珠三角村级工业园改造将成为今年旧改的主阵地之一。广东将积极推广佛山市顺德区经验，通过挂账收储、政府统租、企业自改、村集体自主入市流转等方式，关停淘汰一批、功能转变一批、改造提升一批，盘活低效产业用地。(完)
【编辑:郭泽华】
</body></doc>