<doc><id>1366</id><url>http://www.chinanews.com/gj/2020/03-05/9114700.shtml</url><title>意大利宣布暂时关闭全国所有学校</title><datetime>2020-3-5 15:25:00</datetime><body>	(抗击新冠肺炎)意大利宣布暂时关闭全国所有学校
	中新社北京3月5日电罗马消息：意大利政府宣布从5日起关闭全国所有学校，直至本月中旬。截至当地时间4日18时，意大利累计确诊新冠肺炎病例3089例，死亡107例。
	意大利教育部长露西娅·阿佐利纳4日在记者会上宣布，由于疫情原因，意大利全国中小学和高校从3月5日起暂时关闭，直至本月15日。据安莎社报道，阿佐利纳表示，对政府而言，全国范围内暂停教育活动不是一个容易的决定。政府是在听取了各方意见后作出的决定。
	意大利总理孔特当天在社交媒体上发布视频称，意大利是一个坚强的国家，意大利不会放弃。孔特强调，应对新冠疫情不应带有任何政治色彩，整个国家必须团结起来。
	意大利公民保护部部长、新冠病毒应急委员会专员安杰洛·博雷利4日在记者会上表示，截至当日18时，意大利累计确诊新冠肺炎病例3089例，较上一日新增587例。累计治愈276例，死亡107例。
	作为欧洲疫情最严重的国家，意大利从2月下旬起对伦巴第大区和威尼托大区十余个城镇采取封闭管理措施，学校停课，大规模文体活动取消。有消息称，如果疫情进一步发展，意大利政府可能扩大封闭管制的范围。
	据不完全统计，已有17个国家报告发现源自意大利的输入性病例。位于布鲁塞尔的欧盟办公室4日发现首例新冠肺炎病例。据法新社报道，这名患者近日曾去过意大利。(完)
【编辑:何路曼】
</body></doc>