<doc><id>1367</id><url>http://www.chinanews.com/gj/2020/03-05/9114698.shtml</url><title>南非警察部：公民不配枪南非治安状况将变得更好</title><datetime>2020-3-5 15:24:00</datetime><body>	中新社约翰内斯堡3月5日电(记者王曦)针对南非当前枪支问题，南非警察部部长贝赫·塞勒(BhekiCele)宣称，反对南非公民持枪。
	4日，塞勒在国民议会上就《枪支许可证法案》草案进行答辩。日前，备受争议的《枪支许可证法案》出炉，该草案提议以自卫为理由，南非民主可以合法拥有枪支。
	5日，塞勒在接受采访时重申了他的观点。他首先驳斥了“大多数被盗枪支来自警察”的说法，并称个别违法警员此前已经受到法律的严惩，而这些人也只是个例。
	“如果南非的普通公民没有配戴武器，当前的治安状况将会变得更好。”塞勒强调。另据塞勒透露，尽管这一草案充满争议，但有关各方还将按照通常的法律程序对其进行审议。
	此前，为解决南非当前严重的治安问题，南非警方自去年12月1日起展开“非法枪支特赦”行动，并将持续到今年5月31日，为期半年。截至目前，上缴的枪支已接近1000支。塞勒称，希望南非公民最大程度地参与这一行动，为改善国家治安环境做出贡献。(完)
【编辑:何路曼】
</body></doc>