<doc><id>1368</id><url>http://www.chinanews.com/gn/2020/03-05/9114718.shtml</url><title>岩松帮你问丨治愈患者“复阳”？出院标准是否过宽？</title><datetime>2020-3-5 15:22:00</datetime><body>	新冠肺炎治愈患者出现“复阳”？出院标准是否过宽？
	在3月4日的《新闻1+1》节目中，白岩松提问中央赴湖北指导组专家组成员童朝晖，第七版诊疗方案在出院标准上为何没有变化？目前的出院标准是否过宽？
	童朝晖：有一些病例，比如两次核酸检测阴性出院后又有了阳性反应，很多地方、包括我自己也碰见过这种情况。要这样看待出院后“复阳”的情况——
	第一，这不是再感染，而是又出现阳性。应该这么来理解这个问题，客观因素上①试剂盒检测核酸还是不太稳定；②同时也有检测采样的问题。
	第二，大家也可以算一算这个病例，全国现在总共大概有8万多病例。实际上，这些出院后再阳性病例的比例大概为0.1%，不管怎么样按照平均和数标准物、标准差来算，都在一个可控的范围。
【编辑:田博群】
</body></doc>