<doc><id>1370</id><url>http://www.chinanews.com/gj/2020/03-05/9114644.shtml</url><title>悉尼借助美食月推动本土经济发展</title><datetime>2020-3-5 15:16:00</datetime><body>	中新社悉尼3月5日电(记者陶社兰)由美国通运公司(AmericanExpress)冠名的delicious.MonthOut美食月5日在悉尼开始，聚焦沙丽山、帕兹角和悉尼中央商务区当红餐饮聚集地。悉尼市政府希望借此推动本土经济发展，繁荣夜间经营。
	美食月由悉尼市政府资助，市政府为该活动拨款价值为9.5万澳元的种子资金。
	悉尼市长克罗芙·摩尔鼓励市民和游客走出家门，尽享当地美食。她说：“该活动联合各样场所提升消费者意识、促进客源人流、为本土商家带来应得的经济利益。”
	该活动的推出，恰逢新南威尔士州宣布取消对悉尼中央商务区的宵禁法。除此之外，乔治街和沙丽山地区的企业和餐厅不但饱受轻轨建设过程中经济的重创，还要面对新型冠状病毒所带来的影响。因此，主办方呼吁悉尼市民走上街头，光临当地酒吧、咖啡厅、餐馆和零售店铺以示支持。
	据知，本土零售商成为本次活动的主力军，其中包括来自市中心的Mary’sUnderground爵士酒吧。Mary’s集团联合创始人杰克·史密斯说：“任何形式鼓励人们走出家门感受这座美丽城市大街小巷的活动和计划我们都会支持。悉尼的酒吧和餐厅绝对具有国际水准。我希望看到人们能更加热爱这座城市，这里可爱的地方实在太多了。”(完)
【编辑:何路曼】
</body></doc>