<doc><id>1372</id><url>http://www.chinanews.com/ny/2020/03-05/9114679.shtml</url><title>41亿稀土电热发热材料项目落户广东龙门</title><datetime>2020-3-5 15:11:00</datetime><body>	中新网惠州3月5日电(郭文斌陈云辉宋秀杰)3月5日，记者从广东龙门县委宣传部获悉，3月4日，总投资额41亿元人民币的珂洛赫慕纳米稀土电热发热材料项目签约仪式在广东惠州产业转移工业园举行。
	据介绍，该项目总投资约41亿元人民币，第一期投资11.7亿元人民币，第二期投资11.6亿元人民币，第三期投资17.7亿元人民币(含设备、运营、科研费用)。
	该项目负责人表示，珂洛赫慕技术是电热发热材料到纳米、稀土、片式电阻整个应用的延伸，规划未来两年将在龙门形成一个完整的产业集群，希望项目与龙门经济社会共同发展。
	据了解，珂洛赫慕纳米稀土电热发热材料项目建成投产后，将进一步促进惠州产业园主导产业集聚发展，标志着惠州产业园建设和工业发展进入了一个新的发展阶段，将成为龙门县经济发展的新亮点。(完)

【编辑:郭泽华】
</body></doc>