<doc><id>1376</id><url>http://www.chinanews.com/sh/2020/03-05/9114675.shtml</url><title>上海时装周将开启“云秀场” 创全球线上全程直播时装周先河</title><datetime>2020-3-5 15:08:00</datetime><body>	中新网上海3月5日电(记者李佳佳)上海时装周5日在其官方微博上写道：“3.24-3.30我们云上见！”从线下“搬到”云上，也使它成为全球第一个全程在直播上呈现的时装周，同时也是第一个做到全程边看边买的时装周。
	时装周是服饰行业每年上新的集中展示场所，疫情之下，整个时装产业受到重创，海内外许多著名时装周都取消了线下走秀计划。
	上海时装周在与天猫沟通后，火速启动“云上时装周”项目。天猫搭建的场域打通了从展示到销售的环节，紧急为买手等新兴产业打通了线上开店的绿色通道，让数亿消费者能够在新风尚会场饱览时装周行程和买到风尚好物。
	据了解，今年3月24日到3月30日之间，100多个经过双方共同筛选的品牌将登上“云秀场”，通过淘宝直播展示它们的1000多款秋冬新品，还有超过100位明星设计师直播科普最新穿搭趋势。同期还有100个品牌在天猫旗舰店2楼，开设云上快闪店，为消费者带来足不出户就能“真实逛店”的体验。
	除了“云走秀”外，用户还可以实现在直播间对秀品的“边看边买”。这也意味着，原本在秋冬才能买到的新品，今年春季就能提前穿上身。
	“与传统的时装周形式相比，今年可谓一次巨大的创新，‘云秀场’不仅避免了人群大量聚集所带来的风险，还节省了场地、人力等费用。”一位业内人士表示，“随着5G即将普及，大量的赛事、秀场、机构都在尝试通过直播实现创新，走近用户，拥抱年轻人。”
	消息一公布，立刻引发不少网友留言：“全球第一个云上时装周”“想看香奈儿和Gucci的秀”“下一次把纽约、米兰、巴黎时装周也搬上淘宝直播吧！”
	2020年注定成为全民直播元年。在此之前，已经有大量品牌通过直播直达用户。前不久阿迪达斯在淘宝直播开启了史上首场“云发布会”，吸引223万人次进场观看首发的新品“贝壳头”，雷军亲自直播带货的小米10新品更是不到2分钟就被一抢而空。(完)
【编辑:郭泽华】
</body></doc>