<doc><id>1377</id><url>http://www.chinanews.com/sh/2020/03-05/9114674.shtml</url><title>湖南湘潭实现新冠肺炎确诊患者清零</title><datetime>2020-3-5 15:07:00</datetime><body>	(抗击新冠肺炎)湖南湘潭实现新冠肺炎确诊患者清零
	中新网湘潭3月5日电(记者徐志雄)5日，湖南湘潭最后一例新冠肺炎确诊患者治愈出院。至此，当地36名确诊患者全部治愈，实现确诊患者清零。
	据悉，当天出院的患者刘某是湘潭确诊的第36例患者，于2月21日确诊后转入湘潭市公卫中心接受治疗。
	经综合治疗，刘某复查肺部CT较前吸收好转，2次核酸检测阴性(检测间隔大于24小时)。专家组通过评估，认为刘某符合国家卫生健康委最新新冠肺炎确诊病例出院标准，可以出院。
	“从1月24日发现第一例新冠肺炎患者，到3月5日实现确诊患者清零，湘潭取得了抗疫阶段性胜利。”湘潭市公卫中心主任方志雄说，近期，该中心将接受综合消毒，医护人员也将陆续调休。虽然病人清零，但他们时刻做好了应对新情况的准备。(完)
【编辑:郭泽华】
</body></doc>