<doc><id>1380</id><url>http://www.chinanews.com/ga/2020/03-05/9114664.shtml</url><title>澳门各界支持内地抗疫 累计捐款捐物超5.1亿澳门元</title><datetime>2020-3-5 15:01:00</datetime><body>	澳门各界全力支持内地抗击疫情累计捐款捐物超5.1亿澳门元
	记者4日从中央政府驻澳门联络办公室获悉，全国抗击新冠肺炎疫情阻击战打响以来，澳门同胞以各种方式持续表达对祖国内地的同胞深情，来自社会各界的爱心捐助络绎不绝。截至2月29日，据不完全统计，澳门社会各界向内地捐款捐物累计超过5.1亿澳门元。
	广大澳门同胞用朴实的行动，表达着对祖国内地的深情厚谊。湖北省委、省政府也专门来函，向广大澳门同胞致以深深谢意！
	澳门中联办表示，将继续发挥好澳门与内地共同抗疫的桥梁纽带作用，按照中央统筹推进疫情防控和经济社会发展工作部署，积极支持澳门特区政府，紧紧依靠广大市民和社会各界，众志成城，砥砺奋进，全力战胜疫情，保持澳门特区长期繁荣稳定。
	(总台记者肖中仁戴峰)
【编辑:朱延静】
</body></doc>