<doc><id>1381</id><url>http://www.chinanews.com/sh/2020/03-05/9114656.shtml</url><title>战“疫”幕后的“病毒猎手”</title><datetime>2020-3-5 15:01:00</datetime><body>	中新网长沙3月5日电题：战“疫”幕后的“病毒猎手”
	记者唐小晴
	“柱子，截至上午10点的最新数据报给我！”“这两个疑似病例的流调分析也要马上出来！”……新冠肺炎疫情暴发以来，“柱子”每天忙得团团转。
	这位同事口中的“柱子”，是长沙市疾控中心传染病防治科副科长、新冠肺炎防控信息监测组组长周银柱，今年35岁。她的主要工作是负责收集、整理、分析、上报和反馈疫情信息，率团队编写疫情信息和全面汇总防控资料，为全市科学防控决策提供参谋数据。
	为织牢一张“防毒大网”，周银柱和20余名同事日夜无休轮流紧盯“中国疾病预防控制信息系统”，时刻与现场流行病学调查组保持联系收集第一手资料，用一双“鹰眼”从长沙排查人群、疑似病例、确诊病例的调查信息、样本检测信息、密切接触者等资料和海量数据中搜寻最关键信息，洞察疫情实时状况，切断病毒可能的传播渠道，从源头控制疾病增量。
	每天零时，整个城市万籁俱静，却是周银柱和组员们最为忙碌的时刻。根据要求，各项数据指标统计的时间节点为前一日零时到24时，这就意味着他们要24小时无间断收集信息，集中在零时核实上报。
	“信息组的数据收集和分析一环扣一环，后一环既是对前一环节的补充和完善，也是核对和审核，我们必须要在有限时间内对庞大信息量进行汇总。”饿了就吃泡面，渴了也顾不上喝水，周银柱和组员制定分线分组策略，做到定点定人、专线对接和层层把关、审核，保证数据信息及时准确。
	例如，数据收集专人在流行病学调查人员赶赴现场开始，就要做好准备同步收集病例住址、发病时间、临床诊疗经过和流行病学史等病例核心信息，再第一时间编辑疫情简讯转发给疫情分析人员转化为数据记录，与后续调查报告中更为详细的信息进行核对和整合，将核对无误的数据进行统计和分析，提供给疫情防控指挥部参考。
	“层层梳理出来的信息会形成每日疫情分析报告，对新增病例情况、病例的时间、地点和人群分布情况、病例的感染来源等内容进行分析和展示。”周银柱说，疫情初期“外防输入”是关键，随着本地续发病例和感染来源不明病例的发现，防控策略调整为“外防输入，内防扩散”。
	回归生活，周银柱也是两个年幼孩子的母亲。自战“疫”打响，她和队员早出晚归，未休息过一天。“两个孩子主要是爸爸和爷爷奶奶一起照顾。每次我忙完到家，他们早已酣然入睡，朝夕相处的亲人连见一面都难。疫情面前，必须舍小家为大家。”周银柱说，疫情初期是最忙的时候，因信息报送要求高，人员相对不足，几乎每天电话不断。
	“那时候每天没什么时间去思考，大家都是连轴转，一旦静下来想得最多的就是一定要尽最大努力，不能让长沙变成下一个武汉。”湖北宜昌是周银柱的家乡，她曾在武汉学习生活了7年，很多在武汉工作的同学和朋友是抗疫一线医务人员。
	截至目前，长沙市连续半个月无新增病例，张家界市、湘西土家族苗族自治州、怀化市、衡阳市、湘潭市实现确诊病例治愈清零。“目前疫情防控形势依然严峻复杂，国外疫情呈上升趋势，国内依然面临反弹的压力，因此防控工作依然不能丝毫放松。”周银柱认为。
	因业务技能精湛，工作业绩突出，周银柱先后获中华总工会“全国卫生应急技能竞赛突发急性传染病防控竞赛个人三等奖”、湖南省卫计委“湖南省卫生应急技能竞赛突发急性传染病防控项目二等奖”，并多次获长沙市卫生系统的记功奖励和嘉奖。
	“如果我真是一只雄鹰，那我要用好这一双‘鹰眼’，坚守好岗位，严防疫情反弹和蔓延。”周银柱说。(完)
【编辑:郭泽华】
</body></doc>