<doc><id>1384</id><url>http://www.chinanews.com/cj/2020/03-05/9114652.shtml</url><title>广西再添国际旅游项目 打造世界级文化旅游民族品牌</title><datetime>2020-3-5 14:58:00</datetime><body>	中新网南宁3月5日电(记者杨陈)致力打造世界级文化旅游民族品牌的广西将再迎超大型综合性国际旅游项目。记者5日从广西壮族自治区文化和旅游厅获悉，南宁万有国际旅游项目将于3月底前开工建设，旨在打造世界级文化旅游新标杆。
	据悉，南宁万有国际旅游项目是广西重点打造的文旅项目，由广州万有文化旅游发展有限公司投资建设，集主题旅游、文化演艺、休闲度假、旅游购物、健康养生和生态保护等于一体。
	南宁万有国际旅游项目计划分两期开发建设，三年内完成首期启动区项目建设，五年内完成首期全部项目建设，十年内完成项目整体建设。项目全面建成投入运营后，每年可吸引游客约3000万人次，创造直接就业岗位约3万个，带动相关产业就业约10万人。
	广西文化旅游资源丰富，既有驰名世界的山水自然风光，也有多姿多彩的民族风情，还有毗邻东盟的边关跨境旅游产品。
	近年来，广西突出优势，文化旅游提出“三地两带一中心”战略新布局，“三地”即桂林国际旅游胜地、北部湾国际滨海度假胜地、巴马国际长寿养生旅游胜地，“两带”即中越边关风情旅游带、西江生态旅游带，“一中心”即南宁区域性国际旅游中心城市。
	在首府南宁，先后引进了融合广西民俗民风与少数民族元素的广西首个桂文化主题乐园——南宁万达茂，以南宁作为中国—东盟博览会永久举办地为契机，中国首座展示东盟十国文化的主题乐园——方特东盟神画。上述项目均使广西本土特色与东盟自然风光、民俗风情和历史文化得到有机结合，且在中国文旅融合项目中属创新之举。
	当前，文化旅游需求呈现出爆发式增长态势，广西壮族自治区主席陈武表示，当地将积极引进一批具有世界影响力的文旅战略投资者和运营商，高效推进南宁万有、桂林融创万达、北海银基等三大标志性文旅项目，打通广西旅游布局南北主轴线，以轴带线，形成网格化框架。力争到2025年，广西文化旅游产业高质量发展体系初步形成，建成中国文化旅游产业发展先进省区、世界文化旅游重要目的地。(完)
【编辑:郭泽华】
</body></doc>