<doc><id>1385</id><url>http://www.chinanews.com/gn/2020/03-05/9114654.shtml</url><title>检察机关分别对权志高、聂仲秋决定逮捕</title><datetime>2020-3-5 14:57:00</datetime><body>	中新网3月5日电据最高检网站消息，日前，山西省人民检察院依法对山西省公安厅原副巡视员权志高作出逮捕决定。陕西检察机关依法对陕西省西安市委原常委、市政府原党组成员聂仲秋作出逮捕决定。
	山西省人民检察院依法对权志高决定逮捕
	山西省公安厅原副巡视员权志高(副厅级)涉嫌受贿、徇私枉法一案，由山西省监察委员会调查终结，移送检察机关审查起诉。日前，山西省人民检察院依法以涉嫌受贿罪、徇私枉法罪对权志高作出逮捕决定。案件正在进一步办理中。
	陕西检察机关依法对聂仲秋决定逮捕
	陕西省西安市委原常委、市政府原党组成员聂仲秋(正厅级)涉嫌受贿一案，由陕西省监察委员会调查终结，移送检察机关审查起诉。经陕西省人民检察院指定管辖，由咸阳市人民检察院审查起诉。日前，咸阳市人民检察院依法以涉嫌受贿罪对聂仲秋作出逮捕决定。案件正在进一步办理中。
【编辑:张楷欣】
</body></doc>