<doc><id>1386</id><url>http://www.chinanews.com/gj/2020/03-05/9114640.shtml</url><title>联合国前秘书长德奎利亚尔逝世 终年100岁</title><datetime>2020-3-5 14:56:00</datetime><body>	中新社北京3月5日电利马消息：联合国前秘书长、秘鲁前外交部长哈维尔·佩雷斯·德奎利亚尔当地时间4日在秘鲁首都利马去世，终年100岁。
	德奎利亚尔的儿子弗朗西斯科·佩雷斯·德奎利亚尔当天对秘鲁RPP电台表示，“经过了很难熬的一周后，我的父亲过世了。他于今晚8时9分在家中安然辞世。”
	据报道，德奎利亚尔的遗体告别仪式将于3月6日上午10时30分在秘鲁外交部举行，3月7日举行葬礼。
	秘鲁总统比斯卡拉在社交媒体推特上对德奎利亚尔逝世表示“深切哀悼”，并代表秘鲁人民对其家人表示慰问。
	今年1月19日是德奎利亚尔100岁生日。联合国现任秘书长古特雷斯向其致信表示祝贺，并感谢其在任期间为联合国所做出的卓越贡献。古特雷斯表示，德奎利亚尔“不仅跨过了一个世纪，更见证了联合国的整个历史”，其所留存的经验和树立的榜样是一种珍贵的“指引和启迪”。
	德奎利亚尔1920年出生于秘鲁利马，曾在秘鲁天主教大学攻读国际法，自1940年进入秘鲁外交部工作一直从事外交工作。1982年1月至1991年12月，他两次担任联合国秘书长，是联合国历史上第一位、也是迄今为止唯一一位来自拉丁美洲地区的秘书长。
	联合国官网介绍说，德奎利亚尔在任期间，曾就塞浦路斯统一问题召开对话、促成了1988年伊朗与伊拉克的正式停火、协调了前苏联从阿富汗的撤军工作、推进了柬埔寨的选举和新政府的成立，以及纳米比亚的独立过渡等，为联合国在全球范围内“扮演更加积极的角色打开了一扇大门”。(完)
【编辑:郭炘蔚】
</body></doc>