<doc><id>1388</id><url>http://www.chinanews.com/ga/2020/03-05/9114639.shtml</url><title>香港警方“暗蜂行动”打击伪钞集团 拘捕10人</title><datetime>2020-3-5 14:53:00</datetime><body>	中新社香港3月5日电(记者韩星童)香港警方于去年10月至今年2月期间，进行代号为“暗蜂行动”的打击伪钞集团行动，并于3月4日拘捕10人，检获30万港元面值的伪钞。
	“暗蜂行动”期间，警方发现九龙、新界多区有骗徒使用港元伪钞付款，面值涉100港元、500港元及1000港元，涉及相关案件共17宗。
	经深入调查，警方锁定一个伪钞集团，主脑为一名持有香港身份证的印度籍男子，他透过不法途径获得伪钞，再以面值10%的价格转售给集团其他成员，在市面消费，令伪钞流通。
	新界北总区刑事总部重案组高级督察梁卓熙介绍，集团成员在使用伪钞时，会利用昏暗环境如夜晚及繁忙时间，务求受害者无时间检查钞票真伪。集团成员亦曾将伪钞混入真钞中使用，用来支付的士费用、快递费用、购买生活电器如手提电话，他们最活跃的地区为上水、红磡、元朗、屯门。不过，梁卓熙表示，暂无证据显示该集团利用伪钞购买高端产品转售图利。
	3月4日早晨，警方采取拘捕行动。新界北总区刑事总部(行政及支援)警司陈宪钧表示，警方在屯门区拘捕10人，包括7男3女，年龄介乎23至42岁，他们之中3人为香港人，其余7人为南亚籍人士，当中5人为持有俗称“行街纸”人士。行动中，警方检获30万港元面值的伪钞。现在所有被捕人士被通宵扣查。陈宪钧强调，行动仍在继续，不排除稍后更多人被捕。(完)
【编辑:王诗尧】
</body></doc>