<doc><id>139</id><url>http://www.chinanews.com/gn/2020/03-03/9112395.shtml</url><title>云南将构建“地空天”一体化监测网阻断边境野生动物走私</title><datetime>2020-3-3 19:07:00</datetime><body>	新华社昆明3月3日电(记者赵珮然)云南省林业和草原局、国家林草局驻云南省森林资源监督专员办事处近日印发《关于加强边境野生动物资源保护管理的通知》，提出云南将在强化人员巡护排查的基础上，加快遥感、物联网和大数据等技术应用，探索构建“地空天”一体化的监测防控网络，阻断野生动物走私、食用和流入我国境内的风险。
	云南与缅甸、老挝、越南三国接壤，与周边国家和地区有大量跨境分布的珍稀濒危野生动物。根据通知，云南各级林草部门正积极开展综合治理边境野生动物盗猎和非法交易活动，取缔非法养殖和经营场所，打击合法养殖场所“挂羊头卖狗肉”的行为，并配合做好跨境物流行业排查工作，加强邮件包裹野生动物及其制品检查。
	云南省林业和草原局副局长王卫斌说，全省林草部门将对云南野生动物集中分布区、越冬地、迁飞通道、边境一线等重点区域进行彻底排查，并发挥边境沿线自然保护地、国有林场等机构作用，实行“划片分包”的网格化管理。
	通知还提出，将定期或不定期地开展不同类型、不同形式的边境联合执法行动。
【编辑:田博群】
</body></doc>