<doc><id>1390</id><url>http://www.chinanews.com/fortune/2020/03-05/9114604.shtml</url><title>青海外汇服务不打烊：辖内涉外企业复工复产率约九成</title><datetime>2020-3-5 14:41:00</datetime><body>	中新网西宁3月5日电(鲁丹阳赵咏梅)国家外汇管理局青海省分局5日消息，该局在开辟辖区外汇政策“绿色通道”的基础上，不断创新服务方式，优化外汇金融服务，拟定支持稳外贸的行动方案，全力保障辖区涉外企业复工复产。截至目前，辖内已有近九成涉外企业复工复产。
	受持续的疫情影响，给辖区企业生产经营活动带来开工延期造成订单产品无法按时完成、国外客户担心货物携带病毒要求出口货物暂停出货、资金出现周转不畅等诸多困难。
	对此，国家外汇管理局青海省分局制定印发《国家外汇管理局青海省分局关于一手抓疫情防控、一手抓涉外实体经济发展的指导意见》，稳步推进“跨境金融区块链服务平台”试点，便利贸易融资。实施贸易外汇收支便利化试点，提高企业对外支付的效率。支持外贸新业态资金结算，简化小微跨境电商企业货物贸易收支手续，提升个人贸易结算业务灵活度。扩大境外资金集中管理账户的收支范围，支持企业开拓多元化市场。
	针对疫情防控的特殊情况，国家外汇管理局青海省分局不断优化“不见面、网上办、马上办”的外汇业务办理模式，践行“外汇业务在线办、企业一次不用跑”，及时梳理发布外汇业务网上办理的具体流程及指南，采取“网上办”、“邮寄办”、“互联网邮箱办”、“微信办”、“电话办”及“现场预约办”等多种外汇业务管理服务方式，降低市场主体的“脚底成本”，在提高业务办理效率的同时避免不必要的人员流动与聚集，减轻辖区疫情防控压力。
	同时，国家外汇管理局青海省分局指导青海省银行业外汇业务展业自律机制发出“强化外汇服务抗击疫情、全力支持企业复工复产”倡议书，提供防疫援助减费让利、跨境融资期限适度延长、优化跨境投融资组合等措施，加大对受疫情影响严重的行业及企业的贸易投融资支持力度。引导市场主体优先通过官方网站、手机银行等线上渠道办理各类跨境金融业务，为支付机构、外贸中小微企业提供在线结算、存款和融资等综合服务。(完)
【编辑:李玉素】
</body></doc>