<doc><id>1391</id><url>http://www.chinanews.com/mil/2020/03-05/9114595.shtml</url><title>乌美“无敌守卫2020”联合军演落下帷幕</title><datetime>2020-3-5 14:40:00</datetime><body>	中新社努尔苏丹3月5日电塔什干消息：乌兹别克斯坦国家近卫军当地时间4日发布消息称，乌国家近卫军与美国中央司令部在乌境内举行的“无敌守卫2020”联合军演日前落下帷幕。
	乌兹别克斯坦日报网援引乌国家近卫军消息指出，这次联合军演于2月24日至3月2日举行，旨在加强乌美两国在安全领域互动，改善双边合作，以应对可能的危机局势。3月2日，联合军演在乌兹别克斯坦中部地区的吉扎克州福里什山地训练场正式落下帷幕。
	美国驻乌兹别克斯坦大使馆表示，开展军演将使两国武装部队在面对挑战时提高作战效率，并扩大相互合作。此外，有部分美方人员在美国佛罗里达州的麦克迪尔空军基地远程参加了此次联合军演。
	2月3日，美国国务卿蓬佩奥在乌兹别克斯坦首都塔什干与中亚五国外长举行“C5+1”机制会谈。会谈结束后，六方发表联合声明，表示将强化在经贸、能源、科技、教育和安全等领域合作。其间，乌总统米尔济约耶夫与蓬佩奥还就深化两国战略伙伴关系，加强经贸、地区和安全合作等交换了意见。(完)

【编辑:苑菁菁】
</body></doc>