<doc><id>1392</id><url>http://www.chinanews.com/cj/2020/03-05/9114572.shtml</url><title>山东烟台精准推动外资企业复工 “夺回失去的时间”</title><datetime>2020-3-5 14:38:00</datetime><body>	中新网烟台3月5日电题：山东烟台精准推动外资企业复工“夺回失去的时间”
	作者王娇妮马双军
	全市外资企业复工1838家，复工率99.5%……山东省烟台市精准推动外资企业复工复产，助力外企“夺回失去的时间”，外企复工率居山东省首位。
	世界500强投资企业发来感谢信
	“公司坚定地认为，新冠肺炎疫情所造成的影响是暂时的，中国经济有巨大的韧性和潜力，长期向好的趋势不会改变。”近日，世界500强投资企业汉高乐泰(中国)有限公司、汉高大中华区总裁JeremyHunter给烟台开发区发来感谢信。
	汉高乐泰(中国)有限公司是自贸区烟台片区的一家德资企业，多年来深耕中国市场，年销售额从最初100多万增长到现在20多亿元。
	在当地政府的帮助下，该企业顺利复工。JeremyHunter在感谢信中表示，无论遇到什么困难和挑战，他们都坚定地与中国站在一起，战胜疫情。
	成立外资企业开复工专班
	“复工专班为我们上门服务，进行了手把手的指导，使公司2月10日顺利复工。目前我们正调动全体员工的积极性，把失去的时间夺回来，把耽误的产量补上来。”汉高乐泰(中国)有限公司行政部经理刘颖群说。
	据悉，烟台市第一时间成立了外资企业开复工专班，专班为汉高乐泰(中国)有限公司协调深圳、河南、上海等地的上游供应商所在地政府，批准4家供应商提前复工，保证了铝封膜、注塑管、铝管等物料的供应，实现了上亿元订单按时保质执行。
	外资企业开复工专班还建立了商事服务工作组，向全市外商投资企业派驻服务专员582人，帮助企业解决订单短缺和延期、防疫物资不足等各类问题210余件。
	多部门联合搭建外企复工“绿色通道”
	复工复产只是第一步，为帮助外资企业尽快达产，烟台市商务局跟踪复工企业生产经营状况，积极解决斗山机械等企业因配套企业未复工导致的再停工和不达产等问题，推动企业由点上复工到链上复工。
	针对首钢磁材、喜星电子等15家重点企业反映的外地配套企业停工问题，烟台市疫情防控指挥部函发省内外33个市，商请在符合当地防控总体要求的前提下，帮助重点企业解决55家配套企业复工问题。
	疫情冲击之下，部分企业订单延迟，违约风险上升。烟台市贸促会通过多种方式帮助企业“足不出户、自主打印”，实现当日审核当日出证。
	与此同时，烟台人社部门开通“返岗直通车”，截至目前，“返岗直通车”已帮助20家外资企业解决2100多名员工的返岗问题，已复工外资企业员工到岗率达89%。(完)
【编辑:李玉素】
</body></doc>