<doc><id>1393</id><url>http://www.chinanews.com/sh/2020/03-05/9114568.shtml</url><title>四川援助湖北医生为捐献恢复期血浆的患者发“奖状”</title><datetime>2020-3-5 14:37:00</datetime><body>	(抗击新冠肺炎)四川援助湖北医生为捐献恢复期血浆的患者发“奖状”
	中新网武汉3月5日电(彭宇王路炜)“祝贺您战胜病魔，感谢您无私地奉献出珍贵的血浆，您的付出是其他病人的希望！”这是四川省援助湖北医疗队，向捐献血浆的康复患者所颁发的一张特殊的“奖状”。
	近日，在四川省第七、八批援鄂医疗队接管的武汉协和医院肿瘤中心Z9病区，全体值班医疗队员正在为当天出院的4名新冠肺炎康复患者准备奖状，逐一签上自己的名字，向自愿捐献血浆的康复者致敬，感谢康复者在顽强战胜病魔后，以实际行动去帮助他人。
	“恢复期血浆治疗是一项古老而又创新的治疗措施，对重症、危重症非常有效，可显著降低患者死亡率”，据四川省第七、八批援鄂医疗队临时党委委员、四川大学华西第二医院薛欣盛主任介绍，“在献血者的选择上，参照《新冠肺炎康复者恢复期血浆临床治疗方案》，应同时符合以下条件：距首发症状时间不小于3周，符合最新版新冠肺炎诊疗方案中解除隔离和出院标准，年龄在18～55岁，无经血传播疾病史，经临床医师综合患者治疗等有关情况可考虑纳入捐浆者”。
	从国家卫生健康委官网获悉，早在《新型冠状病毒肺炎诊疗方案(第五版)》中已经将该治疗手段纳入其中，修订形成的《第六版》将其进一步细化，并建议增加“康复期血浆”治疗，利用康复者血浆中一定滴度的病毒特异性抗体来降低患者体内病毒含量，从而达到治疗效果。
	在离开Z9隔离病区前，四川医疗队队员、四川大学华西第二医院医师段泓宇告诉记者，“如果目前治愈出院的大量患者能踊跃捐献血浆，将为在生命线上挣扎的患者带来新的希望”。让人感动的是，这4名康复者出院前还告诉医生，“捐献的血浆只要能帮助到别人，我们就很开心，如果有需要，我们再捐一次也可以”。(完)
【编辑:苑菁菁】
</body></doc>