<doc><id>1395</id><url>http://www.chinanews.com/cj/2020/03-05/9114560.shtml</url><title>多个核电项目复工顺利 福建加快打造清洁能源强省</title><datetime>2020-3-5 14:34:00</datetime><body>	(经济观察)多个核电项目复工顺利福建加快打造清洁能源强省
	中新社福州3月5日电(记者龙敏)福建福清核电有限公司5日通报，3月2日，中国具有完全自主知识产权的三代核电“华龙一号”全球首堆——福清核电站5号机组，基本完成热态性能试验，为后续机组装料、并网发电奠定了坚实基础。
	除了福清核电站5号机组基本完成了热态性能试验，宁德霞浦核电基地、福清核电站6号机组、漳州核电厂一期工程也克服困难加快建设。福清核电站6号机组工程2月1日以来施工人员陆续进场，目前施工逐步恢复；霞浦核电基地示范快堆工程业主、设计、施工人员已到场近5000人，工程由土建阶段全面转入土建安装交叉施工阶段；漳州核电一期工程施工到位人员600多人，现场施工逐步恢复。
	福建省发展和改革委员会相关负责人介绍，截至2月底，霞浦核电基地、福清核电站、漳州核电厂一期工程三大核电项目工程现场到位人员约七成，未出现确认病例和疑似病例，工程关键节点没有较大延误。
	在加紧战“疫”加快复产复工之际，多个核电项目“不失速”，彰显福建将加快打造沿海清洁能源强省。
	随着经济的发展，福建能源需求呈现出快速增长的态势。但福建地区煤、石油等常规能源匮乏，水电开发已趋饱和，建设核电站缓解能源需求压力成为一个重要选择。从《福建省“十三五”能源发展专项规划》可见，福建在采用国际最高安全标准、确保安全的前提下，稳妥推进核电建设，提高核电装机及发电量比重。
	宁德核电站1号机组于2013年4月正式商运，实现福建核电零的突破；随后，宁德核电站一期和福清核电站一期各4台机组分别于2016年7月和2017年9月全部建成投产。目前，福建核电总装机容量达871万千瓦。
	当下，并网发电的福清核电站1-4号机组、宁德核电站1-4号机组已成福建清洁能源的“主力军”。据福建福清核电有限公司披露，截至去年9月1日，该站1-4号机组累计商运发电量突破1000亿千瓦时；与同等规模的化石能源相比，相当于减少标煤消耗3090万吨、二氧化碳排放8080万吨，相当于造林22.5万公顷。
	福建省2020年政府工作报告指出，将有效落实绿色产业指导目录，水电、核电、风电等清洁能源装机比重超过56%。福建省发展和改革委员会2月底印发了2020年度省重点项目名单，宁德霞浦核电基地、福清核电站、漳州核电厂一期工程项目被列入重点项目。
	目前，福建核电建设迈入“快车道”。按照预期，福清核电站5号机组将于2020年实现并网发电，6号机组计划2021年建成投产；漳州核电站1号机组将在2024年6月投入商业运行，2号机组将在2025年4月投入商业运行。
	福建农林大学经济学院教授戴永务指出，稳定、清洁、低碳、无污染的核电，缓解了东南沿海地区电力和能源运输的压力，优化了福建省能源和电网结构，将加快形成资源节约、环境友好的生产方式和消费模式，促进经济社会高质量发展。(完)
【编辑:苑菁菁】
</body></doc>