<doc><id>14</id><url>http://www.chinanews.com/sh/2020/03-03/9112648.shtml</url><title>琼州海峡今年春运无安全生产事故和险情发生</title><datetime>2020-3-3 23:12:00</datetime><body>	中新网广州3月3日电(记者郭军)记者3日从交通运输部珠江航务管理局(简称“珠航局”)召开的2020年琼州海峡省际水路运输春运工作总结视频会上了解到，受新冠疫情影响，今年春运琼州海峡客滚运输运送旅客量和车流量同比出现大幅下降。春运期间琼州海峡无任何安全生产事故和险情发生。
	珠航局局长王建华表示，琼州海峡客滚运输民生大通道经受住了考验，始终保持了安全畅通，春运期间的运输和防疫工作呈现出“三无一短”的特点。“三无”即无任何安全生产事故和险情发生、无一线工作人员确诊病例出现、无旅客司机大规模滞留港口情况出现，“一短”即过海时间进一步缩短。
	他强调，当前疫情形势依然严峻复杂，防控正处在最吃劲的关键阶段，琼州海峡相关管理部门和港航企业要毫不松懈地投入到“保通畅、控疫情”的两大战役中，持续做好琼州海峡客滚运输工作，全力保障民生大通道的安全畅通。
	据悉，今年是琼州海峡客滚运输实行班轮化模式运营的首个春运，面对复杂的防疫防控和运输情况，珠航局不断科学安排运力，进一步巩固琼州海峡客滚运输班轮化运营秩序，旅客到港等待时间，平均过海进一步缩短，船舶海上抛锚等待时间明显减少，基本实现过海服务便捷、有序、高效的要求。
	受新冠疫情影响，春运期间琼州海峡客滚运输运送旅客量和车流量同比出现大幅下降。2020年春运40天(1月10日至2月18日)，琼州海峡客滚运输累计输送旅客209.63万人次、车辆51.92万台次。与去年春运同比分别下降41.85%和30.45%。
	自1月24日至2月18日止，琼州海峡客滚运输累计运送武汉/湖北等重点地区车辆3071台次，旅客15115人次。累计检测出发热的旅客共计25人，发热的一线员工2人；其中2名湖北籍旅客被确诊染上新型冠状病毒肺炎，按照疫情防控要求进行了移送处理。(完)
【编辑:张楷欣】
</body></doc>