<doc><id>1400</id><url>http://www.chinanews.com/gn/2020/03-05/9114534.shtml</url><title>中国驻加大使：中方愿与加拿大等开展抗疫交流合作</title><datetime>2020-3-5 14:25:00</datetime><body>	(抗击新冠疫情)中国驻加大使：中方愿与加拿大等开展抗疫交流合作
	中新社渥太华3月4日电(记者余瑞冬)中国驻加拿大大使丛培武当地时间3月4日在渥太华对中新社记者表示，中方非常愿意与包括加拿大在内的国际社会在抗击新型冠状病毒肺炎疫情方面开展交流合作。
	丛培武当日应邀出席2020年渥太华安全与防务会议，期间介绍了中国防控新冠肺炎疫情取得的积极进展。丛培武对记者表示，面对国际公共卫生问题，中加双方有很多可以交流、合作的空间。加拿大拥有自己的经验、技术和人才。实际上双方已经在开展一些相关的沟通和交流。
	今年3月3日适逢诺尔曼·白求恩诞辰130周年。丛培武说，白求恩这个在中国家喻户晓的名字是一种精神的象征，包括救死扶伤的人道主义精神。而且这样的精神至今还在传承和发扬。近来在加拿大，不少人自发地为支援中国抗击疫情组织捐款捐物。丛培武说，特别是一些医务工作者积极为中国同行募捐医疗物资，“他们可以称之为当代的白求恩，具有非常积极的意义。”
	在白求恩诞辰130周年之际，加拿大驻华大使鲍达民也通过一段网上视频表示，白求恩是两个不同的国家可以形成纽带关系、共同合作的一个例证，其事迹非常令人受启发。
	丛培武在会上指出，当今时代，传统安全与非传统安全相互交织，非传统安全的危害日益突出。新冠肺炎疫情显示，在全球化时代，各国利益相融，命运与共，应齐心协力应对共同挑战，维护全人类安全和福祉。
	他表示，中国强有力的举措既控制了疫情在中国境内扩散，也阻止了疫情向其他国家蔓延。中国秉持人类命运共同体理念，本着公开、透明、负责任的态度开展国际防疫合作，得到广泛肯定和赞誉。中国与世卫组织密切合作，并向伊朗和非洲等国提供试剂，施以援手，与其他国家和地区组织的专家通过视频会议分享抗疫经验。疫情虽然给中国经济带来的一定影响，但仅是阶段性和暂时的，中国经济长期向好的基本面不会改变。
	丛培武表示，加拿大政府理性对待疫情，并向中方提供了医疗物资援助。中方对此表示赞赏和感谢，希望中加继续加强公共卫生领域合作。
	渥太华安全与防务会议创办于1932年，每年举办一次，是加拿大规模最大、层次最高、影响最大的安全防务论坛。加拿大、美国、英国、法国、澳大利亚、新西兰等20多国军方高官、政府代表、商界、智库和媒体人士约400人出席今年的会议。中国驻加使馆国防武官吴俊辉等出席该会。(完)
【编辑:苑菁菁】
</body></doc>