<doc><id>1403</id><url>http://www.chinanews.com/hr/2020/03-05/9114583.shtml</url><title>加拿大阿省卫生部门提醒入境旅客加强疫情防控</title><datetime>2020-3-5 14:22:00</datetime><body>	中国侨网3月5日电据中国驻卡尔加里总领事馆网站消息，截至3月3日上午，加拿大已确诊新冠肺炎30例。阿尔伯塔省卫生厅首席医疗官DeenaHinshaw博士于3月2日发表声明，“要求在过去14天内到过伊朗的人员，即使无症状，也要进行自离开伊朗之日起算两周的自我隔离。过去14天从伊朗返回的人员都应致电811医疗健康热线获取有关自我隔离的信息和建议”，“继续要求在过去14天内到过中国湖北省的人员，进行自离开湖北起算两周的自我隔离”，“来自中国大陆、香港地区、新加坡、韩国、日本和意大利的旅客自入境之日起14天内要监测自己的症状，如感到不适应立即自我隔离，并致电医疗健康热线”。
	“阿省仍未有可能或确诊的病例，阿省人面临的感染风险仍很低……”。“预防呼吸道疾病，包括新型冠状病毒的最佳方法是保持良好的卫生习惯，包括勤洗手和咳嗽、打喷嚏时掩住口鼻，以及不要用手接触眼睛、鼻子和嘴。如感到身体不适，应留在家中，远离他人，特别是不要赴医院或护理机构探望他人，因为这些人群感染流感和其他呼吸道疾病的风险更高”。
	请领区中国公民及时关注当地卫生部门权威信息，严格遵守并配合当地防疫措施，掌握政府对旅行的建议，减少不必要的出行。如遇特殊或紧急情况，请及时求助。
	加拿大紧急求助电话：911，医疗健康热线：811。
	外交部全球领事保护与服务应急呼叫中心(24小时)电话：86-10-12308或86-10-59913991。
	驻卡尔加里总领馆领事保护与协助电话：403-537-6907
	邮箱：consularaccess@chinaconsulatecalgary.com
【编辑:韩辉】
</body></doc>