<doc><id>1406</id><url>http://www.chinanews.com/hr/2020/03-05/9114590.shtml</url><title>南非林波波省一名福建籍侨胞在偏僻村落被杀害</title><datetime>2020-3-5 14:21:00</datetime><body>	中国侨网3月5电据《非洲时报》微信公众号报道，当地时间3月3日晚，在南非林波波省Uegdraai村落开店的福建籍侨胞郑某因头部被刀砍伤，不幸身亡，具体被杀原因目前不得而知。
	据林波波省华人警民合作中心高霖主任介绍，郑某是福建省福安市人，1964年出生，在南非林波波省Uegdraai村落经营一家杂货店，该小镇距离彼得斯堡(Polokwane)200多公里，是一个非常偏僻的小村镇，沿路大多是土路。郑某平常居住在店铺中，他还有一名当地黑人员工居住在店铺附近。案发当晚9点左右，他的黑人员工回家路过店铺时，发现店铺大门敞开着，进去查看，发现郑某已经死在厨房内，随后他报了案。
	由于郑某在南非孤身一人，也没有什么亲戚朋友，他的黑人员工报案后，警方通过打听，当晚凌晨左右联系到了在周边经营店铺的一名福建籍侨胞，并随后联系了林波波省华人警民合作中心。高霖主任于4日早上赶到现场了解相关情况并提供必要的帮助。
	据了解，郑某的头部被刀砍伤，因流血过多而亡，案发现场没有打斗的痕迹，店铺的香烟等重要财物也没有动过的痕迹，因此他被杀害的具体原因还不得而知。

【编辑:韩辉】
</body></doc>