<doc><id>1408</id><url>http://www.chinanews.com/sh/2020/03-05/9114597.shtml</url><title>“渴的时候含一口水再吐掉” 他们这样在方舱医院执勤</title><datetime>2020-3-5 14:20:00</datetime><body>	在武汉方舱医院
	除了医护人员、环卫工人
	还有执勤的警察
	不敢正常喝水、吃饭
	不得不穿上尿不湿
	是他们在方舱医院坚守的日常
	为了不上厕所
	提前三小时不喝水
	中午11点
	武汉市公安局江岸区分局的警察
	准备从驻地去江岸方舱医院执勤
	大队教导员也开始“唠叨”
	“备用口罩拿了没有？”
	“鞋套、手套全部扎在防护装备上”
	“拉链拉到头，封条扎好”……
	每一个准备细节都反复强调
	刑侦大队重案二中队中队长余飞燕说
	自己是下午1点钟上岗
	但从早上10点钟就不敢喝水了
	如果实在口渴
	就会含一口水再吐掉
	因为在方舱医院里穿着防护服
	实在没办法上厕所
	除了水，他们连饭也不能正常吃
	吃完早饭后
	要一直到晚上7点下班才能再吃东西
	“不敢吃，吃得多，排泄也会多”
	为减少穿脱防护服
	穿上了尿不湿
	为了在工作期间
	减少穿脱防护服
	警察们甚至穿上了尿不湿
	“小的时候没穿过
	没想过有一天会穿
	也没想到穿上这么不舒服”
	大家苦中作乐
	常常拿这件事互相开玩笑
	“体验了一把宝宝的感受”
	防护服是他们安全的
	唯一一道防线
	穿戴好防护服后
	教导员一个个检查大家的穿戴
	并再次交代督导员给大家把好关
	督导员负责督导小组成员穿脱防护装备
	“因为我们的安全
	实际上就是这个衣服
	就这一道防线”
	随后，教导员在大家的衣服上
	贴上“武汉公安”几个字
	“这就是个合格证
	合格的武汉公安”
	一切准备就绪
	警察们出发，去往方舱……
	“出发，辛苦了兄弟们”
	送走这一组警察
	教导员立马通知在方舱医院里
	上通宵班的兄弟们准备出舱
	他们已经在里面执勤6个小时了
	“在里面能少待一分钟就少待一分钟
	我们把交接的程序搞快一点”
	教导员说，白天的时候
	他们那里很安静
	因为想让通宵班的兄弟们能睡个好觉
	你们说
	“辛苦了，兄弟们”
	我们想说
	“辛苦了，武汉公安”
	“辛苦了，所有一线人员”
	谢谢你们的坚守！
	记者/郭洁
【编辑:刘欢】
</body></doc>