<doc><id>1413</id><url>http://www.chinanews.com/gj/2020/03-05/9114581.shtml</url><title>俄土总统会面在即 土方期待在叙伊德利卜省停火</title><datetime>2020-3-5 14:13:00</datetime><body>	中新网3月5日电据俄塔社报道，土耳其总统埃尔多安4日表示，他期待在5日与俄罗斯总统普京会晤后，能宣布在叙利亚伊德利卜省停火。
	据报道，NTV频道援引埃尔多安的话说，“关于会谈，我们期待能宣布停火。”
	与此同时，克里姆林宫发言人佩斯科夫在4日向记者作简报时说，尽管有分歧，俄罗斯仍希望与埃尔多安达成协议。
	土总统埃尔多安计划5日对俄罗斯进行为期一天的访问，并计划与俄总统普京举行会谈，讨论叙利亚问题。
	2019年12月以来，叙利亚政府军在俄罗斯军事支持下，在伊德利卜与土耳其支持的叙反对派武装激战。近期一次空袭中，土军伤亡惨重，土国防部长还在3月1日对叙政府军发起代号为“春天之盾”的军事行动。
【编辑:孔庆玲】
</body></doc>