<doc><id>1414</id><url>http://www.chinanews.com/sh/2020/03-05/9114505.shtml</url><title>云南治愈出院率达97% 现有确诊病例3例</title><datetime>2020-3-5 14:12:00</datetime><body>	(抗击新冠肺炎)云南治愈出院率达97%现有确诊病例3例
	中新网昆明3月5日电(陈静)记者5日从云南省卫健委获悉，3月5日0时至12时，云南无新增确诊病例，全省累计确诊病例174例，治愈出院169例，现有确诊病例3例。至此，云南已连续13.5天无新增确诊病例，治愈出院率达97%。
	自2月21日0时至3月5日12时，云南无新增确诊病例。全省累计确诊病例174例，治愈出院169例，死亡2例，现有确诊病例3例，为昆明市1例，曲靖市1例，德宏州1例，无重症、危重症病例。现有疑似病例5例。
	全省129个县市区均为低风险。(完)

【编辑:苑菁菁】
</body></doc>