<doc><id>1415</id><url>http://www.chinanews.com/gn/2020/03-05/9114582.shtml</url><title>上海新增1例新冠肺炎确诊病例 为境外输入型病例</title><datetime>2020-3-5 14:10:00</datetime><body>	中新网3月5日电据上海市卫健委官方微博消息，3月5日0—12时，上海市排除新型冠状病毒肺炎疑似病例8例；新增治愈出院5例；新增1例确诊病例，为境外输入型病例。
	该确诊病例为中国青海籍，伊朗留学，自伊朗德黑兰出发，经泰国曼谷转机后于3月2日抵达上海浦东国际机场，入关后即被送至集中隔离点观察。3月3日晚，转至指定医疗机构留观。3月5日，综合流行病学史、临床症状、实验室检测结果和影像学检查等，诊断为确诊病例。
	截至3月5日12时，上海市已累计排除疑似病例2464例，发现确诊病例339例。确诊病例中，男性177例，女性162例；年龄最大88岁，最小7月龄；145例有湖北居住或旅行史，34例有湖北以外地区居住或旅行史，158例有相关病例接触史，1例有伊朗居住史，1例流行病学调查正在进行中；外地来沪人员111例，境外输入人员1例，本市常住人口227例。
	确诊病例中，现有33例在院治疗，其中24例病情平稳，8例病情危重，1例重症；303例治愈出院；3例死亡。尚有34例疑似病例正在排查中。

【编辑:刘欢】
</body></doc>