<doc><id>1416</id><url>http://www.chinanews.com/gn/2020/03-05/9114498.shtml</url><title>中方称将继续为维护世界粮食安全作出积极贡献</title><datetime>2020-3-5 14:08:00</datetime><body>	中新社日内瓦3月5日电(记者德永健)联合国人权理事会第43届会议4日举行同粮食权问题特别报告员互动对话。中国代表发言呼应报告员观点，指出全球粮食体系不平等，发展中国家和弱势群体首当其冲。正如报告员所指，美国继续忽视经济、社会、文化权利，特别是粮食权。美国政府对其补充营养援助方案进行了大规模撤回和削减，对国家粮食安全造成威胁，美国“保障未来粮食供给”计划存在性别歧视。美国和欧盟实施的经济制裁和紧缩措施，阻碍粮食权的实现。
	中国代表指出，民为国基，谷为民命。粮食事关国运民生，一国公民的粮食权得到保障是他们享有其他方面人权的基础。粮食安全也是世界和平与发展的重要保障，是构建人类命运共同体的重要基础。当今世界粮食安全挑战依然严峻，仍有8亿多饥饿人口，国际粮食贸易面临保护主义和单边主义的干扰，不稳定因素增加，实现相关可持续发展目标任重道远。
	中方主张，发达国家和联合国有关机构应切实帮助发展中国家加强粮食生产能力，提供资金和技术援助，以平等实现粮食权。作为世界上最大的发展中国家和负责任大国，中国积极参与世界粮食安全治理，坚定维护多边贸易体系，落实联合国2030年可持续发展议程，将继续为维护世界粮食安全、促进共同发展作出积极贡献。(完)
【编辑:刘欢】
</body></doc>