<doc><id>1417</id><url>http://www.chinanews.com/gn/2020/03-05/9114578.shtml</url><title>中国日报网评：世界共抗疫情之际，中国也给逆全球化思潮上了一课</title><datetime>2020-3-5 14:06:00</datetime><body>	当疫情爆发，没有任何一个地方可以是“孤岛”。1月以来，中国不同地区的网友以此互助互励，而中国在此次疫情中的表现，越来越得到国际社会的认可；进入3月，这句话则成为应对全球疫情的一句诫勉，抗击疫情的“中国经验”更是开始向全球输出，一度盛行的“逆全球化”呼声“失语”了。
	疫情的爆发，让任何一国自身的公共服务——无论是资源还是公共支出都面临了压力。但所幸，疫情并未摧毁全球产业链，更给予了全球化新的价值视角。比如，在这场国际战“疫”中，目前全球共有20多种新冠肺炎疫苗处于研发，世界上很多国家和机构都主动“参战”，这是全球化发展的“制度”优越性。
	2018年至今，贸易战与逆全球化主义，让世界经济走向了不确定性。人们担心，新冠疫情的爆发与全球性蔓延会让情况更糟。但如今看，事实却相反。全球在抗击疫情时展现的团结与互助一以贯之，而贸易壁垒政策则出现了脆弱性与不可靠性的一面。
	中国成为抗击疫情的典范。世界卫生组织官员先后表示，中国采取的有力措施不仅对中国有利，对世界也有利，呼吁其他国家和地区向中国学习。
	除了在抗击疫情方面向全球提供范本之外，在经济领域，中国还积极复工复产，为全球产业链的正常运转提供动力。中国政府出台一系列举措积极推进有序复工复产，更是让全球制造业产业链松了一口气，在关键时刻体现了中国经济作为全球经济“稳定器”的角色。
	据统计局数据，截至2月25日，全国大中型企业复工率为78.9%，其中大中型制造业企业达到85.6%，中国制造业500强复工复产率97.08%。面对新冠疫情带来的市场需求，绝大部分中国省份诞生了新的口罩生产线。口罩日产能产量快速增长，双双突破1亿只。
	中国政府一边控制疫情，一边继续关键商品的生产，一边为中小企业“减压”。在全球经济恐将“失速”的危机中，中国的产业链“齿轮”，在努力提速。在这个过程中，中国的工厂在管理体系、产能提升、技术品质控制等方面都已经到了一个非常先进的地步，也充分展示给了世界各国。
	疫情只是一次性冲击，全球供应链的秩序早晚会恢复，但对于中国这个“世界工厂”而言，我们更应当加看到的是，中国与全球之间关系正在发生的微妙变化。当全球疫情爆发，中国的稳定、容错能力，以及像产业驱动齿轮具有的刚性与韧性，保障了全球经济的正常运转。
	全球化发展的中国部分，与中国节奏，又进一步显示了全球化经济优越性。如果没有一个强大的中国存在，那么当下的新冠疫情，很可能真正成为一场全球性危机。而中国顺应了全球化趋势，并以此做大做强本国经济与公共服务能力。这次疫情就像一块试金石，它告诉更多国家的人们，全球化趋势不可逆转并强有力地支撑着全球经济，中国的强大并不是威胁，而是人类发展的福音。
	作者：全球化智库特邀研究员张榕博
【编辑:苏亦瑜】
</body></doc>