<doc><id>1418</id><url>http://www.chinanews.com/hr/2020/03-05/9114571.shtml</url><title>驻多伦多总领事解答中国公民证件服务问题</title><datetime>2020-3-5 14:05:00</datetime><body>	中国侨网3月5日电据中国驻加拿大多伦多总领事馆网站消息，新冠肺炎疫情发生以来，总领馆的领事服务工作一直在正常开展。最近，总领馆陆续接到一些办证人的咨询电话和邮件。现就大家普遍关心的预约办证和取证等问题解答如下：
	一、我已经预约了办证日期，可否晚些天再去申请？
	可以。您可选择在预约日期当天，或之后的总领馆对外办公日来馆办证，届时请携带打印出的有预约日期的申请表和其他申请材料。
	总领馆领事证件服务大厅受理申请时间：工作日上午9-12点，如您办理护照、旅行证业务，请提前上网预约https://ppt.mfa.gov.cn/appo/index.html。
	二、必须在取证日当天取证吗？
	不必。您可选择在取证日当天(取证单上标注或接到邮件、电话通知取证的日期)，或之后的总领馆对外办公日来馆取证。总领馆领事证件服务大厅交费取证时间：工作日下午2-4点。
	近段时间来，下午2-3点来总领馆取证的人员较多，3-4点取证的人员相对较少，建议大家错峰取证。
	取证单是取证的唯一凭证，请您妥善保管，可委托他人凭取证单取证(无需委托书)。
【编辑:韩辉】
</body></doc>