<doc><id>1419</id><url>http://www.chinanews.com/hr/2020/03-05/9114566.shtml</url><title>中国驻卡尔加里总领事馆提醒中国公民防范电信诈骗</title><datetime>2020-3-5 14:05:00</datetime><body>	中国侨网3月5日电据中国驻加拿大卡尔加里总领事馆网站消息，近日，据当地媒体报道，中国驻卡尔加里总领事领区莱桥市和卡尔加里市近日又现密集电话诈骗，多名当地民众接到“家人”被“绑架”并要求支付巨额赎金的境外来电。警方提醒民众小心防范此类电信诈骗，如接到此类电话，应立即挂断并报警。
	中国驻卡尔加里总领馆再次提醒领区中国公民防范各种形式的电信诈骗，例如“家人被绑架”、“涉嫌卷入重大刑事案件”、“邮包被海关扣留”、“协助他人支票提现”、“高额网络换汇”等。如接到类似电话、邮件请及时报警。
	如遇紧急情况，请及时求助：
	加拿大全国统一报警电话：911。
	外交部全球领事保护与服务应急呼叫中心(24小时)电话：8610-12308或8610-59913991。
	驻卡尔加里总领馆领事保护与协助电话：403-5376907;求助邮箱：consularaccess@chinaconsulatecalgary.com
【编辑:韩辉】
</body></doc>