<doc><id>142</id><url>http://www.chinanews.com/sh/2020/03-03/9112385.shtml</url><title>云南将清理整顿人工繁育产业 涉及2131个食用野生动物养殖户</title><datetime>2020-3-3 18:57:00</datetime><body>	中新网昆明3月3日电(缪超)3日是第七个“世界野生动植物日”，当天记者从云南省新冠肺炎疫情防控工作第二十场新闻发会获悉，云南目前有合法食用野生动物养殖户2131个，云南将迅速开展人工繁育产业清理整顿基础工作，组织研究起草有关工作方案和应急预案，周密部署安排，确保科学妥善处置后续事宜。
	位于中国西南的云南，素有“动植物王国”的美誉，拥有中国63%的高等植物、60%的脊椎动物等物种资源，云南的野生动物人工繁育产业在中国起步较早，尤其是近20年来，云南利用丰富的森林资源和野生动物种质资源，适度发展技术成熟的野生动物人工繁育。
	截至目前，云南有合法食用野生动物养殖户2131个，养殖的种类主要包括野猪、蓝孔雀、蛙、雉鸡、蛇、梅花鹿等，总存栏量约有264.7万头(只)。经初步评估，固定资产投入超过12.4亿元人民币，从业人员8000余人。
	2月24日，中国发布《全国人民代表大会常务委员会关于全面禁止非法野生动物交易、革除滥食野生动物陋习、切实保障人民群众生命健康安全的决定》，决定在原有法律禁止食用的野生动物基础上，全面禁止食用“有重要生态、科学、社会价值的陆生野生动物”以及其他陆生野生动物，包括人工繁育、人工饲养的陆生野生动物；全面禁止以食用为目的猎捕、交易、运输在野外环境自然生长繁殖的陆生野生动物。
	云南省林业和草原局副局长王卫斌说，《决定》主要对动物野外种群监管执法和食用野生动物人工繁育管理产生重大影响，“云南将迅速开展人工繁育产业清理整顿基础工作，组织研究起草有关工作方案和应急预案，周密部署安排，确保科学妥善处置后续事宜。”
	王卫斌说，对因科研、药用、展示等特殊情况需要对野生动物进行非食用性利用的将研究制定严格的审批条件和程序，列明需要提交的证明材料，建立评估机制，经审核确定来源合法、符合法定条件的，方可予以批准，并依法严格检疫检验，有效防范疫源疫病的传播和扩散。
	他表示，同时加强对非食用性利用野生动物活动的后续监管，防止滥用、虐待等不当方式，坚决杜绝假借合法渠道从事非法交易活动和食用的行为。(完)
【编辑:白嘉懿】
</body></doc>