<doc><id>1420</id><url>http://www.chinanews.com/cj/2020/03-05/9114577.shtml</url><title>重启键已开启！广州大型专业批发市场相继恢复营业！</title><datetime>2020-3-5 14:05:00</datetime><body>	重启键已开启！广州大型专业批发市场相继恢复营业！你的城市，苏醒了吗？
	位于广州火车站附近的广州白马服装市场1日开始正式复市。商户、采购商可以凭“穗康码”“白马通行证”“个人近期行动轨迹”，有序通过自动测温系统进入商场大门。不过刚刚复市的这两天，人流量只有不到平时的十分之一。
	商户姚洁伟：疫情的影响，线下的客流基本上寥寥无几，我们就想办法从多渠道去销售，现在我们开展了线上，从新媒体这一块去出发，能挽回一些损失。
	目前，这里已经有800多家商户开业，开业率超过80%，预计一周左右开业率可以达到95%以上。据了解，包括白马服装城、中港皮具等一批广州知名行业龙头市场已相继开业，未来广州670家各类专业批发市场在符合疫情防控要求下也将逐步恢复营业。
	在上海最大的蔬菜批发市场——上海江桥蔬菜批发市场，早高峰排队入场的现象不见了。入口处摆放着一台红外热像仪，这台设备能快速准确地跟踪识别，一旦有体温异常者，就会发出报警。市场里，来自广西、云南、福建、海南等地的新鲜蔬菜琳琅满目。近段时间，市场通过开辟绿色通道、降低部分交易手续费等措施，确保蔬菜能从农民的“菜园子”进到市民的“菜篮子”。
	上海江桥蔬菜批发市场蔬菜经营户李玉华：为了疫情期间蔬菜供应，我们在各大蔬菜产区，加班加点生产，包括运输，最近一段时间物流也比较畅通，货源也比较充足。
	目前，市场供应商已有98%恢复经营，日交易量达5000吨，恢复到往年同期交易量。
【编辑:李玉素】
</body></doc>