<doc><id>1421</id><url>http://www.chinanews.com/hr/2020/03-05/9114564.shtml</url><title>驻毛里塔尼亚使馆再次提醒在毛中国公民加强疫情防范</title><datetime>2020-3-5 14:03:00</datetime><body>	中国侨网3月5日电据中国驻毛里塔尼亚大使馆消息，鉴于非洲及毛里塔尼亚周边多个国家均已出现新冠肺炎确诊病例，为严控疫情扩散，切实保障我援毛机构、中资企业人员和侨胞们的健康和安全，中国驻毛里塔尼亚使馆再次提醒中国在毛机构和公民务必加强疫情防范，建议如下：
	一、请国内返毛塔人员抵达后自觉配合毛方采取的隔离观察措施。
	二、加强个人卫生防护措施，尽量减少非必要外出、聚餐、集会等集体活动，避免到人员密集场所活动。
	三、紧急情况应急反应处理：若有人员出现发热、干咳、乏力、呼吸急促等症状，请在佩戴口罩、做好个人防护的前提下，及时就诊并通报使馆，切勿心存侥幸，自行用药治疗。
	四、在毛机构和人员务必提高防范意识，如发现疑似病情或出现相关感染状况，在及时通报使馆的同时，妥善做好对外隔离，避免向外扩散，对内全面排查接触者，并进行隔离。
	五、使馆经商处联系人：夏济深41335292，领事部负责人：刘岩46586507，中国援毛医疗队联系人：苏震宇41916805，毛塔卫生部防控新冠肺炎应急小组联系电话22318580，首都医院急诊急救电话36623922、33411424、22049445，中国外交部全球领事保护与服务应急呼叫中心电话：+86-10-12308
	疫情防控，人人有责。请大家共同努力，严格遵守执行上述要求，坚定信心，同舟共济，科学防控，落实到位，全面打赢这场疫情防控攻坚战。
【编辑:韩辉】
</body></doc>