<doc><id>1423</id><url>http://www.chinanews.com/gj/2020/03-05/9114559.shtml</url><title>全美报告159例新冠阳性病例 得州和新泽西州首次出现</title><datetime>2020-3-5 14:00:00</datetime><body>	中新网3月5日电据美国有线新闻网(CNN)报道，美国已报告159例新冠肺炎病例，其中从日本“钻石公主”号和中国武汉的撤侨人员中分别确诊46例和3例，美国本土病例110例。
	美国官方4日宣布，得克萨斯州和新泽西州已经确认了首例“推定阳性”病例。
	得克萨斯州休斯顿附近的本德堡县宣布，该州首例患者是一名70多岁的男子，他最近在海外旅行后患病，目前正在住院。当地卫生部门表示，已经为疫情的到来做好了准备。休斯顿已经提高了对病毒的检测能力，但是检测试验的数量有限，所以目前要求只有出现明显症状的人才去检测。
	在新泽西州，首例患者是一名30多岁的男子，自3月3日以来一直在卑尔根县住院。新泽西州卫生部在当地对该男子进行了检测，目前检测结果正等待美国疾病控制和预防中心确认。

【编辑:郭炘蔚】
</body></doc>