<doc><id>1425</id><url>http://www.chinanews.com/hr/2020/03-05/9114546.shtml</url><title>2020年哈佛本科申请人数三年最少 40246名学生申请</title><datetime>2020-3-5 13:57:00</datetime><body>	中新网3月5日电据美国《世界日报》报道，哈佛大学本科生院2024届共收到40246份申请，是近三年来最少的一届。
	据哈佛大学学生校报报道，本届申请人数比上一届少了超过3000人，2023届当时创下历史最高值，共43330人申请；不过，2020年仍然是哈佛历史上第三次收到申请人数超过四万，2021届申请人数为39494人。
	2020年亚裔申请者约占四分之一。
	据悉，2019年12月，哈佛大学已经提前录取了895名学生；其他申请者将在3月26日收到录取结果。(刘晨懿之)

【编辑:孙静波】
</body></doc>