<doc><id>1426</id><url>http://www.chinanews.com/hr/2020/03-05/9114542.shtml</url><title>疫情扩散 驻纽约总领事馆提醒中国公民科学防护 </title><datetime>2020-3-5 13:55:00</datetime><body>	中国侨网3月5日电据中国驻纽约总领事馆微信公众号消息，近日，美国新冠肺炎疫情不断变化，截至3月4日，驻纽约总领馆领区纽约、马萨诸塞、罗德岛、新罕布什尔等州已出现确诊案例。中国驻纽约总领馆提醒美东地区中国公民提高防护意识，遵守当地疫情防控规定，认真执行相关防疫举措，立足当地，积极科学防护，妥善安排出行，确保自身健康。
	一、密切关注美国疾控中心等官方发布的涉疫情信息，参照官方指导和建议，加强个人卫生防护措施，勤洗手、勤消毒，科学应对疫情。不信谣、不传谣、摒弃恐慌情绪。
	二、如出现发热、咳嗽、呼吸困难等症状，特别是近14天内曾赴有关疫情严重地区旅行或与相关人士有密切接触，请及时就诊。就诊前先给医院打电话，明确告知自身旅行史和症状，遵从专业医护人员指导处置。
	三、当前纽约往返国内北京、上海、福州等地有正常商业直航航班运行。如计划近期回国，请根据个人实际情况订购机票，入境时须遵守国内有关疫情防控规定。如启程前已出现疑似症状，请及时就诊或居家观察，切勿仓促出行，避免增加疫情扩散风险。
	更多疫情信息及防护咨询，可参考美疾控中心网站，部分重要信息链接如下：
	疫情更新：
	https://www.cdc.gov/coronavirus/2019-ncov/cases-in-us.html
	防范与治疗：
	https://www.cdc.gov/coronavirus/2019-ncov/about/prevention-treatment-chinese.html
	常见问题：
	https://www.cdc.gov/coronavirus/2019-ncov/faq-chinese.html
	联系方式：+1-800-232-4636
	美东地区中国公民如需领事协助，可拨打驻纽约总领馆领事保护专线电话：212-6953125。外交部全球领事保护与服务应急呼叫中心电话：+86-10-12308或+86-10-59913991。
【编辑:韩辉】
</body></doc>