<doc><id>1427</id><url>http://www.chinanews.com/hr/2020/03-05/9114533.shtml</url><title>约旦发布入境限制措施 中使馆提醒中国公民关注</title><datetime>2020-3-5 13:55:00</datetime><body>	中国侨网3月5日电据中国驻约旦大使馆网站消息，约旦卫生部近日发布最新公告，自2月27日起，禁止来自中国、韩国、伊朗、意大利的非约旦籍人员入境。另，约方已暂停为中国、中国台北、香港、澳门等国家和地区护照持有人办理落地旅游签证。
	中国驻约旦大使馆提醒来约旦的中国公民注意约方采取的最新入境管制措施，合理安排行程。
	如遇突发情况，请拨打中国驻约旦使馆领保协助电话：+962-778400870或外交部24小时全球领事保护与服务应急呼叫中心电话：+86-10-12308，寻求帮助。
【编辑:韩辉】
</body></doc>