<doc><id>1428</id><url>http://www.chinanews.com/cj/2020/03-05/9114567.shtml</url><title>江右时评：以“三稳”夺取粮食丰收</title><datetime>2020-3-5 13:53:00</datetime><body>	【地评线】江右时评：以“三稳”夺取粮食丰收
	今年是全面建成小康社会目标实现之年，是全面打赢脱贫攻坚战收官之年。在这样一个特殊的年份，全力以赴抓好春季农业生产，夺取粮食丰收，意义重大。为统筹抓好新冠肺炎疫情防控和春耕生产工作，分区分级恢复生产秩序，不失时机抓好春季农业生产，中央应对新型冠状病毒感染肺炎疫情工作领导小组近日印发了《当前春耕生产工作指南》。
	民为国基，谷为民命。农业是国民经济的基础产业，事关14亿人的吃饭问题。在全面建成小康社会的收官之年，只有夺取粮食丰收，让中国人的饭碗里装满中国粮，全面小康才有好成色。而稳政策、稳面积、稳产量，是夺取粮食丰收的重要保证。各地各部门要贯彻落实《当前春耕生产工作指南》要求，统筹抓好新冠肺炎疫情防控和春耕生产工作，压实责任、精准施策、细化服务，确保以“三稳”夺取粮食丰收。
	以压实责任稳政策。有权必有责，有责要担当。“人民对美好生活的向往就是我们的奋斗目标”是党对人民的庄严承诺，履行承诺，保障粮食丰收，全面建成小康社会，各地各部门责无旁贷。肩扛责任、担当作为，各地要提高政治站位，主产区要努力发挥优势，产销平衡区和主销区要保持应有的自给率，共同承担起维护国家粮食安全的责任。要落实好小麦、稻谷最低收购价政策，统筹实施好玉米、大豆生产者补贴和稻谷补贴政策，推进小麦、稻谷、玉米完全成本保险和收入保险试点，稳定农民收益预期，为调动农民种粮积极性打牢政策基石。
	以精准施策稳面积。稳定春播面积，是夺取粮食丰收的前提。当前，疫情防控处于关键期，各地根据实际情况，在保障人民群众生命健康安全的前提下，在稳定春播面积上下足“绣花功夫”。要分级分类尽快回复春耕生产秩序，细化农村疫情防控方案，打通农资供应、农机作业、农民下田等堵点，推动低风险地区全面恢复生产秩序、中风险地区有序恢复生产秩序、高风险地区稳妥恢复农业生产。要分区按时抓好春管春耕，引导南方早稻产区抓好育秧栽插、夏粮主产区做好麦田管理、长江流域中稻产区做好育秧准备、东北西北地区做好春耕备耕。同时，要鼓励有条件的地区恢复双季稻面积，适当调整轮作休耕试点，扩大轮作、减少休耕，通过代耕代种等方式帮助缺乏劳动力的农户种足种满，多措并举稳定春播面积。
	以细化服务稳产量。当前，疫情防控进入胶着对垒状态，不可避免地会给春耕生产工作造成冲击。农资供给充足与否、交通运输“大动脉”畅通与否、防灾减灾举措到位与否、技术指导入户与否等等，都直接影响着粮食产量。迎难而上、攻坚克难，各地必须细化服务，全力保障粮食产量。要推动农资企业复工复产、推动农资到村入户、加强农资市场监管，确保春耕生产的农资供应及时充足。要抓好科学防灾减灾，加强农田水利建设、防范自然灾害、防范重大病虫害，确保粮食不减产。要创新方法开展指导服务，搞好线上技术指导培训、采取“点对点”方式做好规模主体帮扶、开展农机作业服务，确保春耕生产有序高效。
	民以食为天。当前，疫情防控不能放松，春耕生产也要抓紧抓好。唯有压实责任、精准施策、细化服务，做到稳政策、稳面积、稳产量，才能夺取粮食丰收，稳定农业基本盘，让全面小康成色更好、质量更高。
	胡路
【编辑:苏亦瑜】
</body></doc>