<doc><id>143</id><url>http://www.chinanews.com/gn/2020/03-03/9112384.shtml</url><title>重庆累计治愈出院患者469例 出院率达81.4%</title><datetime>2020-3-3 18:56:00</datetime><body>	(抗击新冠肺炎)重庆累计治愈出院患者469例出院率达81.4%
	中新网重庆3月3日电(记者刘相琳)记者3日从重庆市新冠肺炎疫情防控工作新闻发布会获悉，重庆连续7日无新增确诊病例，现有在院确诊病例101例(其中重型病例7例，危重型病例2例)，累计治愈出院患者469例，出院率达81.4%。
	重庆市卫生健康委副主任周林称，疫情发生以来，该市紧紧围绕提高收治率和治愈率，降低感染率和病亡率的要求，不断完善工作机制，集中优势资源，全力做好医疗救治工作。针对每位患者具体病情，坚持中西医联合诊疗，配合多专业专家团队，开展多学科个体化诊疗，制定了一人一策的最优治疗方案。重庆还落实一线医护人员24小时床旁值守制度，加强病情观察监测，及时调整救治方案，实行重症组专家床旁查房会诊制度，建立多学科专家夜班值守制度，确保及时有效开展危重患者抢救。
	周林透露，到现在为止，重庆完成了7例康复者的血浆采集用于重症患者临床治疗，将硫酸羟氯喹片用于新冠肺炎确诊患者，取得了良好效果。中医药全程参与，救治成效显著。开展了ECMO、人工肾等技术，成功挽救了多名危重患者。重庆还组织专家研究制定了新冠肺炎重型、危重型患者诊疗专家建议，新冠肺炎患者营养诊疗专家建议，有效提高了救治成功率。
	据了解，3月2日0时至24时，重庆无新冠肺炎新增确诊病例，新增治愈出院病例19例。专家指出，重庆29个区县连续14日无新增确诊病例，待排查的疑似病例已降为3例，疫情防控形势持续向好。但随着各单位复工复产，人员流动性增加，人员聚集风险加大，疫情反弹的压力不容忽视。
【编辑:白嘉懿】
</body></doc>