<doc><id>1430</id><url>http://www.chinanews.com/sh/2020/03-05/9114565.shtml</url><title>燕鸣时评：叫停野生动物产业，对滥食野味说“不”</title><datetime>2020-3-5 13:51:00</datetime><body>	【地评线】燕鸣时评：叫停野生动物产业，对滥食野味说“不”
	近日，十三届全国人大常委会第十六次会议表决通过了全国人大常委会《关于全面禁止非法野生动物交易、革除滥食野生动物陋习、切实保障人民群众生命健康安全的决定》(以下简称《决定》)。《决定》在野生动物保护法的基础上，以全面禁止食用野生动物为导向，扩大法律调整范围，确立了全面禁止食用野生动物的制度。明确提出对违反现行法律规定的，要在现行法律基础上加重处罚，以体现更加严格的管理和严厉打击。在全国抗击疫情的关键时刻，这个《决定》的出台意义重大。
	首先，通过立法方式全面禁食野生动物，是切实保障民众生命健康安全的迫切需要和必然选择。据专家介绍，当今人类新发传染病78%与野生动物有关或者来源于野生动物，滥食野生动物无异于打开了病毒传染的大门。近日世界卫生组织(WHO)人畜共患病和新发传染病联合诊断中心主任、著名传染病学专家维尔特·李普金来到武汉了解疫情后，提出两点建议，其中第一条就是：请一定要永久关闭野生动物交易市场，并且对野生动物、家畜、屠宰行业进行有效监管。
	由此可见，滥食野生动物，极易爆发人与动物共生的疾病，引起疫情传播，可能对人的生命健康造成严重危害，引发公共卫生事件，并进一步影响社会生活秩序。因此，以法律的名义，全面禁止非法野生动物交易、全面禁止食用野生动物、革除滥食野生动物陋习，不仅是抗击疫情的需要，更是保障人民群众生命健康安全的需要，顺应民意，很有必要。
	其次，通过立法方式堵住非法盗猎盗捕野生动物进入市场的漏洞，也是维护生态平衡，人与自然和谐相处的需要。不少国人有食用野生动物的喜好，认为是“大补”，甚至当作特权和身份的象征。随着时代的发展，这些都成为与现代文明格格不入的陋习。
	由于有市场需求，一些地方把人工繁殖和食用野生动物当作产业去发展，加之市场监管存在漏洞，相关产业规模很大，野味市场泛滥。野生动物非法交易摧毁了一些仅存的野生动物种群，如穿山甲、娃娃鱼等，世界自然保护联盟的物种红色名录中已将这些动物列为极危，这些行为严重破坏了生态文明建设，破坏了生态平衡。依法禁食野生动物，是尊重自然、保护自然的题中之义。
	新冠肺炎疫情再次对我国的野生动物保护敲响了警钟，引发了社会对于滥食野生动物的反思。无数的沉重代价一次次警示人类，以野生动物满足口腹之欲，到头来，人类只会自食其果。是时候叫停野生动物产业，革除滥食野生动物陋习，对滥食野味说“不”了。
	文/李民兵
【编辑:苏亦瑜】
</body></doc>