<doc><id>1432</id><url>http://www.chinanews.com/sh/2020/03-05/9114563.shtml</url><title>燕鸣时评：中国抗“疫”，彰显大国担当</title><datetime>2020-3-5 13:49:00</datetime><body>	【地评线】燕鸣时评：中国抗“疫”，彰显大国担当
	新冠肺炎疫情事关全中国乃至全世界人民的生命健康安全，新冠肺炎疫情的防控，更是牵动着全国乃至全球人民的心。
	关键时刻，以习近平同志为核心的党中央处变不惊，以高超的政治智慧果断决策，采取最全面、最严格、最彻底的一系列防控举措，领导全国人民万众一心，众志成城，打响了全中国抗击新冠肺炎疫情阻击战的人民战争。中国，用实际行动践行了构建人类命运共同体的庄严承诺，彰显了泱泱大国的责任和担当。
	武汉“封城”的防控措施，为防止新冠肺炎疫情向全世界蔓延作出了巨大贡献。快速传播的病毒是全世界人类共同的敌人，面对突如其来的疫情，中国果断开展全国范围内的疫情防控阻击战，各地纷纷启动重大突发公共卫生事件一级响应机制，出台严格的疫情防控措施细则，全面实行住宅小区(村庄)、单位封闭式管理。从1月23日起，对具有1000万人口的中心城市武汉采取“封城”举措，发动了人类史上最大规模的防疫行动，以遏制疫情的快速蔓延和传播。中国采取的强有力的防控措施，不仅是为了维护中国人民生命安全和身体健康，也是为世界公共卫生事业作贡献。
	中国为全世界“设立了应对疫情爆发的新标杆”。疫情是人类面临的共同挑战，自新冠肺炎疫情发生以来，习近平总书记多次与外方领导人通电话，会见世界卫生组织总干事谭德塞和柬埔寨首相洪森，鲜明表达了中国必将打赢疫情防控阻击战的信心以及对全球公共卫生事业尽责的中国态度。中国科研人员全力攻关，第一时间分离病毒、对病毒基因组测序，中国政府始终本着公开、透明、负责任的态度，及时向国内外发布疫情信息，积极回应各方关切，加强与国际社会合作。全国上下万众一心，共克时艰，中国政府和人民经受住了考验，用努力和牺牲赢得了国际社会的尊重和认可。
	中国抗“疫”，向世界展示“中国之治”。面对突然爆发的新冠肺炎疫情，习近平总书记多次主持召开中共中央政治局常务委员会会议，对加强疫情防控作出了全面部署，成立中央应对疫情工作领导小组，统一领导，统一指挥，分类指导各地做好疫情防控工作，各地各部门各司其职、协调联动。各党政军群机关和企事业单位等紧急行动起来，一支支医疗队伍火速集结，驰援武汉；一批批战“疫”物资涌向湖北；建设者日夜奋战，火神山、雷神山医院迅速建成并交付使用；相关企业转产加班加点生产抗“疫”物资，疫情防控物资全国统一调度；广大干部群众和志愿者也行动起来，加入到社区防疫防控值守工作之中；全国人民响应号召，不出门，不聚集，积极做好自我防护……紧紧依靠人民群众、集中力量办大事的社会主义制度优越性尽显，中国奇迹、中国力量、中国速度再一次让世界瞩目！
	当前，全国新冠肺炎疫情防治取得阶段性成果，全国多地新确诊病例连续零增长，更多的新冠肺炎感染者被治愈出院，疫情中心区武汉市及湖北多地确诊新增病例均有下降，全国多地陆续开展企业复工复产，人民生产生活逐步向正常方向发展……
	我们坚信，在以习近平同志为核心的党中央坚强领导下，14亿中华儿女团结一心，众志成城，我们有信心、有能力、有把握一定能打赢这场疫情防控阻击战！
	文/王新政
【编辑:苏亦瑜】
</body></doc>