<doc><id>1433</id><url>http://www.chinanews.com/cj/2020/03-05/9114555.shtml</url><title>荔枝网评：不失时机抓春耕，稳住农业“基本盘”</title><datetime>2020-3-5 13:47:00</datetime><body>	【地评线】荔枝网评：不失时机抓春耕，稳住农业“基本盘”
	特约评论员/乐兵
	“布谷飞飞劝早耕，舂锄扑扑趁初晴。”当此春耕在即，战“疫”正紧之时，3月2日，中央应对新型冠状病毒感染肺炎疫情工作领导小组印发《当前春耕生产工作指南》(以下简称《指南》)。《指南》如及时的春雨，为统筹抓好疫情防控和春耕生产工作，夺取粮食和农业丰收，稳住农业“基本盘”提供了“操作方法”。
	农安天下安，安农安天下。稳住农业“基本盘”，筑牢粮食安全基石，对于一个有着14亿人口的大国而言，重要性不言而喻。我国人多地少的基本国情，要求我们时刻绷紧粮食安全这根弦。今年的中央一号文件提出：“粮食生产要稳字当头，稳政策、稳面积、稳产量。”当前，疫情防控工作到了最吃劲的关键阶段，春耕备耕也处于关键时节。必须清醒认识到，防疫容不得松懈，春耕备耕也不能耽搁。这就需要各地结合防疫进度和三农工作实际来因地制宜、分类施策，推出务实举措，优化各项服务，落实好春管春种措施，为春耕备耕保驾护航，才能实现粮食播种面积和产量保持基本稳定的预期目标，把饭碗牢牢端在自己手上，也才能稳定人心、增强信心，为经济社会平稳健康发展夯实基础。
	农时不等人，过时错一季。稳住农业基本盘就要抓住“人”和“物”。当下春耕在即、农时紧迫，不容有任何懈怠和闪失。如何调动农户的种粮积极性，扭转农业投入有限的局势，让资金“动”起来？如何畅通化肥、农药、种子等农资的流通和供应，打通农资进村入户“最后一公里”，让运输“活”起来？打通农资供应、农机作业、农民下田等堵点，尽可能减少疫情防控对春耕生产的影响是当务之急。抓紧动员农民下田，开展施肥打药、育秧泡田、深松整地、除草修剪等农事活动；全力保障城乡交通运输正常运转，不得封路封村，确保农民正常下田、农机顺利上路、农资顺畅流通，为春耕敞开绿色通道，解决农民所需、满足生产所需。唯如此，才能调动广大农民群众的积极性，推动春耕生产全面展开，把粮食安全的“中国饭碗”牢牢端在自己手里。
	凡事预则立，不预则废。预，就是早做准备，早有谋划。尤其是疫情形势变化全国并不平衡，不同分级、不同分区应该有不同的应对措施，低风险地区要尽快恢复生产生活秩序，中风险地区要有序复工复产，高风险地区继续集中精力抓好疫情防控工作。此外，对于可能存在的风险隐患，诸如“倒春寒”、病虫害、春旱等，还需保持警惕，组织专家制定切实有效的应对方案，“对症下药”防危机。各级各地领导干部只有积极作为、主动担当，把问题想在前面、全面地想好问题，做到心中有数、手中有招，才能有条不紊、从容有序推进春耕备播的各项工作，为农业大丰收开好局、起好步，向党和人民交出合格答卷。
	民为国基，谷为民命。在战疫情、备春耕的关键时期，我们要用好《指南》，盯紧“农事”，干好“农活”，一天不误、一环不落地抓紧春耕生产工作，稳住农业“基本盘”，为决胜全面建成小康社会作出“三农”应有贡献。(乐兵)
【编辑:苏亦瑜】
</body></doc>