<doc><id>1434</id><url>http://www.chinanews.com/tw/2020/03-05/9114547.shtml</url><title>韩国瑜开直播聊市政近况：希望未来离开可以不带遗憾</title><datetime>2020-3-5 13:38:00</datetime><body>	中国台湾网3月4日讯据台湾“中时电子报”报道，高雄市长韩国瑜在经历了2020大选的败选之后又陷“罢免危机”，态度趋于低调。昨晚(3日)他难得在脸谱网(Facebook)上开直播，与民众分享这段时间在市府工作上的近况。
	韩国瑜表示，近来许多市民朋友希望他可以在网络上与他们聊聊近况，而他也将在未来的晚上九点左右，定时在脸谱网上开直播，与民众们聊聊市政上的想法、泡茶聊天。他说，高雄市为了防疫可以说是下足苦功，因为金芭黎舞厅的事件，在1月25日就超前部属，将防疫中心一级开设，市府都相当紧张，幸好最后没有出现进一步的感染症状。
	提到近来常被反对者攻击“10点多才出门上班”，韩国瑜直呼，这都是“胡说八道！”表示照片中的护卫一眼就可以看出是“国安局”的人员，并不是高雄市警局的警力，这表示这张照片是在去年参选台湾地区领导人时所拍摄，这种“狸猫换太子”的行为完全就是抹黑！
	提到防疫时，韩国瑜也担心近来2月中旬气温变暖，原先因为天寒所抑制的登革热疫情恐怕会再度爆发，他也吩咐相关单位提前进行规划，希望把疫情伤害降到最低。他表示，这些打拼都是应该为市民做的，也希望未来若有一天必须离开市府，“可以不带遗憾的离开”。(中国台湾网贾若澜)
【编辑:朱延静】
</body></doc>