<doc><id>1435</id><url>http://www.chinanews.com/gj/2020/03-05/9114536.shtml</url><title>日本新潟新增1例新冠肺炎确诊病例 系此前确诊者之母</title><datetime>2020-3-5 13:37:00</datetime><body>	中新网3月5日电据日本放送协会(NHK)报道，5日，日本新潟县新潟市政府发布消息称，该市新增1例新冠肺炎确诊病例。
	据新潟市长表示，新确诊的患者是一名居住在该市中央区的70多岁女性，她的儿子曾于2日被确诊感染新冠肺炎。
	报道称，这名女性在儿子被确诊后，就一直在家隔离。4日，她在出现倦怠感和发热症状后接受了病毒核酸检测，于5日被确诊感染。
	据介绍，这名女性的丈夫还在继续接受隔离观察。
	目前，新潟县的新冠肺炎确诊病例已增至6例。
【编辑:郭炘蔚】
</body></doc>