<doc><id>144</id><url>http://www.chinanews.com/gn/2020/03-03/9112381.shtml</url><title>山东显“农业大省”优势助力中国疫情防控</title><datetime>2020-3-3 18:44:00</datetime><body>	(抗击新冠肺炎)山东显“农业大省”优势助力中国疫情防控
	中新网济南3月3日电(沙见龙)2020年春节以来，山东已累计向湖北调运蔬菜7060吨、猪肉107吨、禽肉2498吨；除蔬菜正常供应北京、上海市场外，向北京调运猪肉669吨、禽肉7471吨，向上海调运猪肉7225吨、禽肉13690吨；已累计折合生猪净调出112万头，助力中国疫情防控。
	山东是中国农业大省，粮食、蔬菜、水产、肉禽蛋奶等农产品产量及出口量长期居中国前列。新冠肺炎疫情发生以来，该省依托农业产业优势，兼顾省内外农产品供应，助力打赢疫情防控“阻击战”。
	保障“菜篮子”产品稳定供应是打赢疫情防控“阻击战”的重要支撑。山东省农业农村厅一级巡视员王登启3月3日在该省人民政府召开的新闻发布会上透露，疫情发生以来，山东“菜篮子”产品生产稳定，除保障外调需求外，省内市场供应充足；全省283家粮油应急加工企业日产能18万吨、日产面粉4.7万吨、食用植物油2万吨，粮油市场供应充足。
	王登启介绍称，当前，山东省蔬菜在田种植面积340万亩，日产能力5.2万吨，日上市量3.9万吨；屠宰企业猪肉库存9.2万吨，禽肉库存41.2万吨，日产鸡蛋9293吨，奶业、肉牛肉羊生产相对稳定，确保畜产品供应“不断档”；鲜活水产品和冷冻水产品储存充足，2月15日以来，鲜活水产品出塘日上市量增加到2300余吨，销售趋势逐渐向好。
	“涉农企业有序复工复产是保障农产品供应的重要基础。”据王登启介绍，目前，该省有7156家市级以上农业产业化龙头企业复工，复工率86.3%。重点监测的饲料企业复工率86%，产能恢复率115%；重点监测的376家家禽屠宰企业产能恢复率99%；重点监测生猪屠宰企业复工率99%，产能恢复率52%，春节以来累计屠宰生猪76.13万头。同时，山东通过巡视监管、防疫消毒、科学监测等方式，加强动物疫病防控。
	当前正处于中国北方春季农业生产关键期，作为产粮大省，山东有序推进春耕春播，春播面积达3000多万亩，其中已播春季作物230万亩。在加强农资调度同时，山东成立专业组织分赴各市指导春季生产；农业科技人员采取线上线下相结合的方式开展技术服务，2月以来，接受网络媒体农业技术服务的农民达240多万人次。(完)
【编辑:郭泽华】
</body></doc>