<doc><id>1440</id><url>http://www.chinanews.com/sh/2020/03-05/9114532.shtml</url><title>武汉：将安排社区工作者轮休</title><datetime>2020-3-5 13:31:00</datetime><body>	武汉各街道社区在不影响正常防控工作前提下，将合理安排社区工作者轮休1-3天。今日，武汉市委组织部印发通知，激励关爱疫情防控一线的社区工作者。
	通知要求，下沉干部与社区工作者组成“AB岗”，在社区工作者轮休期间，由结对下沉干部接替处理日常事务。对因疫情防控需要，无法回家休息的社区工作者，街道社区可协调社区周边酒店，为社区工作者提供必要的休息场所，并做好饮食、基本生活用品等保障。
	同时，在“武汉微邻里”公众号开辟社区工作者心理咨询专区，通过网络、电话等方式，为社区工作和提供心理援助，疏导心理压力。
	疫情结束后，武汉各区将及时组织参与疫情防控的社区工作者开展健康体检。对感染新冠肺炎康复的社区工作者，统筹安排休假疗养。对从事防控工作时感染新冠肺炎、发生事故伤害或患病的社区工作者，在依法认定为工伤的基础上，市管党费按每人3000元标准慰问，对因工伤去世的，市管党费按每人5000元标准慰问。
	此外，2020年度社区工作者考核优秀等次比例将从30%提高到40%，并重点向防疫工作中表现优秀者倾斜。
	田豆豆
【编辑:孙静波】
</body></doc>