<doc><id>1443</id><url>http://www.chinanews.com/ga/2020/03-05/9114521.shtml</url><title>香港首批108名“钻石公主”号返港居民完成14天检疫 2人确诊</title><datetime>2020-3-5 13:23:00</datetime><body>	香港首批108名“钻石公主”号返港居民完成14天检疫，其中2人确诊
	【环球网报道】香港特区政府4日晚间发布新闻公报表示，首批108名从“钻石公主”号邮轮返港居民14天检疫期于4日23时59分届满。当中，除了2名确诊感染新冠肺炎正在医院接受治疗的患者外，其余106人离开位于火炭骏洋邨的检疫中心。
	新闻公报称，于骏洋邨的检疫中心接受检疫的“钻石公主”号乘客共有225人。至今，先后共有9名从“钻石公主”号返港居民确诊感染新冠肺炎，另1人则被列为疑似病例，全部病人情况稳定，其余约100人的检疫期大部分将于3月5日至7日结束。
	以下为新闻公报原文：
	首批从“钻石公主号”返港居民完成检疫
	首批108名从“钻石公主号”邮轮返港居民14天检疫期将于今日(三月四日)晚上11时59分届满。当中，除了两名确诊感染2019冠状病毒病正在医院接受治疗的患者外，其余106名人士将于今晚起陆续离开位于火炭骏洋邨的检疫中心，届时会有专车接载他们往指定地点解散。
	香港特别行政区政府于二月二十日至二十三日期间，分别安排了三班包机从日本接载“钻石公主”上的香港居民回港，连同自行乘搭其他航班回港的人士，于骏洋邨的检疫中心接受检疫的“钻石公主号”乘客共有225人。
	在检疫期间，受检疫人士每天都要量度体温，以监察他们的健康状况。中心有医护人员24小时当值，如检疫人士出现发烧或其他症状，经评估后如有需要会安排尽快送院处理。至今，先后共有9名从“钻石公主号”返港居民确诊感染2019冠状病毒病，另一人则被列为疑似个案，全部病人情况稳定，其余约100名人士的检疫期大部分将于3月5日至7日结束。
【编辑:朱延静】
</body></doc>