<doc><id>1444</id><url>http://www.chinanews.com/sh/2020/03-05/9114520.shtml</url><title>湖北省市县风险等级一览表</title><datetime>2020-3-5 13:22:00</datetime><body>	湖北省市县风险等级一览表
	(各等级中的市县按疫情从轻到重排序)
	低风险(22个)
	五峰县、远安县、来凤县、兴山县、鹤峰县、秭归县、宜都市、宣恩县、保康县、竹山县、老河口市、建始县、利川市、长阳县、罗田县、枝江市、英山县、南漳县、通山县、宜城市、枣阳市、蕲春县
	中风险(17个)
	竹溪县、房县、郧西县、崇阳县、巴东县、赤壁市、神农架林区、谷城县、石首市、武穴市、咸丰县、通城县、江陵县、嘉鱼县、大冶市、恩施市、荆门市城区
	高风险(37个)
	松滋市、丹江口市、当阳市、咸宁市城区、麻城市、公安县、随县、沙洋县、京山市、红安县、黄梅县、浠水县、广水市、团风县、钟祥市、洪湖市、襄阳市城区、天门市、阳新县、孝昌县、监利县、荆州市城区、仙桃市、潜江市、云梦县、黄石市城区、随州市城区、宜昌市城区、安陆市、大悟县、汉川市、孝感市城区、十堰市城区、黄冈市城区、应城市、鄂州市城区、武汉市城区
【编辑:朱延静】
</body></doc>