<doc><id>1445</id><url>http://www.chinanews.com/gj/2020/03-05/9114490.shtml</url><title>加拿大央行降息 指疫情造成实质负面冲击</title><datetime>2020-3-5 13:20:00</datetime><body>	中新社渥太华3月4日电(记者余瑞冬)加拿大央行当地时间3月4日在渥太华宣布降息。基准利率即隔夜拆借利率由1.75%下调50个基点至1.25%。加央行表示，新型冠状病毒疫情已对加拿大和全球经济前景造成实质负面冲击，货币和财政当局正作出反应。
	这是加拿大央行自2015年7月以来首度降息，且为2008年金融海啸以来最大降幅。这同时也是加央行自2018年10月以来首次调息。
	加拿大央行表示，疫情暴发之前，全球经济已趋稳定。但如今疫情令一些地区的商业活动急剧下降，供应链遭到破坏。随着疫情发展，企业和消费者信心可能继续下降。
	加央行预计，加拿大今年一季度经济将弱于世界银行预期。若贸易环境持续走低，将对收入增长构成压力。同时，央行指出，加拿大国内发生的多地原住民因输油管道建设问题封堵铁路，安大略省教师持续大罢工，以及一些地区遭遇的冬季风暴，都正在削弱该国一季度的经济活动。
	加央行认为，鉴于各项事态发展情况，未来前景显然要差于1月份。央行方面“随时准备”进一步调整货币政策。
	包括加拿大在内的七国集团财长和央行行长3日发表联合声明说，鉴于新冠病毒疫情对全球经济的潜在影响，他们将致力于使用所有适当的政策工具来实现强劲、可持续增长，并防范经济下行风险。除了加强卫生服务的力度之外，七国集团财长随时准备采取行动，包括酌情采取财政措施，帮助应对疫情，支持经济增长；七国集团央行则将继续支持物价稳定和经济增长，同时保持金融体系的弹性。
	美联储3日宣布降息。因而加拿大央行此次跟进降息在市场预料之中。加央行下一次调息窗口期是今年4月15日。(完)
【编辑:郭佩珊】
</body></doc>