<doc><id>1446</id><url>http://www.chinanews.com/gj/2020/03-05/9114506.shtml</url><title>日本大阪1日增9例 当地两处音乐厅或出现聚集性感染</title><datetime>2020-3-5 13:19:00</datetime><body>	中新网3月5日电据日本放送协会(NHK)报道，当地时间3月4日晚间，日本大阪府政府称，当地在4日一天之内新增9例新冠肺炎确诊病例，其中3例与发生在大阪市都岛区一处演唱会现场的疑似聚集性感染有关，这3人曾于2月观看该演唱会。
	据报道，除此之外，4日当天，日本京都府、东京都以及熊本县宣布的新增确诊病例中也有人曾观看这场演唱会。目前，与该演唱会有关的确诊病例已增至15例。
	新增确诊病例中，一位30多岁的男性还曾于2月19日和2月23日在大阪市北区的另一处音乐厅逗留。包括此前确诊的感染者在内，共有4人曾在该音乐厅观看过演唱会，相关演唱会曾在2月19日举办了1场，在2月23日举办了2场。
	据悉，位于北区这家音乐厅的3场演唱会，观众总数约为170人到180人。大阪府认为，该音乐厅可能也出现了聚集性感染，为此呼吁曾在现场逗留的人员尽快与当地的“归国者·接触者咨询中心”联络。
【编辑:郭炘蔚】
</body></doc>