<doc><id>1447</id><url>http://www.chinanews.com/sh/2020/03-05/9114508.shtml</url><title>云南省无新增新冠肺炎确诊病例 累计确诊174例</title><datetime>2020-3-5 13:16:00</datetime><body>	中新网3月5日电据云南省卫健委网站消息，3月5日0时至12时，云南省无新增确诊病例。截至3月5日12时，全省累计确诊病例174例，治愈出院169例，死亡2例，现有确诊病例3例，无重症、危重症病例。现有疑似病例5例。
	各州市累计确诊病例：昆明市53例(治愈出院52例)，昭通市25例(治愈出院25例)，西双版纳州15例(治愈出院14例、死亡1例)，玉溪市14例(治愈出院13例、死亡1例)，曲靖市13例(治愈出院12例)，大理州13例(治愈出院13例)，保山市9例(治愈出院9例)，红河州9例(治愈出院9例)，丽江市7例(治愈出院7例)，德宏州5例(治愈出院4例)，普洱市4例(治愈出院4例)，楚雄州4例(治愈出院4例)，文山州2例(治愈出院2例)，临沧市1例(治愈出院1例)。
	全省129个县市区均为低风险。
【编辑:吉翔】
</body></doc>